uuid	edition	publication_link	slug	title_orig	subtitle_orig	title_eng	subtitle_eng	publication_date_year	place	libraries	source	cover	language	Author_ind	Compiler_ind	Editor_ind	Publisher_ind	Translator_ind	Author_org	Publisher_org	Translator_org
846c706f-8f81-4f65-b091-217296c7f2e3		https://tamizdatproject.org/publications/azbuka-2022-20/	azbuka-2022-20	Азбука. 2022 - 20		Azbuka. 2022 - 20		2025	Riga [Place of publication listed on title page is fictitious. Actual place of publication is unknown]	New York University | Princeton University Library | University of Pennsylvania Libraries	Andrei Bilzho. <i>Azbuka. 2022 - 20</i>. Riga: Freedom Letters, 2025.	https://tamizdatproject.org/media/publication_images/Screenshot_2026-02-14_at_00.09.51.png	Russian	Andrei Bilzho						Freedom Letters	
8dd0260d-e28f-42cd-aea9-4d4fa3c95a39		https://tamizdatproject.org/publications/hey-sokoly-ili-moi-papa-muraviev-apostol/	hey-sokoly-ili-moi-papa-muraviev-apostol	Хей, соколы! или мой папа — Муравьев-Апостол		Hey, sokoly! ili moi papa - Muraviev-Apostol		2023	Duisburg	Princeton University Library | Harvard University | Deutsche Nationalbibliothek Frankfurt am Main | Deutsche Nationalbibliothek Leipzig | Staatsbibliothek zu Berlin - Preußischer Kulturbesitz, Haus Potsdamer Straße	Anonimnyi avtor. <i>Hey, sokoly! ili moi papa - Muraviev-Apostol</i>. Duisburg: Fresh Verlag, 2023.	https://tamizdatproject.org/media/publication_images/hey-sokoly-ili-moi-papa-muraviev-apostol.jpg	Russian	Anonimnyi avtor						Fresh Verlag	
ecd9f48a-4f76-4e1e-9794-f266bc85b021		https://tamizdatproject.org/publications/50-piatdesiat/	50-piatdesiat	50 (пятьдесят)		50 (piatdesiat)		2026	Riga	Princeton University Library	Anton Dolin. <i>50 (piatdesiat)</i>. Riga: Meduza, 2026.	https://tamizdatproject.org/media/publication_images/50_dolin.png	Russian	Anton Dolin						Meduza	
3d5ee505-7d66-423c-98b2-d336c3d6143f	1	https://tamizdatproject.org/publications/alphabet_soup/	alphabet_soup	Alphabet Soup	The Translingual Sayings of Emma and Eva as Recorded by Their Father	Alphabet Soup	The Translingual Sayings of Emma and Eva as Recorded by Their Father	2026	New York	Boston College | Lafayette College	<p>Eugene Ostashevsky. <i>Alphabet Soup. The Translingual Sayings of Emma and Eva as Recorded by Their Father</i>. With an essay and poems by the author. New York - Helsinki: Tamizdat Project and Rab-Rab Press, 2026.&nbsp;</p>	https://tamizdatproject.org/media/publication_images/alphabet_soup.jpg	English	Eugene Ostashevsky						Tamizdat Project | Rab-Rab Press	
61b3de55-679c-4855-9871-1ce2aa08b306		https://tamizdatproject.org/publications/publication-8/	publication-8	Анархисты		Anarkhisty		2026	[Place Unidentified]	None	Mikhail Bokov. <i>Anarkhisty</i>. [Place Unidentified]: Freedom Letters, 2026.	https://tamizdatproject.org/media/publication_images/publication-8.jpeg	Russian	Mikhail Bokov						Freedom Letters	
189c2f9b-d3bc-407d-b5e3-abd52c491050		https://tamizdatproject.org/publications/angel-veshchei/	angel-veshchei	Ангел вещей		Angel veshchei		2026	Ozolnieki	New York University | Princeton University Library	Yanina Vishnevskaia. <i>Angel veshchei</i>. Ozolnieki: Literature without Borders, 2026.	https://tamizdatproject.org/media/publication_images/angel-veshchei.jpg	Russian	Yanina Vishnevskaia						Literature without Borders	
63bc4b22-d161-4a3e-b726-791f3ea25850		https://tamizdatproject.org/publications/cas-second-hand/	cas-second-hand	Час second-hand		Čas second-hand		2026	Vilnius	None	Svetlana Alexievich. <i>Čas second-hand</i>. Translated by Kaciaryna Macijeŭskaja. Vilnius: Pflaŭmbaŭm, 2026.	https://tamizdatproject.org/media/publication_images/chas.png	Belarusian	Svetlana Alexievich				Kaciaryna Macijeŭskaja		Pflaŭmbaŭm	
90f0c2df-5c6b-4b26-9051-4708045f75a6		https://tamizdatproject.org/publications/chernaia-rechka/	chernaia-rechka	Чёрная речка		Chernaia rechka		2026	[Place Unidentified]	None	Dmitry Bykov. <i>Chernaia rechka</i>. [Place Unidentified]: Freedom Letters, 2026.	https://tamizdatproject.org/media/publication_images/chernaia-rechka.jpeg	Russian	Dmitry Bykov						Freedom Letters	
43919f7d-488b-4bcf-828f-c41e83043098		https://tamizdatproject.org/publications/publication-7/	publication-7	Чудесным образом		Chudesnym obrazom		2026	[Place Unidentified]	None	Aleksandr Kabanov. <i>Chudesnym obrazom</i>. [Place Unidentified]: Freedom Letters, 2026.	https://tamizdatproject.org/media/publication_images/publication-7.jpeg	Russian	Aleksandr Kabanov						Freedom Letters	
396c8eb9-f2e4-4b86-a234-0413166fa4cd		https://tamizdatproject.org/publications/comme-leau-dans-un-poisson/	comme-leau-dans-un-poisson	Comme l’eau dans un poisson		Comme l’eau dans un poisson		2026	Paris	None	Daria Apakhonchich. <i>Comme l’eau dans un poisson</i>. Translated by Julie Bonin. Paris: Éditions Tourgueneff, 2026.	https://tamizdatproject.org/media/publication_images/comme_leau.png	French	Daria Apakhonchich				Julie Bonin		Éditions Tourgueneff	
c7767d9b-41cb-4c16-9c75-20110ab7ad76		https://tamizdatproject.org/publications/dendrarium-piat-sadov-zakliuchennogo-degtiageva/	dendrarium-piat-sadov-zakliuchennogo-degtiageva	Dendrarium. Пять садов заключенного Дегтярева		Dendrarium. Piat' sadov zakliuchennogo Degtiageva		2026	[Place Unidentified]	None	Alisa Kusti. <i>Dendrarium. Piat' sadov zakliuchennogo Degtiageva</i>. [Place Unidentified]: Shell(f) Publishing, 2026.	https://tamizdatproject.org/media/publication_images/dendrarium-piat-sadov-zakliuchennogo-degtiageva_Q7mbrbX.jpg	Russian	Alisa Kusti						Shell(f) Publishing	
a0f24524-8a7e-469f-9b9b-98ab8f8ea287	2	https://tamizdatproject.org/publications/devochki-i-institutsii/	devochki-i-institutsii	Девочки и институции		Devochki i institutsii		2026	Vilnius	None	Daria Serenko. <i>Devochki i institutsii</i>. Vilnius: One Book Publishing, 2026.	https://tamizdatproject.org/media/publication_images/devochki.png	Russian	Daria Serenko						One Book Publishing	
44248bf5-175e-4946-8e3c-625df3a98835		https://tamizdatproject.org/publications/dezertirka/	dezertirka	Дезертирка		Dezertirka		2026	Paris	None	Daria Apakhonchich. <i>Dezertirka</i>. Paris: Éditions Tourgueneff, 2026.	https://tamizdatproject.org/media/publication_images/dezertirka.png	Russian	Daria Apakhonchich						Éditions Tourgueneff	
8a0453d4-6b3b-46c1-97d7-eb3a25674120		https://tamizdatproject.org/publications/dostaem-dvoinye-listochki/	dostaem-dvoinye-listochki	Достаем двойные листочки		Dostaem dvoinye listochki		2026	Bratislava	Princeton University Library	Linor Goralik. <i>Dostaem dvoinye listochki</i>. Bratislava: Vidim Books, 2026.	https://tamizdatproject.org/media/publication_images/600x600-3_dK3Xtw2.jpeg	Russian	Linor Goralik						Vidim Books	
eead7140-5674-4363-8439-2e1ce1dfea03		https://tamizdatproject.org/publications/durak-v-strane-bez-neba/	durak-v-strane-bez-neba	Дурак в стране без неба		Durak v strane bez neba		2026	[Place Unidentified]	None	Igor Narovsky. <i>Durak v strane bez neba</i>. [Place Unidentified]: Freedom Letters, 2026.	https://tamizdatproject.org/media/publication_images/durak-v-strane-bez-neba.jpeg	Russian	Igor Narovsky						Freedom Letters	
91c98e02-cd18-4399-8f38-6a382cbf3efa		https://tamizdatproject.org/publications/evgeny-shvarts-sudba-skazochnika-v-epokhu-drakona/	evgeny-shvarts-sudba-skazochnika-v-epokhu-drakona	Евгений Шварц. Судьба Сказочника в эпоху Дракона		Evgeny Shvarts. Sud'ba Skazochnika v epokhu Drakona		2026	Leipzig	New York University | Princeton University Library | University of Pennsylvania Libraries | Minuteman Library Network | Harvard University | University of Toronto Group | Michigan State University Libraries | University of Washington Libraries | UC Berkeley Libraries | Zentralbibliothek Zürich	Natalia Gromova. <i>Evgeny Shvarts. Sud'ba Skazochnika v epokhu Drakona</i>. Leipzig: ISIA Media Verlag, 2026.	https://tamizdatproject.org/media/publication_images/evgenij-svarc-sud-ba-ckazocnika-v-epohu-drakona.jpg	Russian	Natalia Gromova						ISIA Media Verlag	
a00178c6-733c-4b17-8246-18c4ed550d8b		https://tamizdatproject.org/publications/fiamet/	fiamet	Фьямет		Fiamet		2026	Paris	None	Boris Leibov. <i>Fiamet</i>. Edited by Tatiana Timakova. Paris: Éditions Tourgueneff, 2026.	https://tamizdatproject.org/media/publication_images/fiamet.png	Russian	Boris Leibov		Tatiana Timakova				Éditions Tourgueneff	
98fd11a7-ab5b-4e81-ada0-d5b1fe7ecf47		https://tamizdatproject.org/publications/glaz-mukhi/	glaz-mukhi	Глаз мухи		Glaz mukhi		2026	Bratislava	None	Viktor Melamed. <i>Glaz mukhi</i>. Bratislava: Vidim Books, 2026.	https://tamizdatproject.org/media/publication_images/600x600-4_635oWNW.jpeg	Russian	Viktor Melamed						Vidim Books	
beaf2a03-6b02-4a43-b81a-69ba3db046e1		https://tamizdatproject.org/publications/gorby/	gorby	GORBY: Отборное		GORBY: Otbornoe		2026	[Place Unidentified]	None	<i>GORBY: Otbornoe</i>. [Place Unidentified]: Freedom Letters, 2026.	https://tamizdatproject.org/media/publication_images/gorby.jpeg	Russian							Freedom Letters	
34a7e7db-f3ec-4eea-8e7f-234820d094ba		https://tamizdatproject.org/publications/ia-umeiu-padat/	ia-umeiu-padat	Я умею падать		Ia umeiu padat'		2026	Riga	New York University | Princeton University Library | Harvard University | University of North Carolina at Chapel Hill. University Libraries	Natalia Krupenina. <i>Ia umeiu padat'</i>. Riga: Meduza, 2026.	https://tamizdatproject.org/media/publication_images/ya_umeiu_padat.png	Russian	Natalia Krupenina						Meduza	
8a5d17ed-fec6-40dc-bb3f-21607d3e9706		https://tamizdatproject.org/publications/iavka-strogo-obiazatelna/	iavka-strogo-obiazatelna	Явка строго обязательна		Iavka strogo obiazatelna		2026	[Place Unidentified]	None	Sasha Vasiliuk. <i>Iavka strogo obiazatelna</i>. Translated by Maksim Nemtsov. [Place Unidentified]: Freedom Letters, 2026.	https://tamizdatproject.org/media/publication_images/iavka-strogo-obiazatelna.webp	Russian	Sasha Vasiliuk				Maksim Nemtsov		Freedom Letters	
c89aadad-561a-44e7-a6a8-592dc4d7af2c		https://tamizdatproject.org/publications/inge-1/	inge-1	Инге		Inge		2026	New York	Princeton University Library	Serhiy Herman. <i>Inge</i>. New York: Virgola Press, 2026.	https://tamizdatproject.org/media/publication_images/inge-1.jpg	Russian	Serhiy Herman						Virgola Press	
694106c6-7766-4e3b-96ad-239d0d8c88d1		https://tamizdatproject.org/publications/inorodnoe-telo/	inorodnoe-telo	Инородное тело		Inorodnoe telo		2026	[Place Unidentified]	None	Elena Chernyshova. <i>Inorodnoe telo</i>. [Place Unidentified]: Shell(f) Publishing, 2026.	https://tamizdatproject.org/media/publication_images/inorodnoe-telo_jrd98P1.jpg	Russian	Elena Chernyshova						Shell(f) Publishing	
e91d5a85-536f-4590-8aa4-4cb3cfbc3370		https://tamizdatproject.org/publications/title-istoria-rossii-xix-stoletiia-tom-iii/	title-istoria-rossii-xix-stoletiia-tom-iii	История россии XIX столетия. Том III		Istoria Rossii XIX stoletiia. Tom III		2026	Bratislava	New York University | Princeton University Library | Cornell University Library | Boston College | Harvard University | Library of Congress | University of Toronto Group | Cleveland Public Library | Michigan State University Libraries | University of Illinois at Chicago Library | Tulane University | University of Alberta | UC Berkeley Libraries	Andrei Zubov. <i>Istoria Rossii XIX stoletiia. Tom III</i>. Bratislava: Vidim Books, 2026.	https://tamizdatproject.org/media/publication_images/600x600-5_VNh8peT.jpeg	Russian	Andrei Zubov						Vidim Books	
9cae2d3e-c1d0-4b0f-b267-fc687d15b9f5		https://tamizdatproject.org/publications/istoria-rossii-xix-stoletia-tom-iv/	istoria-rossii-xix-stoletia-tom-iv	История России XIX столетия. Том IV		Istoria Rossii XIX stoletiia. Tom IV		2026	Bratislava	None	Andrei Zubov. <i>Istoria Rossii XIX stoletiia. Tom IV</i>. Bratislava: Vidim Books, 2026.	https://tamizdatproject.org/media/publication_images/600x600_wPJp4WJ.jpeg	Russian	Andrei Zubov						Vidim Books	
44fd96ea-6ccb-4e64-a872-abf8e37f4865		https://tamizdatproject.org/publications/kak-vygliadit-smert/	kak-vygliadit-smert	Как выглядит смерть		Kak vygliadit smert'		2026	Warsaw	Princeton University Library | Zentralbibliothek Zürich | National Library of Poland, Biblioteka Narodowa	Dmitry Strotsev. <i>Kak vygliadit smert'</i>. Warsaw: Miane Niama, 2026.	https://tamizdatproject.org/media/publication_images/kak_vygliadit_smert.png	Russian	Dmitry Strotsev						Miane Niama	
60981cfe-0247-4807-8916-68645c42d003		https://tamizdatproject.org/publications/kharbinskie-motylki/	kharbinskie-motylki	Харбинские мотыльки		Kharbinskie motylki		2026	Bratislava	Princeton University Library	Andrei Ivanov. <i>Kharbinskie motylki</i>. Bratislava: Vidim Books, 2026.	https://tamizdatproject.org/media/publication_images/600x600-7_w2GjepT.jpeg	Russian	Andrei Ivanov						Vidim Books	
11741fff-9892-4429-9166-05e213a635ea	1	https://tamizdatproject.org/publications/klub-khodiachikh-katastrof/	klub-khodiachikh-katastrof	Клуб ходячих катастроф		Klub khodiachikh katastrof		2026	[Place Unidentified]	None	Kathryn Stockett. <i>Klub khodiachikh katastrof</i>. Translated by Varvara Babitskaia. [Place Unidentified]: One Book Publishing, 2026.	https://tamizdatproject.org/media/publication_images/klub_khod.png	Russian	Kathryn Stockett				Varvara Babitskaia		One Book Publishing	
9a8eda97-8a85-4de7-8af2-a15977667939		https://tamizdatproject.org/publications/30/	30	Колискова по Маріуполю. 30 снів без пробудження		Kolyskova po Mariupolu. 30 sniv bez probudzhennya		2026	[Place Unidentified]	None	Aleksandra Krashevskaia. <i>Kolyskova po Mariupolu. 30 sniv bez probudzhennya</i>. [Place Unidentified]: Freedom Letters, 2026.	https://tamizdatproject.org/media/publication_images/30.jpeg	Ukrainian	Aleksandra Krashevskaia						Freedom Letters	
dabcbfbf-dbc5-4e4e-999a-670f2079f8d5		https://tamizdatproject.org/publications/kozha-vremeni/	kozha-vremeni	Кожа времени		Kozha vremeni		2026	[Place Unidentified]	None	Aleksandr Genis. <i>Kozha vremeni</i>. [Place Unidentified]: Freedom Letters, 2026.	https://tamizdatproject.org/media/publication_images/kozha-vremeni.webp	Russian	Aleksandr Genis						Freedom Letters	
e1029613-c65c-4cf7-a847-6105b303a164	2	https://tamizdatproject.org/publications/krasnaia-kniga/	krasnaia-kniga	Красная книга		Krasnaia kniga		2026	New York	New York University | Boston College | Harvard University	<p>Polina Barskova. <i>Krasnaia kniga</i>. 2 ed. New York: Tamizdat Project, 2026.&nbsp;</p>	https://tamizdatproject.org/media/publication_images/Screen_Shot_2026-04-07_at_1.21.49_PM.png	Russian	Polina Barskova						Tamizdat Project	
0db87365-49a0-4e08-be7e-71b6165e3def		https://tamizdatproject.org/publications/kriptopopulist/	kriptopopulist	Криптопопулист		Kriptopopulist		2026	[Place Unidentified]	None	Nikolai Kononov. <i>Kriptopopulist</i>. [Place Unidentified]: Freedom Letters, 2026.	https://tamizdatproject.org/media/publication_images/kriptopopulist.jpeg	Russian	Nikolai Kononov						Freedom Letters	
7ae7c8bb-ea7b-44d4-bb2e-d931d168a8bf		https://tamizdatproject.org/publications/kryk-na-terykonie/	kryk-na-terykonie	Крык на тэрыконе		Kryk na terykonie		2026	Berlin	Universitätsbibliothek Bern	Maksym Kryvtsov. <i>Kryk na terykonie</i>. Edited by Ales Plotka. Berlin: hochroth Minsk, 2026.	https://tamizdatproject.org/media/publication_images/Kryvtsov.png	Belarusian	Maksym Kryvtsov		Ales Plotka				hochroth Minsk	
82f9ba7b-11c4-4307-b463-1889671aa877		https://tamizdatproject.org/publications/legenda-o-karagai/	legenda-o-karagai	Легенда о Карагай	Роман в 40 некрологах	Legenda o Karagai	Roman v 40 nekrologakh	2026	Tel Aviv	New York University | Columbia University in the City of New York | BCCLS | Princeton University Library	Mikhail Kaluzhsky. <i>Legenda o Karagai</i>. Tel Aviv: Babel Books Tel Aviv, 2026.	https://tamizdatproject.org/media/publication_images/karagai.jpeg	Russian	Mikhail Kaluzhsky						Babel Books Tel Aviv	
d3609b25-6862-4101-9afd-96813b7b3225		https://tamizdatproject.org/publications/publication-2/	publication-2	Личное		Lichnoe		2026	Riga [Place of publication listed on title page is fictitious. Actual place of publication is unknown]	Staats- und Universitätsbibliothek Bremen | Staatsbibliothek zu Berlin - Preußischer Kulturbesitz, Haus Potsdamer Straße	Aleksandr Genis. <i>Lichnoe</i>. Riga: Freedom Letters, 2026.	https://tamizdatproject.org/media/publication_images/publication-2.jpeg	Russian	Aleksandr Genis						Freedom Letters	
4e1022c8-9dda-4fab-ba75-60065783658c		https://tamizdatproject.org/publications/maria-ili-mozhet-byt-anna/	maria-ili-mozhet-byt-anna	Мария или, может быть, Анна		Maria ili, mozhet byt', Anna		2026	Ozolnieki	Princeton University Library	Larisa Joonas. <i>Maria ili, mozhet byt', Anna</i>. Ozolnieki: Literature without Borders, 2026.	https://tamizdatproject.org/media/publication_images/maria-ili-mozhet-byt-anna.jpg	Russian	Larisa Joonas						Literature without Borders	
18924e92-3f09-4fb2-94af-fa078beacf20		https://tamizdatproject.org/publications/m-kuzmin-kody-tvorchestva/	m-kuzmin-kody-tvorchestva	М. Кузмин: Коды творчества		M. Kuzmin: Kody tvorchestva		2026	Frankfurt am Main	None	Aleksandr Timofeev. <i>M. Kuzmin: Kody tvorchestva</i>. Frankfurt am Main: Esterum Publishing, 2026.	https://tamizdatproject.org/media/publication_images/m-kuzmin-kody-tvorchestva_el3CAFo.jpg	Russian	Aleksandr Timofeev						Esterum Publishing	
d04fe638-b105-422f-8626-682a6caabbf9		https://tamizdatproject.org/publications/na-hlu-niezalieznasci/	na-hlu-niezalieznasci	на углу Незалежнасці		na łhlu Niezaliežnasci		2026	Warsaw	Zentralbibliothek Zürich | National Library of Poland, Biblioteka Narodowa	Toni Lashden. <i>na łhlu Niezaliežnasci</i>. Warsaw: Miane Niama, 2026.	https://tamizdatproject.org/media/publication_images/nezalezhnosti.png	Russian	Toni Lashden						Miane Niama	
4306bdf8-2682-48fb-95c6-3d09b270b21a		https://tamizdatproject.org/publications/neizvestnoe-cherez-neizvestnoe/	neizvestnoe-cherez-neizvestnoe	Неизвестное через неизвестное		Neizvestnoe cherez neizvestnoe		2026	Ozolnieki	None	Ivan Barno. <i>Neizvestnoe cherez neizvestnoe</i>. Ozolnieki: Literature without Borders, 2026.	https://tamizdatproject.org/media/publication_images/neizvestnoe-cherez-neizvestnoe.jpg	Russian	Ivan Barno						Literature without Borders	
9e0d2528-581b-417a-a868-54aafb0faf03		https://tamizdatproject.org/publications/normalnyi-malchik/	normalnyi-malchik	Нормальный мальчик	Как я был геем в России	Normal'nyi malchik	Kak ia byl geem v Rossii	2026	Bratislava	Princeton University Library	Miloslav Chemodanov. <i>Normal'nyi malchik</i>. Bratislava: Vidim Books, 2026.	https://tamizdatproject.org/media/publication_images/600x600-6_OgUq4Lx.jpeg	Russian	Miloslav Chemodanov						Vidim Books	
29a1b75b-31f3-4372-a97a-2d015a64ce8c		https://tamizdatproject.org/publications/nuar/	nuar	Нуар		Nuar		2026	Paris	None	Dmitry Makarov. <i>Nuar</i>. Paris: Éditions Tourgueneff, 2026.	https://tamizdatproject.org/media/publication_images/nuar.png	Russian	Dmitry Makarov						Éditions Tourgueneff	
468cea43-d009-49a6-b943-6b868f912b31		https://tamizdatproject.org/publications/okhota-na-snarka/	okhota-na-snarka	Охота на Снарка		Okhota na Snarka		2026	New York	Boston College	Lewis Carroll. <i>Okhota na Snarka</i>. Translated by Vladimir Gandelsman. New York: Virgola Press, 2026.	https://tamizdatproject.org/media/publication_images/okhota-na-snarka.jpg	Russian	Lewis Carroll				Vladimir Gandelsman		Virgola Press	
a71ac372-bb82-4f84-b44a-3294f580f441		https://tamizdatproject.org/publications/ot-35-do-z/	ot-35-do-z	От 3+5 до Z	Язык одной войны	Ot 3+5 do Z	Iazyk odnoi voiny	2026	Neukirchen-Vluyn	New York University | Columbia University in the City of New York | Princeton University Library | University of Pennsylvania Libraries | University of California, Los Angeles | Bibliothèque cantonale et universitaire - Lausanne, site Unithèque | Staatsbibliothek zu Berlin - Preußischer Kulturbesitz, Haus Potsdamer Straße	Sergei Girin. <i>Ot 3+5 do Z</i>. Neukirchen-Vluyn: Fresh Verlag, 2026.	https://tamizdatproject.org/media/publication_images/5266953702.jpg	Russian	Sergei Girin						Fresh Verlag	
9c369b96-c29b-4b87-99f2-c2de0965f15a		https://tamizdatproject.org/publications/ozarenie-molnii/	ozarenie-molnii	Озарения молнии	Правдивая история шамана Александра Габышева, который хотел, но не смог изгнать демона из Кремля	Ozarenie molnii	Pravdivaiia istoriia shamana Aleksandra Gabysheva, kotoryi khotel, no ne smog izgnat' demona iz Kremlia	2026	Tel Aviv	New York University | Princeton University Library | University of Pennsylvania Libraries	Mikhail Bashkirov. <i>Ozarenie molnii</i>. Tel Aviv: Babel Books Tel Aviv, 2026.	https://tamizdatproject.org/media/publication_images/bashkirov.png	Russian	Mikhail Bashkirov						Babel Books Tel Aviv	
d1f682a5-ae23-4260-86b8-3dcdbdc5499f	1	https://tamizdatproject.org/publications/peizazas-su-polifemu/	peizazas-su-polifemu	Пейзаж с Полифемом		Peizažas su Polifemu		2026	New York	New York University | Boston College | Harvard University	<p>Томас Венцлова. <i>Пейзаж с Полифемом</i>. Перевод с литовского Марины Войцкой, Анны Глуховой, Анны Гальберштадт и Георгия Ефремова. Предисловие Полины Барсковой. Нью-Йорк: Tamizdat Project, 2026.&nbsp;</p>	https://tamizdatproject.org/media/publication_images/Screen_Shot_2026-04-14_at_11.40.56_AM.png	Lithuanian | Russian	Tomas Venclova				Anna Halberstadt | Marina Vojckaya | Georgy Efremov | Anna Glukhova		Tamizdat Project	
b86d4665-bd5a-4454-a80d-4282518d3358		https://tamizdatproject.org/publications/piesy/	piesy	Пьесы		Piesy		2026	Paris	None	Alexei Paperny. <i>Piesy</i>. Paris: Éditions Tourgueneff, 2026.	https://tamizdatproject.org/media/publication_images/piesy_papernyi.png	Russian	Alexei Paperny						Éditions Tourgueneff	
3132b805-fd79-4863-81c2-16bc2a2eb96e		https://tamizdatproject.org/publications/poezd-na-bali/	poezd-na-bali	Поезд на Бали		Poezd na Bali		2026	[Place Unidentified]	None	Evgenia Ursu. <i>Poezd na Bali</i>. [Place Unidentified]: Freedom Letters, 2026.	https://tamizdatproject.org/media/publication_images/poezd-na-bali.jpeg	Russian	Evgenia Ursu						Freedom Letters	
6a021ebc-9781-49c9-9dbe-8a00bf1b6c59		https://tamizdatproject.org/publications/pogovorim-molchaniiami/	pogovorim-molchaniiami	Поговорим молчаниями		Pogovorim molchaniiami		2026	New York	Boston College	Katia Kapovich. <i>Pogovorim molchaniiami</i>. New York: Virgola Press, 2026.	https://tamizdatproject.org/media/publication_images/pogovorim-molchaniiami.jpg	Russian	Katia Kapovich						Virgola Press	
79d24a85-c522-41ee-affc-e6f12d40f927		https://tamizdatproject.org/publications/pol-eto-ne-lava/	pol-eto-ne-lava	Пол это не лава		Pol eto ne lava		2026	Ozolnieki	New York University | Princeton University Library	Anastasia Elizarieva. <i>Pol eto ne lava</i>. Ozolnieki: Literature without Borders, 2026.	https://tamizdatproject.org/media/publication_images/pol-eto-ne-lava.jpg	Russian	Anastasia Elizarieva						Literature without Borders	
5a9a1c90-4d63-4533-9988-d12ca9a9e169		https://tamizdatproject.org/publications/politicheskaia/	politicheskaia	Политическая. Как выжить (в) из России		Politicheskaia. Kak vyzhit' (v) iz Rossii		2026	Riga	New York University | Princeton University Library | Harvard University | University of North Carolina at Chapel Hill. University Libraries | Universitätsbibliothek Bern | Zentralbibliothek Zürich | Freie Universität Berlin, Universitätsbibliothek, Zentralbibliothek	Maria Alyokhina. <i>Politicheskaia. Kak vyzhit' (v) iz Rossii</i>. Riga: Meduza, 2026.	https://tamizdatproject.org/media/publication_images/politicheskaya.png	Russian	Maria Alyokhina						Meduza	
a7dc9e5c-21eb-4943-baa6-b685c19064b0		https://tamizdatproject.org/publications/politicheskaia-tochka-nevozvrata/	politicheskaia-tochka-nevozvrata	Политическая. Точка невозврата		Politicheskaia. Tochka nevozvrata		2026	Riga		Maria Alyokhina. <i>Politicheskaia. Tochka nevozvrata</i>. Riga: Meduza, 2026.	https://tamizdatproject.org/media/publication_images/politicheskaya_2.png	Russian	Maria Alyokhina						Meduza	
1ea95fe9-6746-47e7-acc4-92bde22052fa		https://tamizdatproject.org/publications/polnoe-sobranie-stikhotvorenii/	polnoe-sobranie-stikhotvorenii	Полное собрание стихотворений		Polnoe sobranie stikhotvorenii		2026	New York	New York University | Princeton University Library	Georg Trakl. <i>Polnoe sobranie stikhotvorenii</i>. Translated by Aloysha Prokopiev. New York: Virgola Press, 2026.	https://tamizdatproject.org/media/publication_images/polnoe-sobranie-stikhotvorenii.jpg	Russian	Georg Trakl				Aloysha Prokopiev		Virgola Press	
c96e443c-2321-4b27-8e52-a1bfef86c2be		https://tamizdatproject.org/publications/poniatiia/	poniatiia	Понятия		Poniatiia		2026	[Place Unidentified]	None	Leonid Nikitinsky. <i>Poniatiia</i>. [Place Unidentified]: Freedom Letters, 2026.	https://tamizdatproject.org/media/publication_images/poniatiia.jpeg	Russian	Leonid Nikitinsky						Freedom Letters	
c7d68535-7522-4b45-b647-5c5c2e15d211		https://tamizdatproject.org/publications/pozhaluista-zhivi/	pozhaluista-zhivi	Пожалуйста, живи	Чеченские войны, мама и я	Pozhaluista, zhivi	Chechenskie voiny, mama i ia	2026	Riga	None	Lana Estemirova. <i>Pozhaluista, zhivi</i>. Riga: Meduza, 2026.	https://tamizdatproject.org/media/publication_images/pozhaluista_zhivi.png	Russian	Lana Estemirova						Meduza	
fc73dab5-ab74-4729-b41b-bc41c19c4fc4		https://tamizdatproject.org/publications/pozvonki/	pozvonki	Позвонки		Pozvonki		2026	Ozolnieki	Princeton University Library	Luiba Makarevskaia. <i>Pozvonki</i>. Ozolnieki: Literature without Borders, 2026.	https://tamizdatproject.org/media/publication_images/pozvonki.jpg	Russian	Luiba Makarevskaia						Literature without Borders	
59069fbf-8f4e-4f63-a946-7b56e2ae5547		https://tamizdatproject.org/publications/pra-calaviecnasc-u-ciomnyja-casy/	pra-calaviecnasc-u-ciomnyja-casy	Пра чалавечнасць у цёмныя часы		Pra čalaviečnasć u ciomnyja časy		2026	Vilnius	None	Hanna Arendt. <i>Pra čalaviečnasć u ciomnyja časy</i>. Translated by Kaciaryna Tevies, Volha Hronskaja, Alena Piatrovič, Alena Talapila. Vilnius: Pflaŭmbaŭm, 2026.	https://tamizdatproject.org/media/publication_images/arendt.png	Belarusian	Hanna Arendt				Kaciaryna Tevies | Volha Hronskaja | Alena Piatrovič | Alena Talapila		Pflaŭmbaŭm	
762cd98f-9b94-4e11-a443-2c1809eb85a4		https://tamizdatproject.org/publications/preemnik/	preemnik	Преемник	История Бориса Немцова и страны, в которой он не стал президентом	Preemnik	Istoriia Borisa Nemtsova i strany, v kotoroi on ne stal prezidentom	2026	[Place Unidentified]	Princeton University Library	Mikhail Fishman. <i>Preemnik</i>. [Place Unidentified]: BAbook, 2026.	https://tamizdatproject.org/media/publication_images/preemnik-min-2.png	Russian	Mikhail Fishman						BAbook	
93bb6467-4378-48f3-9a40-0acc6225c5bb		https://tamizdatproject.org/publications/priemnyi-krai/	priemnyi-krai	Приемный Край		Priemnyi krai		2026	New York	New York University | Princeton University Library | Minuteman Library Network	Lena Bernson. <i>Priemnyi krai</i>. New York: Virgola Press, 2026.	https://tamizdatproject.org/media/publication_images/priemnyi-krai.jpeg	Russian	Lena Bernson						Virgola Press	
90b74b5d-ffb2-4b0b-b12d-39fbd1e66bc9		https://tamizdatproject.org/publications/proza/	proza	Проза		Proza		2026	New York	New York University	Sergei Gandlevsky. <i>Proza</i>. New York: Virgola Press, 2026.	https://tamizdatproject.org/media/publication_images/proza.jpg	Russian	Sergei Gandlevsky						Virgola Press	
433752af-1c72-47f0-815c-c000c3d5a9ce		https://tamizdatproject.org/publications/ptitsy-ukhodiat/	ptitsy-ukhodiat	Птицы Уходят		Ptitsy ukhodiat		2026	New York	New York University | Princeton University Library	Aleksandr Delfinov. <i>Ptitsy ukhodiat</i>. New York: Virgola Press, 2026.	https://tamizdatproject.org/media/publication_images/ptitsy-ukhodiat.jpg	Russian	Aleksandr Delfinov						Virgola Press	
8ee01f63-1dc7-409b-8e08-d638ddc0c080		https://tamizdatproject.org/publications/riot-days/	riot-days	Riot Days		Riot Days		2026	Riga	None	Maria Alyokhina. <i>Riot Days</i>. Riga: Meduza, 2026.	https://tamizdatproject.org/media/publication_images/riot_days.png	Russian	Maria Alyokhina						Meduza	
40468522-bebc-4eef-b469-04161f22155f		https://tamizdatproject.org/publications/roman-neotpravlennykh-pisem/	roman-neotpravlennykh-pisem	Роман неотправленных писем		Roman neotpravlennykh pisem		2026	[Place Unidentified]	None	Sorin Brut. <i>Roman neotpravlennykh pisem</i>. [Place Unidentified]: Freedom Letters, 2026.	https://tamizdatproject.org/media/publication_images/roman-neotpravlennykh-pisem.jpeg	Russian	Sorin Brut						Freedom Letters	
1991d666-fdf4-4f9a-ab03-5b7117e0ccd2		https://tamizdatproject.org/publications/shokingkult/	shokingkult	ШокингКульт	Книга перемен	ShokingKul't	Kniga peremen	2026	Warsaw	None	Maksim Zhbankov. <i>ShokingKul't</i>. Warsaw: Miane Niama, 2026.	https://tamizdatproject.org/media/publication_images/shokingkult.png	Russian	Maksim Zhbankov						Miane Niama	
3b782a59-c456-4ccf-923b-75cd99bc1047		https://tamizdatproject.org/publications/sini-dom-maja-historyja-viciebska/	sini-dom-maja-historyja-viciebska	Сіні дом. Мая гісторыя Віцебска		Sini dom. Maja historyja Viciebska		2026	Warsaw	Zentralbibliothek Zürich | National Library of Poland, Biblioteka Narodowa	Alena Piatrovič. <i>Sini dom. Maja historyja Viciebska</i>. Warsaw: Miane Niama, 2026.	https://tamizdatproject.org/media/publication_images/sini_dom.png	Belarusian	Alena Piatrovič						Miane Niama	
062d238c-956b-4e88-9e1d-f406ec82e4fc		https://tamizdatproject.org/publications/skazhi-mne-vetka-palestiny-kniga-ii/	skazhi-mne-vetka-palestiny-kniga-ii	«Скажи мне, ветка Палестины…». Книга II	Палестинская ветвь русской истории и культуры	Skazhi mne, vetka Palestiny... Kniga II	Palestinskaia vetv' russkoi istorii i kultury	2026	Frankfurt am Main	New York University | Princeton University Library | University of Pennsylvania Libraries | Harvard University	<i>Skazhi mne, vetka Palestiny... Kniga II</i>. Edited by Vladimir Khazan. Frankfurt am Main: Esterum Publishing, 2026.	https://tamizdatproject.org/media/publication_images/skazhi-mne-vetka-palestiny-kniga-ii_0mZuVrI.jpg	Russian			Vladimir Khazan				Esterum Publishing	
505e8f83-adc3-4f24-8c2f-89ef9f930877		https://tamizdatproject.org/publications/sliaza-i-kamen/	sliaza-i-kamen	Сляза і камень		Sliaza i kamen'		2026	Berlin	None	Ihar Babkoŭ. <i>Sliaza i kamen'</i>. Berlin: hochroth Minsk, 2026.	https://tamizdatproject.org/media/publication_images/sliaza_i_kamen.png	Belarusian	Ihar Babkoŭ						hochroth Minsk	
d48413dc-d13f-49e5-946d-013507ca6c8a		https://tamizdatproject.org/publications/sotvorenie-form/	sotvorenie-form	Сотворение форм		Sotvorenie form		2026	Ozolnieki	New York University | Princeton University Library	Artem Belov. <i>Sotvorenie form</i>. Ozolnieki: Literature without Borders, 2026.	https://tamizdatproject.org/media/publication_images/sotvorenie-form.jpg	Russian	Artem Belov						Literature without Borders	
4dac4924-896a-4302-9913-4ff4665f643b		https://tamizdatproject.org/publications/spisok-vsekh-ee-glupostei/	spisok-vsekh-ee-glupostei	Список всех её глупостей		Spisok vsekh ee glupostei		2026	Ozolnieki	New York University | Princeton University Library	Vika Lomivorotova. <i>Spisok vsekh ee glupostei</i>. Ozolnieki: Literature without Borders, 2026.	https://tamizdatproject.org/media/publication_images/spisok-vsekh-ee-glupostei.jpg	Russian	Vika Lomivorotova						Literature without Borders	
7c66b7ab-a5d9-45e7-8101-533e0475ffb6		https://tamizdatproject.org/publications/svobodnyi-filosof-piatigorsky/	svobodnyi-filosof-piatigorsky	Свободный философ Пятигорский		Svobodnyi filosof Piatigorsky		2026	Yerevan	Universitätsbibliothek Bamberg | Freie Universität Berlin, Universitätsbibliothek, Zentralbibliothek	Aleksand Piatigorsky. <i>Svobodnyi filosof Piatigorsky</i>. Edited by Kirill Kobrin. Yerevan: Common Ground, 2026.	https://tamizdatproject.org/media/publication_images/Screenshot_2026-02-15_at_01.38.00.png	Russian	Aleksand Piatigorsky		Kirill Kobrin				Common Ground	
549d5550-eeb6-4c6e-9631-8d1b0e6ba353		https://tamizdatproject.org/publications/tanets-zakata-s-benzopiloi/	tanets-zakata-s-benzopiloi	Танец заката с бензопилой		Tanets zakata s benzopiloi		2026	Ozolnieki	None	Mikhail Postnikov. <i>Tanets zakata s benzopiloi</i>. Ozolnieki: Literature without Borders, 2026.	https://tamizdatproject.org/media/publication_images/tanets-zakata-s-benzopiloi.jpg	Russian	Mikhail Postnikov						Literature without Borders	
f0db32c8-c0c3-4c50-8490-d0884c8d1d5e		https://tamizdatproject.org/publications/the-disappearing-act/	the-disappearing-act	The Disappearing Act		The Disappearing Act		2026	London	None	<p>Maria Stepanova. The Disappearing Act. Tr. by Sasha Dugdale. Fitzcarraldo Editions: London, 2026.</p>	https://tamizdatproject.org/media/publication_images/81QkHqzisBL._AC_UF8941000_QL80_.jpg	English	Maria Stepanova				Sasha Dugdale		Fitzcarraldo Editions	
ee494fd3-0082-4e47-bc53-9dce970ca500	1	https://tamizdatproject.org/publications/the-twenties/	the-twenties	The Twenties		The Twenties		2026	Helsinki	None	Varlam Shalamov. <i>The Twenties</i>. Edited by Cathy Porter. Translated by Cathy Porter. Helsinki: Rab-Rab Press, 2026.	https://tamizdatproject.org/media/publication_images/twenties.png	English	Varlam Shalamov		Cathy Porter		Cathy Porter		Rab-Rab Press	
5e7b40e3-3fef-429b-923e-0fcc930e573b		https://tamizdatproject.org/publications/treshachok-i-krinzhatina/	treshachok-i-krinzhatina	Трэшачок и кринжанина		Treshachok i krinzhatina		2026	[Place Unidentified]	None	Ksenia Buksha. <i>Treshachok i krinzhatina</i>. [Place Unidentified]: Freedom Letters, 2026.	https://tamizdatproject.org/media/publication_images/treshachok-i-krinzhatina.jpeg	Russian	Ksenia Buksha						Freedom Letters	
a51ed2a3-8e23-472d-8b0c-36ae33c01cf6		https://tamizdatproject.org/publications/tridtsataia-liubov-mariny/	tridtsataia-liubov-mariny	Тридцатая любовь Марины		Tridtsataia liubov' Mariny		2026	[Place Unidentified]	None	Vladimir Sorokin. <i>Tridtsataia liubov' Mariny</i>. [Place Unidentified]: Freedom Letters, 2026.	https://tamizdatproject.org/media/publication_images/tridtsataia-liubov-mariny.jpeg	Russian	Vladimir Sorokin						Freedom Letters	
670911b8-dfa2-4b0b-a233-2ea36332247f		https://tamizdatproject.org/publications/tserkovnyi-avtostop/	tserkovnyi-avtostop	Церковный автостоп		Tserkovnyi avtostop		2026	Bratislava	None	Ksenia Luchenko, Alexei Uminsky. <i>Tserkovnyi avtostop</i>. Bratislava: Vidim Books, 2026.	https://tamizdatproject.org/media/publication_images/600x600-2_0KDdsWn.jpeg	Russian	Ksenia Luchenko | Alexei Uminsky						Vidim Books	
e1293563-8fb5-4952-93a3-691ddacb96be		https://tamizdatproject.org/publications/ugolovka/	ugolovka	Уголовка		Ugolovka		2026	[Place Unidentified]	None	Igor Zolotaryov. <i>Ugolovka</i>. [Place Unidentified]: Freedom Letters, 2026.	https://tamizdatproject.org/media/publication_images/ugolovka.jpeg	Russian	Igor Zolotaryov						Freedom Letters	
7d8e88ec-8fb2-4d3e-879e-ea13ad0f9291		https://tamizdatproject.org/publications/verevki-v-bolote/	verevki-v-bolote	Верёвки в болоте		Verevki v bolote		2026	Ozolnieki	Princeton University Library	Lev Oborin. <i>Verevki v bolote</i>. Ozolnieki: Literature without Borders, 2026.	https://tamizdatproject.org/media/publication_images/verevki-v-bolote.jpg	Russian	Lev Oborin						Literature without Borders	
9a1ab9dd-f63f-4053-a13e-b5b15fd917f6		https://tamizdatproject.org/publications/veshchichki-bolshie-i-makye/	veshchichki-bolshie-i-makye	Вещички большие и малые		Veshchichki bolshie i makye		2026	[Place Unidentified]	None	Anya Makeeva. <i>Veshchichki bolshie i makye</i>. [Place Unidentified]: Shell(f) Publishing, 2026.	https://tamizdatproject.org/media/publication_images/veshchichki-bolshie-i-makye_be2mGKU.jpg	Russian	Anya Makeeva						Shell(f) Publishing	
ca13be28-b615-495b-8ed2-9e33508483f7		https://tamizdatproject.org/publications/viartannie_u_astroh/	viartannie_u_astroh	Вяртанне ў Астрог		Viartannie ŭ Astroh		2026	Kraków	National Library of Poland, Biblioteka Narodowa	Sasha Filipenko. <i>Viartannie ŭ Astroh</i>. Translated by Jaŭhienija Kaviačynskaja. Kraków: Gutenberg, 2026.	https://tamizdatproject.org/media/publication_images/vyartanne.png	Belarusian	Sasha Filipenko				Jaŭhienija Kaviačynskaja		Gutenberg	
dcf5a2cc-aaf8-4a20-a089-a1b421824f20		https://tamizdatproject.org/publications/vladislav-khodasevich-izbrannoe/	vladislav-khodasevich-izbrannoe	Владислав Ходасевич. Избранное		Vladislav Khodasevich. Izbrannoe		2026	Paris	None	Vladislav Khodasevich. <i>Vladislav Khodasevich. Izbrannoe</i>. Edited by Dmitry Vedeniapin. Paris: Éditions Tourgueneff, 2026.	https://tamizdatproject.org/media/publication_images/khodasevich_izbrannoe.png	Russian	Vladislav Khodasevich		Dmitry Vedeniapin				Éditions Tourgueneff	
1b67952f-e88b-422f-b888-e3c3c49ec0c2		https://tamizdatproject.org/publications/v-marshrutke-taianiia/	v-marshrutke-taianiia	В маршрутке таяния		V marshrutke taianiia		2026	Ozolnieki	None	Uliana Baranova. <i>V marshrutke taianiia</i>. Ozolnieki: Literature without Borders, 2026.	https://tamizdatproject.org/media/publication_images/v-marshrutke-taianiia.jpg	Russian	Uliana Baranova						Literature without Borders	
50c2cb23-c6f7-4e4b-9504-a2ead95f67b9		https://tamizdatproject.org/publications/vremeni-net-est-buket-kolokolchikov/	vremeni-net-est-buket-kolokolchikov	Времени нет  — eсть букет колокольчиков		Vremeni net — est' buket kolokolchikov		2026	Bratislava	New York University | Princeton University Library | Yale University Library | University of Pennsylvania Libraries | Michigan State University Libraries | University of Illinois at Urbana Champaign | Pierce County Library System | BNUS - Bibliotheque Nationale Universitaire de Strasbourg	Ludmila Petrushevskaia. <i>Vremeni net — est' buket kolokolchikov</i>. Bratislava: Vidim Books, 2026.	https://tamizdatproject.org/media/publication_images/petrush.jpg	Russian	Ludmila Petrushevskaia						Vidim Books	
f4574978-9165-4a92-b281-6b265ccfc3a6	2	https://tamizdatproject.org/publications/vsem-iran/	vsem-iran	Всем Иран		Vsem Iran		2026	Riga	Princeton University Library	Nikita Smagin. <i>Vsem Iran</i>. Riga: Meduza, 2026.	https://tamizdatproject.org/media/publication_images/vsem_iran.png	Russian	Nikita Smagin						Meduza	
00487612-f9ed-4df4-be2e-e345bf7db95f		https://tamizdatproject.org/publications/zerkalo/	zerkalo	Зеркало		Zerkalo		2026	New York	New York University | Princeton University Library	Lera Auerbach. <i>Zerkalo</i>. New York: Virgola Press, 2026.	https://tamizdatproject.org/media/publication_images/zerkalo.jpg	Russian	Lera Auerbach						Virgola Press	
dd403137-3ca7-4b9b-9f45-aa5c49a89c5a		https://tamizdatproject.org/publications/zimnii-korabl/	zimnii-korabl	Зимний Корабль		Zimnii korabl'		2026	New York	New York University | Princeton University Library | Boston College | Dartmouth Library | Emory University | University of Wisconsin - Madison General Library System | University of Minnesota, Twin Cities | University of Minnesota Batchload | University of Kansas | Los Angeles Public Library | University of California, Los Angeles | UC Berkeley Libraries	David Shrayer-Petrov. <i>Zimnii korabl'</i>. Edited by Maxim Shrayer. New York: Virgola Press, 2026.	https://tamizdatproject.org/media/publication_images/zimnii-korabl.jpg	Russian	David Shrayer-Petrov		Maxim Shrayer				Virgola Press	
66e91534-ae87-45e3-9464-9015b55aee0e		https://tamizdatproject.org/publications/zungenbrecher/	zungenbrecher	Zungenbrecher		Zungenbrecher		2026	[Place Unidentified]	None	Karina Papp. <i>Zungenbrecher</i>. [Place Unidentified]: Shell(f) Publishing, 2026.	https://tamizdatproject.org/media/publication_images/zungenbrecher_253a25c.jpg	Russian	Karina Papp						Shell(f) Publishing	
7621effe-adbd-443b-8d89-4ebaec02b6ac	1	https://tamizdatproject.org/publications/12-ili-13-istorii/	12-ili-13-istorii	12 или 13 историй		12 ili 13 istorii		2025	Paris	New York University | Princeton University Library | Yale University Library | University of Pennsylvania Libraries | Bibliothèque nationale de France	Daria Apakhonchich. <i>12 ili 13 istorii</i>. Paris: Éditions Tourgueneff, 2025.	https://tamizdatproject.org/media/publication_images/12-ili-13-istorii_MUZWObj.png	Russian	Daria Apakhonchich						Éditions Tourgueneff	
095b2e7b-b357-47c1-810b-8d777b3b11e4		https://tamizdatproject.org/publications/23/	23	2/3		2/3		2025	Berlin	None	Felix Aksentsev. <i>2/3</i>. Edited by Siarhiej Šupa. Berlin: hochroth Minsk, 2025.	https://tamizdatproject.org/media/publication_images/Снимок-экрана-2025-09-10-в-16.28.43.png	Belarusian | Russian	Felix Aksentsev		Siarhiej Šupa				hochroth Minsk	
cd64aefc-a345-4ea5-899f-dbdc73b78d3c		https://tamizdatproject.org/publications/aaa/	aaa	ААА	Роман в трех выдохах	AAA	Roman v trekh vydokhakh	2025	Paris	New York University | Princeton University Library | University of Pennsylvania Libraries | Boston College	Andrei Gelianov. <i>AAA</i>. Paris: Éditions Tourgueneff, 2025.	https://tamizdatproject.org/media/publication_images/aaa.png	Russian	Andrei Gelianov						Éditions Tourgueneff	
25916fe3-bc0a-4e27-80d2-6d80f0747e60		https://tamizdatproject.org/publications/ak-bure-krymskotatarskaia-saga/	ak-bure-krymskotatarskaia-saga	Ак Буре. Крымскотатарская сага		Ak Bure. Krymskotatarskaia saga		2025	Neukirchen-Vluyn	New York University | BCCLS | Princeton University Library | University of Pennsylvania Libraries	Renat Bekkin. <i>Ak Bure. Krymskotatarskaia saga</i>. Neukirchen-Vluyn: Fresh Verlag, 2025.	https://tamizdatproject.org/media/publication_images/Ak_bure_Cover_1-2880w.jpg	Russian	Renat Bekkin						Fresh Verlag	
cba769d3-0632-493c-b375-68caf8b32ef5	1	https://tamizdatproject.org/publications/almaznaia-kolesnitsa/	almaznaia-kolesnitsa	Алмазная колесница		Almaznaia kolesnitsa		2025	Riga	New York University | Princeton University Library | Multnomah County Library | Contra Costa County Library | Bayerische Staatsbibliothek	Boris Akunin. <i>Almaznaia kolesnitsa</i>. Riga: BAbook, 2025.	https://tamizdatproject.org/media/publication_images/almaznaia-kolesnitsa_SggKpaM.jpg	Russian	Boris Akunin						BAbook	
3a6b87f2-57b1-4603-8b26-3b2835156d6f		https://tamizdatproject.org/publications/amerrika-novyi-svet-s-aktsentom/	amerrika-novyi-svet-s-aktsentom	Амеррика. Новый Свет с акцентом		Amerrika. Novyi Svet s aktsentom		2025	Riga [Place of publication listed on title page is fictitious. Actual place of publication is unknown]	New York University | Columbia University in the City of New York | Princeton University Library | Library of Congress | Cleveland Public Library | University of Illinois at Urbana Champaign | Mid-Columbia Libraries | UC Berkeley Libraries | San Francisco Public Library | Staats- und Universitätsbibliothek Bremen | Bayerische Staatsbibliothek	Aleksandr Genis. <i>Amerrika. Novyi Svet s aktsentom</i>. Riga: Freedom Letters, 2025.	https://tamizdatproject.org/media/publication_images/ebff84784f934cf3a1e1b1a37899f833.webp	Russian	Aleksandr Genis						Freedom Letters	
ada8eab8-0f31-4bc8-8dcc-6f4de05b9e8f		https://tamizdatproject.org/publications/ana-na-ganku/	ana-na-ganku	Ана на ґанку		Ana na ganku		2025	New York	New York University	R. Stefan. <i>Ana na ganku</i>. New York: Virgola Press, 2025.	https://tamizdatproject.org/media/publication_images/ana-na-ganku.jpeg	Ukrainian	R. Stefan						Virgola Press	
bdd78b8c-fded-4f8d-a66b-236693120922		https://tamizdatproject.org/publications/a-reliable-remedy-for-ghosts/	a-reliable-remedy-for-ghosts	Надзейны сродак ад прывідаў		A reliable remedy for ghosts		2025	Berlin	None	Hanna Jankuta. <i>A reliable remedy for ghosts</i>. Berlin: hochroth Minsk, 2025.	https://tamizdatproject.org/media/publication_images/Снимок-экрана-2025-11-04-в-22.30.19.png	Belarusian	Hanna Jankuta						hochroth Minsk	
3616309c-cff0-451d-b8c9-a58954bb5079		https://tamizdatproject.org/publications/arestovich/	arestovich	Арестович		Arestovich		2025	Brussels [Place of publication listed on title page is fictitious. Actual place of publication is unknown]	New York University | Columbia University in the City of New York | Princeton University Library | University of Pennsylvania Libraries | University of Toronto Group | University of Illinois at Urbana Champaign | Vancouver Public Library | UC Berkeley Libraries | San Francisco Public Library | Universitäts- und Stadtbibliothek Köln, Hauptabteilung	Aim Sorri. <i>Arestovich</i>. Brussels: Freedom Letters, 2025.	https://tamizdatproject.org/media/publication_images/3cbe1ae1c54647a3906cffba8fb38fb0.webp	Russian	Aim Sorri						Freedom Letters	
e4683de1-e5a5-4573-baba-067628683cdb		https://tamizdatproject.org/publications/none-1-2-3-4-5-6-7/	none-1-2-3-4-5-6-7	Artists against the Kremlin. Vol. 1		Artists against the Kremlin. Vol. 1		2025	Prague	New York University | The Metropolitan Museum of Art | Princeton University Library | Yale University Library | Wesleyan University | Bibliotheek Universiteit van Amsterdam | Royal Danish Library - (DKB) | Zentralbibliothek Zürich | UB Weimar | Universitätsbibliothek Leipzig | Freie Universität Berlin, Universitätsbibliothek, Zentralbibliothek | Staatsbibliothek zu Berlin - Preußischer Kulturbesitz, Haus Potsdamer Straße | Bayerische Staatsbibliothek | National Library of the Czech Republic	<i>Artists against the Kremlin. Vol. 1</i>. Prague: All Rights Reserved Gallery, 2025.	https://tamizdatproject.org/media/publication_images/Screen_Shot_2025-12-06_at_12.36.07_PM.png	English							All Rights Reserved Gallery	
f7bf372d-299f-414f-ab89-d13cd6481a18		https://tamizdatproject.org/publications/bezviz/	bezviz	Безвиз		Bezviz		2025	New York	New York University | Princeton University Library	Irina Ivanchenko. <i>Bezviz</i>. New York: Virgola Press, 2025.	https://tamizdatproject.org/media/publication_images/bezviz.jpg	Russian	Irina Ivanchenko						Virgola Press	
f78cb10b-d8c7-497b-bfdc-9bbcb9513c06		https://tamizdatproject.org/publications/biespracounaje-dreva/	biespracounaje-dreva	Беспрацоўнае дрэва		Biespracoŭnaje dreva		2025	Warsaw	Princeton University Library | University of Pennsylvania Libraries | Harvard University | National Library of Poland, Biblioteka Narodowa	Sveta Ben’, Łina Hesse. <i>Biespracoŭnaje dreva</i>. Warsaw: Miane Niama, 2025.	https://tamizdatproject.org/media/publication_images/ben_khese.png	Belarusian	Sveta Ben’ | Łina Hesse						Miane Niama	
ea61b4ca-ed88-40ee-8abc-d4db4c651482		https://tamizdatproject.org/publications/birobidzhanskii-dnevnik/	birobidzhanskii-dnevnik	Биробиджанский дневник		Birobidzhanskii dnevnik		2025	Riga	New York University | New York Public Library | Brooklyn Public Library | Princeton University Library | Yale University Library | University of Pennsylvania Libraries | Boston College | Harvard University | University of Michigan | University of Arizona Libraries | Reed College Library | San Mateo County Library | Staats- und Universitätsbibliothek Bremen | Freie Universität Berlin, Universitätsbibliothek, Zentralbibliothek | Universitätsbibliothek der LMU München | LIBRIS | Royal Danish Library - (DKB)	Pavel Kushnir. <i>Birobidzhanskii dnevnik</i>. Riga: Meduza, 2025.	https://tamizdatproject.org/media/publication_images/birobidzhansii.png	Russian	Pavel Kushnir						Meduza	
79dbf52f-b8bf-44e7-8874-82c863e0a238		https://tamizdatproject.org/publications/blagimi-namereniiami/	blagimi-namereniiami	Благими намерениями	Русская православная Церковь и власть от Горбачева до Путина	Blagimi namereniiami	Russkaia pravoslavnaiia Tserkov' i vlast' ot Gorbacheva do Putina	2025	Almaty	New York University | Princeton University Library | Yale University Library | University of Pennsylvania Libraries | Boston College | Harvard University | University of Pittsburgh | University of North Carolina at Chapel Hill. University Libraries | University of Michigan | Michigan State University Libraries | Indiana University | University of Chicago Library | University of Illinois at Urbana Champaign | Tulane University | University of Alberta | University of Arizona Libraries | University of Washington Libraries | Multnomah County Library | UC Berkeley Libraries | Sciences Po Paris | Staats- und Universitätsbibliothek Hamburg Carl von Ossietzky | BNUS - Bibliotheque Nationale Universitaire de Strasbourg | Thüringer Universitäts- und Landesbibliothek | Freie Universität Berlin, Universitätsbibliothek, Zentralbibliothek | Staatsbibliothek zu Berlin - Preußischer Kulturbesitz, Haus Potsdamer Straße | Bayerische Staatsbibliothek	Ksenia Luchenko. <i>Blagimi namereniiami</i>. Almaty: StraightForward Foundation, 2025.	https://tamizdatproject.org/media/publication_images/blagimi-namereniyami-russkaya-pravoslavnaya-czerkov-i-vlast-ot-gorbacheva-do-putina.jpg	Russian	Ksenia Luchenko						StraightForward Foundation	
7097d4b5-871a-4399-a366-e6776ee3d2da	1	https://tamizdatproject.org/publications/bloodless-murder-the-albanian-issue-1916/	bloodless-murder-the-albanian-issue-1916	Bloodless Murder. The "Albanian" Issue, 1916		Bloodless Murder. The "Albanian" Issue, 1916		2025	Helsinki	The Metropolitan Museum of Art	<i>Bloodless Murder. The "Albanian" Issue, 1916</i>. Edited by Sezgin Boynik. Translated by Anna Shulgat, Pāvels Smišlājevs. Helsinki: Rab-Rab Press, 2025.	https://tamizdatproject.org/media/publication_images/albanian_issue.png	English			Sezgin Boynik		Anna Shulgat | Pāvels Smišlājevs		Rab-Rab Press	
b2f1f5e0-f3e9-45f9-a301-50ffdf05ea02		https://tamizdatproject.org/publications/byly-syn/	byly-syn	Былы сын		Byly syn		2025	Kraków	Princeton University Library | Yale University Library | Harvard University | Library of Congress | National Library of Poland, Biblioteka Narodowa | Uniwersytet Lodzki, Biblioteka Glowna | LIBRIS	Sasha Filipenko. <i>Byly syn</i>. Kraków: Gutenberg, 2025.	https://tamizdatproject.org/media/publication_images/20295.jpg	Belarusian	Sasha Filipenko						Gutenberg	
18fcd081-7b71-4122-8f6b-4681c7e1dfe0	1	https://tamizdatproject.org/publications/chto-nam-s-etim-delat/	chto-nam-s-etim-delat	Что нам с этим делать?	О мире, о войне, о будущем, о технологиях, о солидарности	Chto nam s etim delat'?	O mire, o voine, o budushchem, o tekhnologiiakh, o solidarnosti	2025	Riga	New York University | Princeton University Library | Yale University Library | University of Pennsylvania Libraries | Multnomah County Library	Aldous Huxley. <i>Chto nam s etim delat'?</i> Riga: Überbau, 2025.	https://tamizdatproject.org/media/publication_images/600x600-17.jpeg	Russian	Aldous Huxley						Überbau	Masterskaia literaturnogo perevoda Dmitriia Simanovskogo
5a019e76-257e-41ba-b087-2587655d1ffe		https://tamizdatproject.org/publications/chyrvony-kryzh/	chyrvony-kryzh	Чырвоны крыж		Chyrvony kryzh		2025	Kraków	Harvard University | Princeton University Library	Sasha Filipenko. <i>Chyrvony kryzh</i>. Kraków: Gutenberg, 2025.	https://tamizdatproject.org/media/publication_images/Screenshot_2026-02-14_at_22.43.33.png	Belarusian	Sasha Filipenko						Gutenberg	
b691ca77-0ed9-4872-a55c-e6b8fc3e6bc9	1	https://tamizdatproject.org/publications/damoklovo-tekhno/	damoklovo-tekhno	Дамоклово техно		Damoklovo tekhno		2025	Berlin [Place of publication listed on title page is fictitious. Actual place of publication is unknown]	New York University | Princeton University Library | University of Pennsylvania Libraries | Library of Congress | University of North Carolina at Chapel Hill. University Libraries | San Francisco Public Library | Staats- und Universitätsbibliothek Bremen | BNUS - Bibliotheque Nationale Universitaire de Strasbourg	Ilya Danishevsky. <i>Damoklovo tekhno</i>. Berlin: Freedom Letters, 2025.	https://tamizdatproject.org/media/publication_images/damoklovo-tekhno_KcAeFk2.jpeg	Russian	Ilya Danishevsky						Freedom Letters	
fe3bdfec-4299-4278-8051-4354cf2f672f		https://tamizdatproject.org/publications/den-za-dnem/	den-za-dnem	День за днем		Den' za dnem		2025	Belgrade	New York University | Princeton University Library | University of Pennsylvania Libraries	Anna Fishman. <i>Den' za dnem</i>. Belgrade: Shell(f) Publishing, 2025.	https://tamizdatproject.org/media/publication_images/fishman_cover.jpg	Russian	Anna Fishman						Shell(f) Publishing	
9521f3e3-4ee6-4045-9010-e4b5ffbf9184	1	https://tamizdatproject.org/publications/domik-niani/	domik-niani	Домик няни		Domik niani		2025	Petrograd [Place of publication listed on title page is fictitious. Actual place of publication is unknown]	New York University | Princeton University Library | University of Pennsylvania Libraries | University of North Carolina at Chapel Hill. University Libraries | UC Berkeley Libraries | San Francisco Public Library | University of Toronto Group	Aleksandr Ilianen. <i>Domik niani</i>. Petrograd: Freedom Letters, 2025.	https://tamizdatproject.org/media/publication_images/domik-niani_V6TSzRk.jpeg	Russian	Aleksandr Ilianen						Freedom Letters	
8d0ec343-d9e7-49a7-8997-69775828ad37		https://tamizdatproject.org/publications/dom-na-linii-ognia/	dom-na-linii-ognia	Дом на линии огня	Хроника российского вторжения в Донбасс	Dom na linii ognia	Khronika rossiiskogo vtorzheniia v Donbass	2025	Riga	New York University | New York Public Library | Princeton University Library | Yale University Library | University of Pennsylvania Libraries | Harvard University | University of Michigan | Michigan State University Libraries | University of Arizona Libraries | Yolo County Library | Universitätsbibliothek Bern | Verbundzentrale des Gemeinsamen Bibliotheksverbundes | Universitätsbibliothek Heidelberg | Staatsbibliothek zu Berlin - Preußischer Kulturbesitz, Haus Potsdamer Straße	Dmitry Durnev. <i>Dom na linii ognia</i>. Riga: Meduza, 2025.	https://tamizdatproject.org/media/publication_images/dom_na_linii.png	Russian	Dmitry Durnev						Meduza	
61c9f633-fd40-4455-9ed5-48b03c1d225c	1	https://tamizdatproject.org/publications/dom-pogibshii-moi/	dom-pogibshii-moi	Дом погибший мой		Dom pogibshii moi		2025	Kiev [Place of publication listed on title page is fictitious. Actual place of publication is unknown]	New York University | Princeton University Library | Yale University Library | University of Pennsylvania Libraries | Harvard University | Cleveland Public Library | University of Illinois at Urbana Champaign | University of Alberta | San Diego State University Library | University of California, Los Angeles | San Francisco Public Library | Universitätsbibliothek Bern | Bayerische Staatsbibliothek | Universitätsbibliothek Würzburg | Humboldt-Universität zu Berlin, Universitätsbibliothek, Jacob-und-Wilhelm-Grimm-Zentrum	Andrei Kostinsky. <i>Dom pogibshii moi</i>. Kiev: Freedom Letters, 2025.	https://tamizdatproject.org/media/publication_images/dom-pogibshii-moi_2CXsXkJ.jpeg	Russian	Andrei Kostinsky						Freedom Letters	
3fbf643c-6863-4e53-be7b-5a9c3f2c6c4e	1	https://tamizdatproject.org/publications/duga/	duga	Дуга		Duga		2025	Ithaca [Place of publication listed on title page is fictitious. Actual place of publication is unknown]	New York University | Columbia University in the City of New York | The Ferguson Library | Princeton University Library | University of Pennsylvania Libraries | Harvard University | Cleveland Public Library | Skokie Public Library | University of Illinois at Urbana Champaign | University of California, Los Angeles | San Francisco Public Library | San Mateo County Library | Bibliothèque cantonale et universitaire - Lausanne, site Unithèque | Bibliothèque nationale de France | Universitäts- und Stadtbibliothek Köln, Hauptabteilung | Staats- und Universitätsbibliothek Bremen | LIBRIS | Bayerische Staatsbibliothek	Dmitry Bykov. <i>Duga</i>. Ithaca: Freedom Letters, 2025.	https://tamizdatproject.org/media/publication_images/duga_G8wWmwg.jpeg	Russian	Dmitry Bykov						Freedom Letters	
586acddc-0656-4aa9-9c48-9c45143a59a4		https://tamizdatproject.org/publications/dzionnik-20212022/	dzionnik-20212022	Дзённік 2021–2022		Dzionnik 2021–2022		2025	Warsaw	Princeton University Library | Universitätsbibliothek Basel | Universitätsbibliothek Bern | National Library of Poland, Biblioteka Narodowa | Harvard University | Staatsbibliothek zu Berlin - Preußischer Kulturbesitz, Haus Potsdamer Straße	Ananіmnaja aŭtarka. <i>Dzionnik 2021–2022</i>. Warsaw: Miane Niama, 2025.	https://tamizdatproject.org/media/publication_images/dzoynnik.png	Belarusian	Ananіmnaja aŭtarka						Miane Niama	
b8592e65-b2e2-452c-89db-5c7a607f94a0	1	https://tamizdatproject.org/publications/effekt-kuleshova/	effekt-kuleshova	Эффект Кулешова		Effekt Kuleshova		2025	Moskva budushchego [Place of publication listed on title page is fictitious. Actual place of publication is unknown]	New York University | Princeton University Library | University of Pennsylvania Libraries | Cleveland Public Library | University of North Carolina at Chapel Hill. University Libraries | San Francisco Public Library | Bayerische Staatsbibliothek	Greg Blake Miller. <i>Effekt Kuleshova</i>. Translated by Ekaterina Kevkhishvili. Moskva budushchego: Freedom Letters, 2025.	https://tamizdatproject.org/media/publication_images/effekt-kuleshova_222LovU.jpeg	Russian	Greg Blake Miller				Ekaterina Kevkhishvili		Freedom Letters	
e0cc2f33-c079-49f5-ac18-1ff2b9e8fb8b		https://tamizdatproject.org/publications/ejfaryja/	ejfaryja	Эйфарыя		Ejfaryja		2025	Vilnius	Zentralbibliothek Zürich | Staatsbibliothek zu Berlin - Preußischer Kulturbesitz, Haus Potsdamer Straße | Harvard University | Princeton University Library	Maryja Parchimčyk. <i>Ejfaryja</i>. Vilnius: Pflaŭmbaŭm, 2025.	https://tamizdatproject.org/media/publication_images/euphoria.png	Belarusian	Maryja Parchimčyk						Pflaŭmbaŭm	
9aa42e54-27b6-40d6-94b1-a8b36695d63c		https://tamizdatproject.org/publications/eto-navalny/	eto-navalny	Это Навальный		Eto Navalny		2025	Riga	Bayerische Staatsbibliothek | New York University | Princeton University Library | Yale University Library | University of Pennsylvania Libraries | Boston College | Harvard University | Michigan State University Libraries | Indiana University | University of Alberta	Evgeny Feldman. <i>Eto Navalny</i>. Riga, 2025.	https://tamizdatproject.org/media/publication_images/Screen_Shot_2025-12-10_at_11.59.26_AM.png	Russian	Evgeny Feldman							
38b410cf-0fcc-4f99-b831-c310a670bda5	1	https://tamizdatproject.org/publications/exodus-22/	exodus-22	Исход-22		Exodus-22		2025	New York	New York University | New York Public Library | Princeton University Library | Yale University Library | University of Pennsylvania Libraries | University of Massachusetts Amherst | Minuteman Library Network | Harvard University | Pennsylvania State University Libraries | University of Michigan | Michigan State University Libraries | University of Chicago Library | Niles Maine District Library | Milwaukee Public Library | Macalester College | University of Arizona Libraries | Sno-Isle Libraries | UC Berkeley Libraries | Università di Padova - Biblioteca Beato Pellegrino di Studi Letterari, Linguistici, Pedagogici e dello Spettacolo | Zentralbibliothek Zürich | University of Cambridge | Universitätsbibliothek Bamberg | Bayerische Staatsbibliothek	<p>Linor Goralik. <i>Exodus-22</i>. Translated by Ainsley Morse, Daniela Maksin, Leonard Volchek, Venya Gushchin, Yasha Klots. New York: Tamizdat Project, 2025.&nbsp;</p>	https://tamizdatproject.org/media/publication_images/Pages_from_Iskhod-22_ENG_AM1_YK1.jpg	Russian	Linor Goralik				Ainsley Morse		Tamizdat Project	
f3515ad0-51a6-4101-86ce-03fa9c165689	1	https://tamizdatproject.org/publications/fashizmy/	fashizmy	Фашизмы		Fashizmy		2025	Tbilisi [Place of publication listed on title page is fictitious. Actual place of publication is unknown]	New York University | Princeton University Library | Cleveland Public Library | University of North Carolina at Chapel Hill. University Libraries | Stanford University | San Francisco Public Library | The Ferguson Library | Staats- und Universitätsbibliothek Bremen | BNUS - Bibliotheque Nationale Universitaire de Strasbourg | Universitätsbibliothek Bern | Universität Konstanz, Kommunikations-, Informations-, Medienzentrum (KIM) | Bayerische Staatsbibliothek	Aleksandr Genis. <i>Fashizmy</i>. Tbilisi: Freedom Letters, 2025.	https://tamizdatproject.org/media/publication_images/fashizmy_rrhVnQv.jpeg	Russian	Aleksandr Genis						Freedom Letters	
435a465c-0f67-4c1b-abc9-a82cf0026877		https://tamizdatproject.org/publications/finland-and-socialism/	finland-and-socialism	Finland and Socialism		Finland and Socialism		2025	Helsinki	Universitätsbibliothek Basel	Alexandra Kollontai. <i>Finland and Socialism</i>. Translated by Cathy Porter. Helsinki: Rab-Rab Press, 2025.	https://tamizdatproject.org/media/publication_images/kollontai.png		Alexandra Kollontai				Cathy Porter		Rab-Rab Press	
9bc05764-233d-48a0-a3bd-c058f1961e1b	1	https://tamizdatproject.org/publications/geidelbergskii-chelovek/	geidelbergskii-chelovek	Гейдельбергский человек		Geidel’bergskii chelovek		2025	Ozolnieki	New York University | Princeton University Library | University of Pennsylvania Libraries | Stanford University | Bayerische Staatsbibliothek	Vitaly Lekhtsier. <i>Geidel’bergskii chelovek</i>. Ozolnieki: Literature without Borders, 2025.	https://tamizdatproject.org/media/publication_images/geidelbergskii-chelovek_jdzUKOA.jpg	Russian	Vitaly Lekhtsier						Literature without Borders	
ce5e57f3-aa3c-4be1-acfc-8d9a03141304		https://tamizdatproject.org/publications/geormofologiia/	geormofologiia	Геоморфология	Избранные стихотворения. 1977–2022	Geormofologiia	Izbrannye stikhotvoreniia. 1977-2022	2025	Frankfurt am Main	Deutsche Nationalbibliothek Frankfurt am Main | Deutsche Nationalbibliothek Leipzig	Irina Mashinski. <i>Geormofologiia</i>. Frankfurt am Main: Esterum Publishing, 2025.	https://tamizdatproject.org/media/publication_images/mashinskaya.png	Russian	Irina Mashinski						Esterum Publishing	
e7774093-6885-4811-9b0e-ee4c123220d6		https://tamizdatproject.org/publications/gorizont-i-peshchera/	gorizont-i-peshchera	Горизонт и пещера	Избранные эссе и проза, 1995–2024	Gorizont i peshchera	Izbrannye esse i proza, 1955-2024	2025	Frankfurt am Main	New York University | Princeton University Library | University of Pennsylvania Libraries | Harvard University | LA COUNTY LIBRARY | Deutsche Nationalbibliothek Frankfurt am Main | Deutsche Nationalbibliothek Leipzig	Irina Mashinski. <i>Gorizont i peshchera</i>. Frankfurt am Main: Esterum Publishing, 2025.	https://tamizdatproject.org/media/publication_images/mashinskaya_gorizont_e-book_cover-974x1536.jpg	Russian	Irina Mashinski						Esterum Publishing	
688addd6-bc74-4bb3-bb21-2ab1784cc28f		https://tamizdatproject.org/publications/gorog-is-kotorogo-ia-vyrosla/	gorog-is-kotorogo-ia-vyrosla	Город, из которого я выросла		Gorog, is kotorogo ia vyrosla		2025	[Place Unidentified]	None	Anastasia Komarova. <i>Gorog, is kotorogo ia vyrosla</i>. [Place Unidentified]: Shell(f) Publishing, 2025.	https://tamizdatproject.org/media/publication_images/gorog-is-kotorogo-ia-vyrosla_10lkTjr.jpg	Russian	Anastasia Komarova						Shell(f) Publishing	
d8579c63-7e69-4648-a8b5-23b2d5c58c78		https://tamizdatproject.org/publications/gribnye-mesta/	gribnye-mesta	Грибные места		Gribnye mesta		2025	Warsaw	University of Pennsylvania Libraries	Daria Traiden. <i>Gribnye mesta</i>. Warsaw: Miane Niama, 2025.	https://tamizdatproject.org/media/publication_images/gribnye_mesta.png	Russian	Daria Traiden						Miane Niama	
0095016a-6408-4945-9491-64c93c8f1955		https://tamizdatproject.org/publications/huggy-wuggy/	huggy-wuggy	Хагі Вагі		Huggy Wuggy		2025	Berlin	Harvard University | Princeton University Library	Maryja Martysievič. <i>Huggy Wuggy</i>. Berlin: hochroth Minsk, 2025.	https://tamizdatproject.org/media/publication_images/Снимок-экрана-2025-01-18-в-09.34.12.png	Belarusian	Maryja Martysievič						hochroth Minsk	
e9b6a4c1-3974-45e2-83c4-022c417aabd8		https://tamizdatproject.org/publications/human-right/	human-right	Human Right		Human Right		2025	Berlin	None	Yuriy Izdryk. <i>Human Right</i>. Edited by Źmicier Dziadzienka. Translated by Natalia Rusiecka, Ales Plotka. Berlin: hochroth Minsk, 2025.	https://tamizdatproject.org/media/publication_images/Снимок-экрана-2025-06-07-в-09.23.49.png	English	Yuriy Izdryk	Ales Plotka	Źmicier Dziadzienka		Natalia Rusiecka | Ales Plotka		hochroth Minsk	
dae85b4f-2169-4e6d-a2fd-cee0d2d60d47	1	https://tamizdatproject.org/publications/ia-dezertir/	ia-dezertir	Я — дезертир		Ia — dezertir		2025	Berlin [Place of publication listed on title page is fictitious. Actual place of publication is unknown]	New York University | Princeton University Library | Yale University Library | University of Pennsylvania Libraries | Harvard University | Cleveland Public Library | University of North Carolina at Chapel Hill. University Libraries | Emory University | University of Illinois at Urbana Champaign | University of Alberta | University of California, Los Angeles | San Francisco Public Library | Universitätsbibliothek Basel | Universitätsbibliothek Bern | Bayerische Staatsbibliothek | Universitätsbibliothek Würzburg	Irina Novik. <i>Ia — dezertir</i>. Berlin: Freedom Letters, 2025.	https://tamizdatproject.org/media/publication_images/ia-dezertir_8gb6lWG.jpeg	Russian	Irina Novik						Freedom Letters	
9a755eff-709b-4457-9779-47ebc8758ae2		https://tamizdatproject.org/publications/ia-sam-stal-russkim-zarubezhiem-zagranichnye-besedy-ob-izgnanii-i-poslanii/	ia-sam-stal-russkim-zarubezhiem-zagranichnye-besedy-ob-izgnanii-i-poslanii	«Я сам стал русским зарубежьем»: Заграничные беседы об изгнании и послании		Ia sam stal russkim zarubezhiem: Zagranichnye besedy ob izgnanii i poslanii		2025	Prague	New York Public Library | Brooklyn Public Library | Columbia University in the City of New York | Princeton University Library | University of Pennsylvania Libraries | University of Toronto Group | Cleveland Public Library | University of Illinois at Urbana Champaign | University of Alberta | San Diego State University Library | University of California, Los Angeles | Stanford University | San Francisco Public Library | Zentralbibliothek Zürich	<i>Ia sam stal russkim zarubezhiem: Zagranichnye besedy ob izgnanii i poslanii</i>. Edited by Igor Pomerantsev, Ivan Tolstoi. Prague: Freedom Letters, 2025.	https://tamizdatproject.org/media/publication_images/5053b48c5bc3444086f37fc29f1f94c4.webp	Russian			Igor Pomerantsev; Ivan Tolstoi				Freedom Letters	
ad072a38-6d21-42db-aed7-1353c953445d		https://tamizdatproject.org/publications/ia-sotrudnitsa-fsin/	ia-sotrudnitsa-fsin	Я — сотрудница ФСИН		Ia - sotrudnitsa FSIN		2025	Paris	Columbia University in the City of New York | Princeton University Library | University of Illinois at Urbana Champaign | University of Alberta | University of California, Los Angeles | San Francisco Public Library	Anna Karetnikova. <i>Ia - sotrudnitsa FSIN</i>. Paris: Freedom Letters and Memorial, 2025.	https://tamizdatproject.org/media/publication_images/2f7b5b8e6edc47d88fab194f06eb2ea7.webp	Russian	Anna Karetnikova						Freedom Letters | Memorial	
3ea2c3a7-3988-4593-996e-23ce72ea1782		https://tamizdatproject.org/publications/idu-da-vas-liudzi-antalohija-ese-pra-susiedziau/	idu-da-vas-liudzi-antalohija-ese-pra-susiedziau	Іду да вас, людзі: Анталогія эсэ пра суседзяў		Idu da vas, liudzi: Antalohija ese pra susiedziaŭ		2025	Vilnius	Zentralbibliothek Zürich	<i>Idu da vas, liudzi: Antalohija ese pra susiedziaŭ</i>. Vilnius: Pflaŭmbaŭm, 2025.	https://tamizdatproject.org/media/publication_images/idu-da-vas-liudzi-antalohija-ese-pra-susiedziau.jpg	Belarusian							Pflaŭmbaŭm	
aff66573-22f0-4ec3-a55f-5c17a003992f		https://tamizdatproject.org/publications/igra-v-butylochky/	igra-v-butylochky	Игра в бутылочку		Igra v butylochky		2025	Petrograd [Place of publication listed on title page is fictitious. Actual place of publication is unknown]	New York University | Columbia University in the City of New York | Princeton University Library | University of Pennsylvania Libraries | University of Toronto Group | Cleveland Public Library | University of Illinois at Urbana Champaign | UC Berkeley Libraries | San Francisco Public Library | LIBRIS | Universität Konstanz, Kommunikations-, Informations-, Medienzentrum (KIM)	Olga Romanova. <i>Igra v butylochky</i>. Petrograd: Freedom Letters, 2025.	https://tamizdatproject.org/media/publication_images/1326a33c2efc4e5ba296718c4cf1f7d7.webp	Russian	Olga Romanova						Freedom Letters	
c942670a-f297-49d5-a02c-97ca7cf30543		https://tamizdatproject.org/publications/inge/	inge	ІНҐЕ		Inge		2025	New York	New York University | Columbia University in the City of New York | Princeton University Library | University of Pennsylvania Libraries | Minuteman Library Network | Milwaukee Public Library	Serhiy Herman. <i>Inge</i>. New York: Virgola Press, 2025.	https://tamizdatproject.org/media/publication_images/inge.jpg	Ukrainian	Serhiy Herman						Virgola Press	
93bf592f-888b-4f35-bcaa-eb44503e2dbe	1	https://tamizdatproject.org/publications/istoriia-rossii-xix-stoletiia-tom-ii/	istoriia-rossii-xix-stoletiia-tom-ii	История России XIX Столетия.  Том II		Istoriia Rossii XIX Stoletiia. Tom II		2025	Bratislava	New York University | New York Public Library | Columbia University in the City of New York | Princeton University Library | Yale University Library | Cornell University Library | Boston College | Harvard University | Library of Congress | University of Toronto Group | Cleveland Public Library | Michigan State University Libraries | University of Illinois at Chicago Library | University of Illinois at Urbana Champaign | Tulane University | University of Alberta | UC Berkeley Libraries | Staats- und Universitätsbibliothek Hamburg Carl von Ossietzky | Staatsbibliothek zu Berlin - Preußischer Kulturbesitz, Haus Potsdamer Straße | Universitätsbibliothek Würzburg | Bayerische Staatsbibliothek	Andrei Zubov. <i>Istoriia Rossii XIX Stoletiia. Tom II</i>. Bratislava: Vidim Books, 2025.	https://tamizdatproject.org/media/publication_images/600x600-10.jpeg	Russian	Andrei Zubov						Vidim Books	
7dae4060-87f3-4c91-acfd-dca1b47c80e5		https://tamizdatproject.org/publications/istorii-liubvi-cheshskie-romany/	istorii-liubvi-cheshskie-romany	Истории любви. Чешские романы		Istorii liubvi. Cheshskie romany		2025	Bratislava	New York University | Princeton University Library | University of Pennsylvania Libraries | University of Illinois at Urbana Champaign | University of California, Los Angeles | Bibliotheek Universiteit van Amsterdam	Andrei Sharyi. <i>Istorii liubvi. Cheshskie romany</i>. Bratislava: Vidim Books, 2025.	https://tamizdatproject.org/media/publication_images/600x600-5.jpeg	Russian	Andrei Sharyi						Vidim Books	
26b56378-a8bb-4667-9f21-1204c7053c9a		https://tamizdatproject.org/publications/izbitye-istiny/	izbitye-istiny	Избитые истины		Izbitye istiny		2025	Warsaw [Place of publication listed on title page is fictitious. Actual place of publication is unknown]	New York University | New York Public Library | Queens Public Library | Princeton University Library | University of Pennsylvania Libraries | University of Illinois at Urbana Champaign | University of California, Los Angeles | San Francisco Public Library	Viktor Shenderovich. <i>Izbitye istiny</i>. Warsaw: Freedom Letters, 2025.	https://tamizdatproject.org/media/publication_images/1028d24991324184a27bc3cf7d02d815.webp	Russian	Viktor Shenderovich						Freedom Letters	
a130f4eb-4bbc-454d-9e1b-fd6cb5832c65	1	https://tamizdatproject.org/publications/izbrannoe-19722024/	izbrannoe-19722024	Избранное. 1972–2024		Izbrannoe. 1972–2024		2025	New York [Place of publication listed on title page is fictitious. Actual place of publication is unknown]	New York University | Princeton University Library | Yale University Library | University of Pennsylvania Libraries | Boston College | University of Illinois at Urbana Champaign | University of California, Los Angeles | San Francisco Public Library | Staats- und Universitätsbibliothek Bremen | Staatsbibliothek zu Berlin - Preußischer Kulturbesitz, Haus Potsdamer Straße | Bayerische Staatsbibliothek | Universitätsbibliothek Würzburg	Bakhyt Kenzheev. <i>Izbrannoe. 1972–2024</i>. New York: Freedom Letters, 2025.	https://tamizdatproject.org/media/publication_images/izbrannoe-19722024_iF1dA3l.jpeg	Russian	Bakhyt Kenzheev						Freedom Letters	
41ddfa47-205b-4d1b-8e97-513de1d7bef1	2	https://tamizdatproject.org/publications/jafar-panahi-svobodnoe-kino-nesvobodnogo-irana/	jafar-panahi-svobodnoe-kino-nesvobodnogo-irana	Джафар Панахи. Свободное кино несвободного ирана		Jafar Panahi. Svobodnoe kino nesvobodnogo Irana		2025	Bratislava	New York University | Princeton University Library	Anton Dolin. <i>Jafar Panahi. Svobodnoe kino nesvobodnogo Irana</i>. Bratislava: Vidim Books, 2025.	https://tamizdatproject.org/media/publication_images/600x600-19.jpeg	Russian	Anton Dolin						Vidim Books	
090846f4-e086-449c-ae77-c4bc988e4fdb		https://tamizdatproject.org/publications/jim-jarmusch-stikhi-i-muzyka/	jim-jarmusch-stikhi-i-muzyka	Джим Джармуш: стихи и музыка		Jim Jarmusch: stikhi i muzyka		2025	Prague	University of Pennsylvania Libraries	Anton Dolin. <i>Jim Jarmusch: stikhi i muzyka</i>. Prague: Somewhere Show, 2025.	https://tamizdatproject.org/media/publication_images/Dolin.jpg	Russian	Anton Dolin						Somewhere Show	
2a29d579-2939-4c3d-8772-232b9993114f	Second, corrected edition	https://tamizdatproject.org/publications/Journey_to_the_Land_of_Movies/	Journey_to_the_Land_of_Movies	Journey to the Land of Movies		Journey to the Land of Movies		2025	Helsinki	University of Colorado Boulder | Universitätsbibliothek Basel	Viktor Shklovsky. <i>Journey to the Land of Movies</i>. Translated by Adam Ranđelović. Helsinki: Rab-Rab Press, 2025.	https://tamizdatproject.org/media/publication_images/journey_to_the_land.png	English	Viktor Shklovsky				Adam Ranđelović		Rab-Rab Press	
5d585328-2571-4d79-87fc-32de90635c8d		https://tamizdatproject.org/publications/kapitan-sobachiei-yakhty/	kapitan-sobachiei-yakhty	Капитан собачьей яхты		Kapitan sobachiei yakhty		2025	Jerusalem [Place of publication listed on title page is fictitious. Actual place of publication is unknown]	New York University | New York Public Library | The Ferguson Library | Princeton University Library | University of Pennsylvania Libraries | Cleveland Public Library | University of Illinois at Urbana Champaign | University of California, Los Angeles | San Francisco Public Library	Natella Boltianskaia. <i>Kapitan sobachiei yakhty</i>. Jerusalem: Freedom Letters, 2025.	https://tamizdatproject.org/media/publication_images/a78d61c9a11b4a72ba5991eb80e82606.webp	Russian	Natella Boltianskaia						Freedom Letters	
0fdf52c7-becf-4d70-ad6b-ef41b354e6f2		https://tamizdatproject.org/publications/kartina-mira/	kartina-mira	Картина мира		Kartina mira		2025	[Place Unidentified]	None	Kristina Yatkovskaiia. <i>Kartina mira</i>. [Place Unidentified]: Shell(f) Publishing, 2025.	https://tamizdatproject.org/media/publication_images/kartina-mira_tzirWLO.jpg	Russian	Kristina Yatkovskaiia						Shell(f) Publishing	
55673c1d-df5c-4bf8-884d-f23054175954		https://tamizdatproject.org/publications/kazhdyi-videl-etot-gorod-v-kakom-nibud-drugom-meste/	kazhdyi-videl-etot-gorod-v-kakom-nibud-drugom-meste	Каждый видел этот город в каком-нибудь другом месте		Kazhdyi videl etot gorod v kakom-nibud' drugom meste		2025	Warsaw	National Library of Poland, Biblioteka Narodowa	Yulia Shatun. <i>Kazhdyi videl etot gorod v kakom-nibud' drugom meste</i>. Warsaw: Miane Niama, 2025.	https://tamizdatproject.org/media/publication_images/kazhdyi_videl.png	Russian	Yulia Shatun						Miane Niama	
c43d3242-5a94-4c4f-af06-b004a85c7968		https://tamizdatproject.org/publications/khram-voiny/	khram-voiny	Храм войны	Люди и их идеи, сделавшие возможным российское вторжение в Украину	Khram voiny	Liudi i ikh idei, sdelavshie vozmozhnym rossiiskoe vtorzhenie d Ukrainu	2025	Riga	New York University | New York Public Library | Princeton University Library | Yale University Library | University of Pennsylvania Libraries | Minuteman Library Network | Harvard University | University of Toronto Group | University of North Carolina at Chapel Hill. University Libraries | University of Michigan | Michigan State University Libraries | University of Arizona Libraries | San Mateo County Library | Verbundzentrale des Gemeinsamen Bibliotheksverbundes | Universitätsbibliothek Heidelberg | Universitätsbibliothek Bern | Zentralbibliothek Zürich | Staatsbibliothek zu Berlin - Preußischer Kulturbesitz, Haus Potsdamer Straße | Bayerische Staatsbibliothek	Ilya Venyavkin. <i>Khram voiny</i>. Riga: Meduza, 2025.	https://tamizdatproject.org/media/publication_images/khram.png	Russian	Ilya Venyavkin						Meduza	
b2281696-c912-46e3-a1f2-12772227629f		https://tamizdatproject.org/publications/kogda-my-poem-podnimaetsia-veter/	kogda-my-poem-podnimaetsia-veter	Когда мы поём, поднимается ветер	Краткая история популярной музыки в России XXI века	Kogda my poem, podnimaetsia veter	Kratkaiia istoriia populiarnoi muzyki v Rossii XXI veka	2025	Riga	New York University | Princeton University Library | University of Pennsylvania Libraries | Harvard University | University of Toronto Group | University of North Carolina at Chapel Hill. University Libraries | Michigan State University Libraries | Universitätsbibliothek Bern | BNUS - Bibliotheque Nationale Universitaire de Strasbourg | Université Grenoble Alpes	Aleksandr Gorbachev. <i>Kogda my poem, podnimaetsia veter</i>. Riga: Meduza, 2025.	https://tamizdatproject.org/media/publication_images/kogda_my_poem.png	Russian	Aleksandr Gorbachev						Meduza	
20dc8070-dd05-405c-9523-c8282769b7d1		https://tamizdatproject.org/publications/koldun-tamat/	koldun-tamat	Колдун Тамат		Koldun Tamat		2025	Warsaw	University of Pennsylvania Libraries | National Library of Poland, Biblioteka Narodowa	Andrei Dudko. <i>Koldun Tamat</i>. Warsaw: Miane Niama, 2025.	https://tamizdatproject.org/media/publication_images/tamat.png	Russian	Andrei Dudko						Miane Niama	
f9acd748-2d27-4dbd-9346-f39eb3bc44ab	C расшифровкой	https://tamizdatproject.org/publications/koronatsiia-ili-poslednii-iz-romanov/	koronatsiia-ili-poslednii-iz-romanov	Коронация, или Последний из романов		Koronatsiia, ili Poslednii iz romanov		2025	Riga	New York University | BCCLS | Princeton University Library | Minuteman Library Network | Harvard University | University of Michigan | Los Alamos County Library System | University of Arizona Libraries | Redwood City Public Library | San Mateo County Library | Bayerische Staatsbibliothek	Boris Akunin. <i>Koronatsiia, ili Poslednii iz romanov</i>. Riga: BAbook, 2025.	https://tamizdatproject.org/media/publication_images/koronatsiia-ili-poslednii-iz-romanov_wUqlTA7.jpg	Russian	Boris Akunin						BAbook	
865b94d2-a93e-4d26-a34b-baf45c8321ae		https://tamizdatproject.org/publications/korporatsiia-avtokratiia/	korporatsiia-avtokratiia	Корпорация «Автократия»	Диктаторы, которые хотят править миром	Korporatsiia "Avtokratiia"	Dikratory, korotye khotiat pravit' mirom	2025	[Place Unidentified]	None	Anne Applebaum. <i>Korporatsiia "Avtokratiia"</i>. [Place Unidentified]: One Book Publishing, 2025.	https://tamizdatproject.org/media/publication_images/korporacia_autocratia.jpg	Russian	Anne Applebaum						One Book Publishing	
711d6052-6a76-4481-9044-eb4d839544e7		https://tamizdatproject.org/publications/krestotsvety/	krestotsvety	Крестоцветы		Krestotsvety		2025	Ozolnieki	New York University | Princeton University Library | Stanford University | Bayerische Staatsbibliothek	Olga Zondberg. <i>Krestotsvety</i>. Ozolnieki: Literature without Borders, 2025.	https://tamizdatproject.org/media/publication_images/krestotsvety.jpg	Russian	Olga Zondberg						Literature without Borders	
373b555e-5e77-4e8a-9626-0efa698ebcfd		https://tamizdatproject.org/publications/kuda-dreifuiut-diktatury/	kuda-dreifuiut-diktatury	Куда дрейфуют диктатуры?	Российская автократия и вторжение в Украину	Kuda dreifuiut diktatury?	Rossiiskaiia avtokratiia i vtorzhenie v Ukrainu	2025	Riga	New York University | New York Public Library | Princeton University Library | Yale University Library | University of Pennsylvania Libraries | Harvard University | University of Toronto Group | University of North Carolina at Chapel Hill. University Libraries | Michigan State University Libraries | Verbundzentrale des Gemeinsamen Bibliotheksverbundes | Universitätsbibliothek Heidelberg | Universitätsbibliothek Bern | Staatsbibliothek zu Berlin - Preußischer Kulturbesitz, Haus Potsdamer Straße | Sciences Po Paris	Konstantin Gaaze. <i>Kuda dreifuiut diktatury?</i> Riga: Meduza, 2025.	https://tamizdatproject.org/media/publication_images/kuda_deryfuyut-2.png	Russian	Konstantin Gaaze						Meduza	
510267c5-619c-40bd-98ae-c7da36a33285		https://tamizdatproject.org/publications/kuda-nibud-priezzhat-chtoni-nibud-delat-i-uezzhat/	kuda-nibud-priezzhat-chtoni-nibud-delat-i-uezzhat	Куда-нибудь приезжать что-нибудь делать и уезжать		Kuda-nibud' priezzhat' chtoni-nibud' delat' i uezzhat'		2025	Warsaw	Princeton University Library | Yale University Library | University of Pennsylvania Libraries | Harvard University | Tulane University | National Library of Poland, Biblioteka Narodowa | Universität Potsdam, Universitätsbibliothek	Pavel Antipov. <i>Kuda-nibud' priezzhat' chtoni-nibud' delat' i uezzhat'</i>. Warsaw: Miane Niama, 2025.	https://tamizdatproject.org/media/publication_images/Screen_Shot_2025-12-09_at_11.56.05_AM.png	Russian	Pavel Antipov						Miane Niama	
358a270d-e50e-4812-8e6e-d14ae793a8bb		https://tamizdatproject.org/publications/kvirt/	kvirt	Квирт		Kvirt		2025	[Place Unidentified]	New York University | Columbia University in the City of New York | Princeton University Library | University of Pennsylvania Libraries | University of Illinois at Urbana Champaign | University of California, Los Angeles | San Francisco Public Library | National Library of Poland, Biblioteka Narodowa	Slava Presniakov. <i>Kvirt</i>. [Place Unidentified]: Freedom Letters and Lysy Cherap, 2025.	https://tamizdatproject.org/media/publication_images/b307b28b2aa14677b6bcd83a69abb199.webp	Russian	Slava Presniakov						Freedom Letters | Lysy Cherap	
5e5f01b5-309d-4ce0-971d-0c7d09e04f50	1	https://tamizdatproject.org/publications/landshafty-utrachennogo-vremeni/	landshafty-utrachennogo-vremeni	Ландшафты утраченного времени		Landshafty utrachennogo vremeni		2025	Berlin [Place of publication listed on title page is fictitious. Actual place of publication is unknown]	New York University | Princeton University Library | Yale University Library | University of Pennsylvania Libraries | University of North Carolina at Chapel Hill. University Libraries | University of Illinois at Urbana Champaign | University of California, Los Angeles | San Francisco Public Library	Petr Turekhin. <i>Landshafty utrachennogo vremeni</i>. Berlin: Freedom Letters, 2025.	https://tamizdatproject.org/media/publication_images/landshafty-utrachennogo-vremeni_RqmXB6c.jpeg	Russian	Petr Turekhin						Freedom Letters	
b7c5ceca-830c-4129-a072-2b03c502c11f	1	https://tamizdatproject.org/publications/la-sparizione/	la-sparizione	La sparizione		La sparizione		2025	Milan	Sistema Bibliotecario Ticinese | Biblioteca comunale di Romeno | Biblioteca pubblica intercomunale di Cavedine | Biblioteca comunale di Trento | SISTEMA BIBLIOTECARIO TRENTINO | Trento BCT Via Roma | Biblioteca Civica di Rovereto | Biblioteca civica di Ala | Università di Bologna, Sistema bibliotecario di ateneo	Maria Stepanova. <i>La sparizione</i>. Translated by Cristina Moroni. Milan: Bompiani, 2025.	https://tamizdatproject.org/media/publication_images/Cover_Stepanova_La_sparizione.jpg		Maria Stepanova				Cristina Moroni		Bompiani	
8ad586c3-8ebf-4595-977d-36010c6acda9		https://tamizdatproject.org/publications/liaci-liaci-siurykien/	liaci-liaci-siurykien	Ляці ляці сюрыкэн		Liaci liaci siurykien		2025	Berlin	None	Lusine. <i>Liaci liaci siurykien</i>. Edited by Maks Ščur, Kateřina Kohoutová, Volha Hronskaja. Berlin: hochroth Minsk, 2025.	https://tamizdatproject.org/media/publication_images/fly_fly.png	Belarusian | Czech	Lusine		Maks Ščur | Kateřina Kohoutová | Volha Hronskaja				hochroth Minsk	
e76f2a28-a8ef-4b33-8593-efc85293a7fd		https://tamizdatproject.org/publications/lili-nia-spic/	lili-nia-spic	Лілі ня сьпіць		Lili nia śpić		2025	Berlin	None	Lina Kazakova. <i>Lili nia śpić</i>. Edited by Raman Romaŭ. Berlin: hochroth Minsk, 2025.	https://tamizdatproject.org/media/publication_images/lilia_nia_spic.png	Belarusian	Lina Kazakova		Raman Romaŭ				hochroth Minsk	
4ed517cc-e274-4ff9-ba28-b38834ea0def	С расшифровкой	https://tamizdatproject.org/publications/liubovnik-smerti/	liubovnik-smerti	Любовник смерти		Liubovnik smerti		2025	Riga	Bayerische Staatsbibliothek | Milwaukee Public Library | San Diego Public Library | New York University | Princeton University Library | Skokie Public Library | Los Alamos County Library System	Boris Akunin. <i>Liubovnik smerti</i>. Riga: BAbook, 2025.	https://tamizdatproject.org/media/publication_images/liubovnik-smerti_0817ULR.jpg	Russian	Boris Akunin						BAbook	
7f68de89-1fa2-4f8e-8646-fa2eb4bbffd6	С расшифровкой	https://tamizdatproject.org/publications/liubovnitsa-smerti/	liubovnitsa-smerti	Любовница смерти		Liubovnitsa smerti		2025	Riga	New York University | Princeton University Library | Skokie Public Library | Los Alamos County Library System | Redwood City Public Library | Milwaukee Public Library | Bayerische Staatsbibliothek	Boris Akunin. <i>Liubovnitsa smerti</i>. Riga: BAbook, 2025.	https://tamizdatproject.org/media/publication_images/liubovnitsa-smerti_oitgHEz.jpg	Russian	Boris Akunin						BAbook	
c7be1280-f667-454f-8ea4-6e10762eeb4c		https://tamizdatproject.org/publications/liubov-v-usloviiakh-turbulentnosti/	liubov-v-usloviiakh-turbulentnosti	Любовь в условиях турбулентности		Liubov' v usloviiakh turbulentnosti		2025	Riga	New York University | New York Public Library | Brooklyn Public Library | Princeton University Library | University of Pennsylvania Libraries | Harvard University | University of Pittsburgh | University of Toronto Group | University of North Carolina at Chapel Hill. University Libraries | University of Michigan | Michigan State University Libraries | University of Illinois at Urbana Champaign | University of Arizona Libraries | Reed College Library | UC Berkeley Libraries | San Mateo County Library | Universitätsbibliothek Basel | Universitätsbibliothek Bern | Bayerische Staatsbibliothek	Dima Zitser. <i>Liubov' v usloviiakh turbulentnosti</i>. Riga: Meduza, 2025.	https://tamizdatproject.org/media/publication_images/liubov-v-usloviiakh-turbulentnosti.png	Russian	Dima Zitser						Meduza	
fd4bc047-18cc-4b68-9395-46d246304bf0		https://tamizdatproject.org/publications/liubyja-kosci/	liubyja-kosci	Любыя косці		Liubyja kosci		2025	Vilnius	None	Kotryna Zylė. <i>Liubyja kosci</i>. Translated by Siuzana Paukštela. Vilnius: Pflaŭmbaŭm, 2025.	https://tamizdatproject.org/media/publication_images/liubyja-kosci.jpg	Belarusian	Kotryna Zylė				Siuzana Paukštela		Pflaŭmbaŭm	
946254bf-6215-4665-b9f2-bc5603a28c80		https://tamizdatproject.org/publications/lostlingual/	lostlingual	Lostlingual		Lostlingual		2025	Helsinki	None	Dinara Rasuleva. <i>Lostlingual</i>. Edited by Eugene Ostashevsky. Translated by Eugene Ostashevsky. Helsinki: Rab-Rab Press, 2025.	https://tamizdatproject.org/media/publication_images/Dinara_0001_copy.jpg	English	Dinara Rasuleva		Eugene Ostashevsky		Eugene Ostashevsky		Rab-Rab Press	
f7971a89-a8a7-451b-b10b-5ffb9b1a35fd		https://tamizdatproject.org/publications/luchshii-vozrast-dlia-smerti/	luchshii-vozrast-dlia-smerti	Лучший возраст для смерти		Luchshii vozrast dlia smerti		2025	Bratislava	New York University | Columbia University in the City of New York | Princeton University Library | University of Pennsylvania Libraries | University of Illinois at Urbana Champaign | University of California, Los Angeles	Yan Valetov. <i>Luchshii vozrast dlia smerti</i>. Bratislava: Vidim Books, 2025.	https://tamizdatproject.org/media/publication_images/600x600-14.jpeg	Russian	Yan Valetov						Vidim Books	
24912a83-6a7b-492a-baca-9adcc8ca9c0a		https://tamizdatproject.org/publications/maternity-leave/	maternity-leave	Maternity leave		Maternity leave		2025	[Place Unidentified]	None	Olga Grigorieva. <i>Maternity leave</i>. [Place Unidentified]: Shell(f) Publishing, 2025.	https://tamizdatproject.org/media/publication_images/maternity-leave_eO322vw.jpg	Russian	Olga Grigorieva						Shell(f) Publishing	
5943db22-e865-4062-9a25-7fa2c3f79512		https://tamizdatproject.org/publications/publication-6/	publication-6	Мазурки по средам		Mazurki po sredam		2025	[Place Unidentified]	None	Pavel Kushnir. <i>Mazurki po sredam</i>. [Place Unidentified]: Freedom Letters, 2025.	https://tamizdatproject.org/media/publication_images/publication-6.jpeg	Russian	Pavel Kushnir						Freedom Letters	
1803bd83-66e0-45aa-8147-c370d9e506cf		https://tamizdatproject.org/publications/medved-i-maiatnik/	medved-i-maiatnik	Медведь и маятник		Medved' i maiatnik		2025	Ozolnieki	New York University | Princeton University Library | University of Pennsylvania Libraries | Stanford University	Ilya Danishevsky. <i>Medved' i maiatnik</i>. Ozolnieki: Literature without Borders, 2025.	https://tamizdatproject.org/media/publication_images/danishevsky-cover.jpg	Russian	Ilya Danishevsky						Literature without Borders	
075217fa-b902-4000-8376-e41e3bdb5da7		https://tamizdatproject.org/publications/miasorubka-mossa/	miasorubka-mossa	Мясорубка Мосса		Miasorubka Mossa		2025	Riga	New York University | New York Public Library | Brooklyn Public Library | Princeton University Library | Yale University Library | University of Pennsylvania Libraries | Harvard University | Michigan State University Libraries | San Mateo County Library | Humboldt-Universität zu Berlin, Universitätsbibliothek, Jacob-und-Wilhelm-Grimm-Zentrum	Sergei Kuznetsov. <i>Miasorubka Mossa</i>. Riga: Meduza, 2025.	https://tamizdatproject.org/media/publication_images/myasorubka.png	Russian	Sergei Kuznetsov						Meduza	
2a5fd613-ee71-4c16-9b0a-c20391946ae1		https://tamizdatproject.org/publications/mir-krasivykh-babochek/	mir-krasivykh-babochek	Мир красивых бабочек		Mir krasivykh babochek		2025	Tel Aviv	New York University | Princeton University Library | University of Pennsylvania Libraries | Minuteman Library Network | Onondaga County Public Library | The Indianapolis Public Library | Miami Dade Public Library System | Austin Public Library | Multnomah County Library	Ivan Vyrypaev. <i>Mir krasivykh babochek</i>. Tel Aviv: Babel Books Tel Aviv, 2025.	https://tamizdatproject.org/media/publication_images/mir_krasivykh_babochek.jpg	Russian	Ivan Vyrypaev						Babel Books Tel Aviv	
3a9e0641-c7ad-4fea-9382-f1705a7efe4e		https://tamizdatproject.org/publications/moi-tiuremnyi-trip/	moi-tiuremnyi-trip	Мой тюремный трип		Moi tiuremnyi trip		2025	Riga [Place of publication listed on title page is fictitious. Actual place of publication is unknown]	New York University | Columbia University in the City of New York | Princeton University Library | University of Pennsylvania Libraries | Bryn Mawr College | Harvard University | Library of Congress | Middlebury College Library | University of Toronto Group | Cleveland Public Library | University of Illinois at Urbana Champaign | University of California, Los Angeles | San Francisco Public Library | San Mateo County Library | Universitätsbibliothek Bern | Zentralbibliothek Zürich | LIBRIS | Universität Konstanz, Kommunikations-, Informations-, Medienzentrum (KIM) | Staatsbibliothek zu Berlin - Preußischer Kulturbesitz, Haus Potsdamer Straße | Bayerische Staatsbibliothek	Sasha Skochilenko. <i>Moi tiuremnyi trip</i>. Riga: Freedom Letters, 2025.	https://tamizdatproject.org/media/publication_images/d8af80bcc91a44ad88fcc21c0abdeece.webp	Russian	Sasha Skochilenko						Freedom Letters	
182d139d-0d01-45e3-902d-4bc88a9e6b12		https://tamizdatproject.org/publications/muranenrohrling/	muranenrohrling	Muränenröhrling		Muränenröhrling		2025	Berlin	Universitätsbibliothek Basel | Universitätsbibliothek Bern | Zentralbibliothek Zürich | Staatsbibliothek zu Berlin - Preußischer Kulturbesitz, Haus Potsdamer Straße | Humboldt-Universität zu Berlin, Universitätsbibliothek, Jacob-und-Wilhelm-Grimm-Zentrum	Viktar Žybul. <i>Muränenröhrling</i>. Translated by Thomas Weiler. Berlin: hochroth Minsk, 2025.	https://tamizdatproject.org/media/publication_images/Снимок-экрана-2025-10-14-в-19.40.24.png	German	Viktar Žybul				Thomas Weiler		hochroth Minsk	
dae39695-2d2a-43e0-9b27-c75d6461172e		https://tamizdatproject.org/publications/publication-3/	publication-3	Мужское государство		Muzhskoe gosudarstvo		2025	[Place Unidentified]	None	***** ******. <i>Muzhskoe gosudarstvo</i>. [Place Unidentified]: Freedom Letters, 2025.	https://tamizdatproject.org/media/publication_images/publication-3.jpeg	Russian	***** ******						Freedom Letters	
38058702-15c3-4bbf-ab82-17fe9162a902		https://tamizdatproject.org/publications/naberezhnaia-reki-fontanki-chetnaia-storona/	naberezhnaia-reki-fontanki-chetnaia-storona	Набережная реки Фонтанки, четная сторона		Naberezhnaia reki Fontanki, chetnaia storona		2025	[Place Unidentified]	New York University | Columbia University in the City of New York | Princeton University Library | University of Pennsylvania Libraries	Laima Anderson. <i>Naberezhnaia reki Fontanki, chetnaia storona</i>. [Place Unidentified]: Shell(f) Publishing, 2025.	https://tamizdatproject.org/media/publication_images/Screen_Shot_2025-12-10_at_11.42.55_AM.png	Russian	Laima Anderson						Shell(f) Publishing	
94e62907-d6c7-4482-8d44-3a1e3e2238c0		https://tamizdatproject.org/publications/nabokov-bez-lolity/	nabokov-bez-lolity	Набоков без Лолиты		Nabokov bez Lolity		2025	Tel Aviv	New York University | Queens Public Library | BCCLS | Princeton University Library | University of Pennsylvania Libraries | Minuteman Library Network | Cornell University Library | LA COUNTY LIBRARY | Universitäts- und Stadtbibliothek Köln, Hauptabteilung | BNUS - Bibliotheque Nationale Universitaire de Strasbourg	Vyacheslav Kuritsyn. <i>Nabokov bez Lolity</i>. Tel Aviv: Babel Books Tel Aviv, 2025.	https://tamizdatproject.org/media/publication_images/71mpcBNgksL._SL1360.jpg	Russian	Vyacheslav Kuritsyn						Babel Books Tel Aviv	
3ada1f1c-3a42-4264-a875-e9d108700c8c		https://tamizdatproject.org/publications/nalegke/	nalegke	Налегке		Nalegke		2025	Vilnius	New York University | New York Public Library | Queens Public Library | Princeton University Library | Yale University Library | University of Pennsylvania Libraries | Minuteman Library Network | Harvard University | University of Michigan | Niles Maine District Library | Cooperative Computer Services | Tulane University | San Diego County Library | Washington County Cooperative Library Services | Sunnyvale Public Library	Anri Moroz. <i>Nalegke</i>. Vilnius: Kust Press, 2025.	https://tamizdatproject.org/media/publication_images/nalegke.jpg	Russian	Anri Moroz						Kust Press	
b00d8795-af3b-4f7b-88f9-7d7b1e19c942		https://tamizdatproject.org/publications/napisano-v-zapadnom-berline/	napisano-v-zapadnom-berline	Написано в Западном Берлине		Napisano v Zapadnom Berline		2025	[Place Unidentified]	New York University | Columbia University in the City of New York | Princeton University Library | Yale University Library | University of Pennsylvania Libraries | BNUS - Bibliotheque Nationale Universitaire de Strasbourg	Larisa Muravieva. <i>Napisano v Zapadnom Berline</i>. [Place Unidentified]: Shell(f) Publishing, 2025.	https://tamizdatproject.org/media/publication_images/napisano-v-zapadnom-berline.png	Russian	Larisa Muravieva						Shell(f) Publishing	
60b8511b-43a1-4f9c-ad37-32ab030f74bc	1	https://tamizdatproject.org/publications/na-saniakh/	na-saniakh	На санях		Na saniakh		2025	Riga	New York University | New York Public Library | Brooklyn Public Library | Princeton University Library | University of Pennsylvania Libraries | Minuteman Library Network | Harvard University | Cleveland Public Library | University of Michigan | Michigan State University Libraries | Skokie Public Library | Arlington Heights Memorial Library | Milwaukee Public Library | Winnipeg Public Library | University of Arizona Libraries | King County Library System | Multnomah County Library | San Mateo County Library | Universitätsbibliothek Basel | LIBRIS | Bayerische Staatsbibliothek	Boris Akunin. <i>Na saniakh</i>. Riga: BAbook, 2025.	https://tamizdatproject.org/media/publication_images/na-saniakh_7gGKj7a.jpg	Russian	Boris Akunin						BAbook	
e34a1462-b5ba-4415-8334-fd2592b662b6		https://tamizdatproject.org/publications/nashi-1/	nashi-1	Наши		Nashi		2025	Riga [Place of publication listed on title page is fictitious. Actual place of publication is unknown]	New York University | The Ferguson Library | Princeton University Library | University of Pennsylvania Libraries | University of Illinois at Urbana Champaign | University of California, Los Angeles | San Francisco Public Library | Staats- und Universitätsbibliothek Bremen | Staatsbibliothek zu Berlin - Preußischer Kulturbesitz, Haus Potsdamer Straße	Aleksandr Genis. <i>Nashi</i>. Riga: Freedom Letters, 2025.	https://tamizdatproject.org/media/publication_images/65f89dce4b2440ef8711e09cc3d62fa2.webp	Russian	Aleksandr Genis						Freedom Letters	
a176e794-e111-467d-86aa-e3c2b9b06789		https://tamizdatproject.org/publications/natutejsaja-daliacynia/	natutejsaja-daliacynia	Нетутэйшая далечыня		Natutėjšaja daliačynia		2025	Ząbki	National Library of Poland, Biblioteka Narodowa	Ihar Kulikoŭ. <i>Natutėjšaja daliačynia</i>. Ząbki: Yanushkevich Publishing, 2025.	https://tamizdatproject.org/media/publication_images/Screenshot_2025-11-15_at_22.32.07.png	Belarusian	Ihar Kulikoŭ						Yanushkevich Publishing	
2719ff39-e56b-44b6-bfd0-3e48b7ed201b		https://tamizdatproject.org/publications/na-voine-vyzhivaiut-tolko-kaktusy-zametki-iz-buchi/	na-voine-vyzhivaiut-tolko-kaktusy-zametki-iz-buchi	На войне выживают только кактусы. Заметки из Бучи		Na voine vyzhivaiut tol'ko kaktusy. Zametki iz Buchi		2025	Neukirchen-Vluyn	Columbia University in the City of New York | Princeton University Library | Minuteman Library Network | Library of Congress | Vanderbilt University Library | Deutsche Nationalbibliothek Frankfurt am Main | Freie Universität Berlin, Universitätsbibliothek, Zentralbibliothek | Deutsche Nationalbibliothek Leipzig | Bayerische Staatsbibliothek	Aleksandr Motsar. <i>Na voine vyzhivaiut tol'ko kaktusy. Zametki iz Buchi</i>. Neukirchen-Vluyn: Fresh Verlag, 2025.	https://tamizdatproject.org/media/publication_images/na-voine-vyzhivaiut-tolko-kaktusy-zametki-iz-buchi.jpg	Russian	Aleksandr Motsar						Fresh Verlag	
f9b116d2-e4de-4c17-84d2-d67610c8f671		https://tamizdatproject.org/publications/nechetnaia-storona/	nechetnaia-storona	Нечетная сторона		Nechetnaia storona		2025	Tel Aviv	New York University | Princeton University Library | University of Pennsylvania Libraries | Harvard University | Bayerische Staatsbibliothek	Gennady Kanevsky. <i>Nechetnaia storona</i>. Tel Aviv: Babel Books Tel Aviv, 2025.	https://tamizdatproject.org/media/publication_images/9789659320493_p0_v1_s600x595.jpg	Russian	Gennady Kanevsky						Babel Books Tel Aviv	
6a8c4aff-7c87-4aff-b894-c9f306b970d9	С расшифровкой	https://tamizdatproject.org/publications/nefritovye-chetki/	nefritovye-chetki	Нефритовые четки		Nefritovye chetki		2025	Riga	New York University | Princeton University Library | Miami Dade Public Library System | Contra Costa County Library	Boris Akunin. <i>Nefritovye chetki</i>. Riga: BAbook, 2025.	https://tamizdatproject.org/media/publication_images/nefritovye-chetki_PfrqaRn.jpg	Russian	Boris Akunin						BAbook	
3eddb93c-4a6f-41f1-94a3-f6ec08554df6		https://tamizdatproject.org/publications/publication-4/	publication-4	Непоправимое		Nepopravimoe		2025	Marseille [Place of publication listed on title page is fictitious. Actual place of publication is unknown]	New York University | Princeton University Library | Yale University Library | University of Pennsylvania Libraries | Skokie Public Library | Staatsbibliothek zu Berlin - Preußischer Kulturbesitz, Haus Potsdamer Straße	Veronika Dolina. <i>Nepopravimoe</i>. Marseille: Freedom Letters, 2025.	https://tamizdatproject.org/media/publication_images/publication-4.jpeg	Russian	Veronika Dolina						Freedom Letters	
1716ca6f-ae01-4a81-9e71-6b67a14d5145		https://tamizdatproject.org/publications/nepravilnye-stikhi/	nepravilnye-stikhi	Неправильные стихи		Nepravilnye stikhi		2025	Ozolnieki	Princeton University Library | University of Pennsylvania Libraries	Mikhail Sukhotin. <i>Nepravilnye stikhi</i>. Ozolnieki: Literature without Borders, 2025.	https://tamizdatproject.org/media/publication_images/30566.jpg	Russian	Mikhail Sukhotin						Literature without Borders	
fdf175c1-42a7-4ea0-89e9-fd9b71ccf0cc		https://tamizdatproject.org/publications/nevovremia-mama/	nevovremia-mama	(Не)вовремя мама		(Ne)vovremia mama		2025	[Place Unidentified]	None	Natalia Avdeeva. <i>(Ne)vovremia mama</i>. [Place Unidentified]: Shell(f) Publishing, 2025.	https://tamizdatproject.org/media/publication_images/nevovremia-mama_y7oaUnz.jpg	Russian	Natalia Avdeeva						Shell(f) Publishing	
8b9385c6-4ac8-428c-a91e-7fdec392319c		https://tamizdatproject.org/publications/ne-zakryvai-glaza-voina-i-emigratsiia-dnevnik-zhurnalista/	ne-zakryvai-glaza-voina-i-emigratsiia-dnevnik-zhurnalista	Не закрывай глаза: Война и эмиграция. Дневник журналиста		Ne zakryvai glaza: Voina i emigratsiia. Dnevnik zhurnalista		2025	Berlin [Place of publication listed on title page is fictitious. Actual place of publication is unknown]	Princeton University Library | New York University | Columbia University in the City of New York | University of Pennsylvania Libraries | University of Toronto Group | University of Illinois at Urbana Champaign | University of California, Los Angeles | San Francisco Public Library	Olesya Gerasimenko. <i>Ne zakryvai glaza: Voina i emigratsiia. Dnevnik zhurnalista</i>. Berlin: Freedom Letters, 2025.	https://tamizdatproject.org/media/publication_images/f2d0c01316fa46aa817bb219a4e92c3e.webp	Russian	Olesya Gerasimenko						Freedom Letters	
7d65721f-8878-4fbd-87e8-4dce05471ea9		https://tamizdatproject.org/publications/nezamechennoe-pokolenie-kontekst-sudby-temy/	nezamechennoe-pokolenie-kontekst-sudby-temy	Незамеченное поколение. Контекст. Судьбы. Темы		Nezamechennoe pokolenie. Kontekst. Sud'by. Temy		2025	Tel Aviv	New York University | Princeton University Library | Yale University Library | University of Pennsylvania Libraries	<i>Nezamechennoe pokolenie. Kontekst. Sud'by. Temy</i>. Edited by Polina Proskurina-Yanovich. Tel Aviv: Babel Books Tel Aviv, 2025.	https://tamizdatproject.org/media/publication_images/Screen_Shot_2025-12-10_at_4.01.29_PM.png	Russian			Polina Proskurina-Yanovich				Babel Books Tel Aviv	
b5393da8-7666-48f8-85c0-d71162527540		https://tamizdatproject.org/publications/ne-znaiu-ne-znaiu/	ne-znaiu-ne-znaiu	Не знаю, не знаю		Ne znaiu, ne znaiu		2025	New York	New York University | Columbia University in the City of New York | University of Pennsylvania Libraries | Minuteman Library Network | Milwaukee Public Library	Igor Pomerantsev. <i>Ne znaiu, ne znaiu</i>. New York: Virgola Press, 2025.	https://tamizdatproject.org/media/publication_images/ne-znaiu-ne-znaiu.png	Russian	Igor Pomerantsev						Virgola Press	
5e331470-4c98-4dfc-82b3-1468094f68bb		https://tamizdatproject.org/publications/nikakikh-sviaznykh-tsepochek/	nikakikh-sviaznykh-tsepochek	Никаких связных цепочек		Nikakikh sviaznykh tsepochek		2025	[Place Unidentified]	None	Ada Vatamota. <i>Nikakikh sviaznykh tsepochek</i>. [Place Unidentified]: Shell(f) Publishing, 2025.	https://tamizdatproject.org/media/publication_images/nikakikh-sviaznykh-tsepochek_1z1CWos.jpg	Russian	Ada Vatamota						Shell(f) Publishing	
259e20c6-b94c-4b46-b535-d38b434e646f	1	https://tamizdatproject.org/publications/nosorogi-v-knizhnoi-lavke/	nosorogi-v-knizhnoi-lavke	Носороги в книжной лавке		Nosorogi v knizhnoi lavke		2025	Petrograd [Place of publication listed on title page is fictitious. Actual place of publication is unknown]	New York University | New York Public Library | Brooklyn Public Library | Princeton University Library | Yale University Library | University of Pennsylvania Libraries | University of Toronto Group | University of North Carolina at Chapel Hill. University Libraries | Emory University | University of Illinois at Urbana Champaign | University of Alberta | UC Berkeley Libraries | San Francisco Public Library | Zentralbibliothek Zürich | Universität Konstanz, Kommunikations-, Informations-, Medienzentrum (KIM) | Bayerische Staatsbibliothek	<i>Nosorogi v knizhnoi lavke</i>. Edited by Uliana Yakovleva, Grigory Arosev. Petrograd: Freedom Letters, 2025.	https://tamizdatproject.org/media/publication_images/nosorogi-v-knizhnoi-lavke_fNjZGu0.jpeg	Russian			Uliana Yakovleva; Grigory Arosev				Freedom Letters	
49778edb-20b6-452c-8db8-837d7bab8316		https://tamizdatproject.org/publications/nya-kontaktdon/	nya-kontaktdon	Новые разъемы		Nya kontaktdon		2025	Stockholm	New York University | Princeton University Library | Yale University Library | University of Pennsylvania Libraries | UC Berkeley Libraries	Semyon Khanin. <i>Nya kontaktdon</i>. Translated by Mikael Nydahl, Lyda Starodubtseva. Stockholm: Hyperboreus, 2025.	https://tamizdatproject.org/media/publication_images/Screen_Shot_2025-12-08_at_11.05.15_AM.png	Russian	Semyon Khanin				Mikael Nydahl | Lyda Starodubtseva		Hyperboreus	
0b78dc6e-cc67-4729-8c40-d0ed114aa976	1	https://tamizdatproject.org/publications/obrechennye-na-rol-liubuiu-sbornik-stikhotvorenii-poetov-nezamechennogo-pokoleniia-1/	obrechennye-na-rol-liubuiu-sbornik-stikhotvorenii-poetov-nezamechennogo-pokoleniia-1	Обреченные на роль любую	Сборник стихотворений поэтов "незамеченного поколения"	Un rôle à jouer	Anthologie de la poesie de la generation inaperçue	2025	Paris	New York University | Princeton University Library | Yale University Library | University of Pennsylvania Libraries | Harvard University | Bibliothèque nationale de France | Royal Danish Library - (DKB)	<i>Un rôle à jouer</i>. Edited by Roma Liberov. Translated by Paul Lequesne. Paris: Éditions Tourgueneff, 2025.	https://tamizdatproject.org/media/publication_images/obrechennye-na-rol-liubuiu-sbornik-stikhotvorenii-_327r479.png	French | Russian			Roma Liberov		Paul Lequesne		Éditions Tourgueneff	
48e0d4e8-999f-47d4-8edf-4ac8f0e81176	1	https://tamizdatproject.org/publications/obrechennye-na-rol-liubuiu-sbornik-stikhotvorenii-poetov-nezamechennogo-pokoleniia/	obrechennye-na-rol-liubuiu-sbornik-stikhotvorenii-poetov-nezamechennogo-pokoleniia	Обреченные на роль любую	Сборник стихотворений поэтов "незамеченного поколения"	Condemned to All That Fate Assigns	A collection of poems by poets of the ‘unnoticed’ generation	2025	Paris	New York University | Princeton University Library | Yale University Library | University of Pennsylvania Libraries | Harvard University | Danish Union Catalogue and Danish National Bibliography | Royal Danish Library - (DKB) | Universitätsbibliothek Bamberg	<i>Condemned to All That Fate Assigns</i>. Edited by Roma Liberov. Translated by Nastia Khokhlova. Paris: Éditions Tourgueneff, 2025.	https://tamizdatproject.org/media/publication_images/obrechennye-na-rol-liubuiu-sbornik-stikhotvorenii-_4YjmZpm.png	English | Russian			Roma Liberov		Nastia Khokhlova		Éditions Tourgueneff	
7d1feaff-a07a-4b1c-841b-e95caef0f2b1		https://tamizdatproject.org/publications/odinochestva-net-zhdite/	odinochestva-net-zhdite	Одиночества нет, ждите		Odinochestva net, zhdite		2025	[Place Unidentified]	New York University | University of Pennsylvania Libraries | Princeton University Library	Katya Krylova. <i>Odinochestva net, zhdite</i>. [Place Unidentified]: Shell(f) Publishing, 2025.	https://tamizdatproject.org/media/publication_images/krylova_130h200_2-999x1536.jpg	Russian	Katya Krylova						Shell(f) Publishing	
cf36f0d6-19f8-49b6-a596-70582961a7f0		https://tamizdatproject.org/publications/odinochestvo/	odinochestvo	Одиночество		Odinochestvo		2025	Vienna [Place of publication listed on title page is fictitious. Actual place of publication is unknown]	New York University | New York Public Library | Princeton University Library | University of Pennsylvania Libraries | University of Illinois at Urbana Champaign | University of California, Los Angeles	Ivan Chekalov. <i>Odinochestvo</i>. Vienna: Freedom Letters, 2025.	https://tamizdatproject.org/media/publication_images/odinochestvo.png	Russian	Ivan Chekalov						Freedom Letters	
1ed8ffa2-3e6f-4efa-972b-085812b3a406		https://tamizdatproject.org/publications/o-liudiakh-i-tarakanakh/	o-liudiakh-i-tarakanakh	О людях и тараканах		O liudiakh i tarakanakh		2025	New York	New York University | Columbia University in the City of New York | Princeton University Library | Boston College	Natalia Reznik. <i>O liudiakh i tarakanakh</i>. New York: Virgola Press, 2025.	https://tamizdatproject.org/media/publication_images/o-liudiakh-i-tarakanakh.jpg	Russian	Natalia Reznik						Virgola Press	
0239ba3e-0821-49b2-a356-fffdfc2798e1		https://tamizdatproject.org/publications/osobennoe-vremia/	osobennoe-vremia	Особенное время		Osobennoe vremia		2025	New York [Place of publication listed on title page is fictitious. Actual place of publication is unknown]	New York University | Columbia University in the City of New York | Princeton University Library | University of Pennsylvania Libraries | Cleveland Public Library | University of Illinois at Urbana Champaign | University of California, Los Angeles | San Francisco Public Library	Henry Lion Oldie. <i>Osobennoe vremia</i>. New York: Freedom Letters, 2025.	https://tamizdatproject.org/media/publication_images/5508651109ce41628f70aabd9155d562.webp	Russian	Henry Lion Oldie						Freedom Letters	
0fdcbc9b-4518-4185-9630-29547786cd4f		https://tamizdatproject.org/publications/otpechatok-vremeni/	otpechatok-vremeni	Отпечаток времени		Otpechatok vremeni		2025	Neukirchen-Vluyn	New York University | New York Public Library | Princeton University Library | University of Chicago Library | Universitätsbibliothek Würzburg | Deutsche Nationalbibliothek Frankfurt am Main | Deutsche Nationalbibliothek Leipzig	Yona Kogan. <i>Otpechatok vremeni</i>. Neukirchen-Vluyn: Fresh Verlag, 2025.	https://tamizdatproject.org/media/publication_images/otpechatok-vremeni.jpg	Russian	Yona Kogan						Fresh Verlag	
8c5d27df-1561-48b4-818b-4edc4641d112		https://tamizdatproject.org/publications/paspiec-da-ciemry/	paspiec-da-ciemry	Паспець да цемры		Paspieć da ciemry		2025	Vilnius	Harvard University | Princeton University Library | Zentralbibliothek Zürich | Staatsbibliothek zu Berlin - Preußischer Kulturbesitz, Haus Potsdamer Straße	Tafilia Bahač, Paŭlina Kot. <i>Paspieć da ciemry</i>. Vilnius: Pflaŭmbaŭm, 2025.	https://tamizdatproject.org/media/publication_images/paspiec-da-ciemry.jpg	Belarusian	Tafilia Bahač | Paŭlina Kot						Pflaŭmbaŭm	
b17d3725-5d81-4e5e-9014-68e806cdeab8		https://tamizdatproject.org/publications/pax-romana-tom-1/	pax-romana-tom-1	Pax Romana. Том 1	Сборник в честь 80-летия Романа Давидовича Тименчика	Pax Romana. Tom 1	Sbornik v chest' 80-letiia Romana Davidovicha Timenchika	2025	Frankfurt am Main	None	<i>Pax Romana. Tom 1</i>. Frankfurt am Main: Esterum Publishing, 2025.	https://tamizdatproject.org/media/publication_images/pax-romana-tom-1_PuG53zj.jpg	Russian							Esterum Publishing	
c8462706-f408-4061-8c31-3e18b6d34cf3		https://tamizdatproject.org/publications/pax-romana-tom-2/	pax-romana-tom-2	Pax Romana. Том 2	Сборник в честь 80-летия Романа Давидовича Тименчика	Pax Romana. Tom 2	Sbornik v chest' 80-letiia Romana Davidovicha Timenchika	2025	Frankfurt am Main	None	<i>Pax Romana. Tom 2</i>. Frankfurt am Main: Esterum Publishing, 2025.	https://tamizdatproject.org/media/publication_images/pax-romana-tom-2_0zRpYGs.jpg	Russian							Esterum Publishing	
6d1b9a08-abcf-4b6c-924d-7683b9abcb4e		https://tamizdatproject.org/publications/pelagia-i-belyi-buldog/	pelagia-i-belyi-buldog	Пелагия и белый бульдог		Pelagia i belyi buldog		2025	Riga	New York University | BCCLS | Princeton University Library | Boston Public Library | Skokie Public Library | Niles Maine District Library | Hennepin County Library | Contra Costa County Library | Universitätsbibliothek Bern | Humboldt-Universität zu Berlin, Universitätsbibliothek, Jacob-und-Wilhelm-Grimm-Zentrum | Bayerische Staatsbibliothek	Boris Akunin. <i>Pelagia i belyi buldog</i>. Riga: BAbook, 2025.	https://tamizdatproject.org/media/publication_images/covers-979-8-9902816-3-9-200x317.jpg	Russian	Boris Akunin						BAbook	
2e7949e6-0668-4739-bcd9-f690a7c81249	1	https://tamizdatproject.org/publications/pered-kontsom-istorii-grani-russkogo-antimira/	pered-kontsom-istorii-grani-russkogo-antimira	Перед концом истории? Грани русского антимира		Pered kontsom istorii? Grani russkogo antimira		2025	New York [Place of publication listed on title page is fictitious. Actual place of publication is unknown]	New York University | Princeton University Library | Yale University Library | University of Pennsylvania Libraries | Middlebury College Library | Cleveland Public Library | University of North Carolina at Chapel Hill. University Libraries | Emory University | University of Alberta | San Francisco Public Library | Universitätsbibliothek Basel | Universitätsbibliothek Würzburg | Universitätsbibliothek der LMU München | Bayerische Staatsbibliothek | Sciences Po Paris | BNUS - Bibliotheque Nationale Universitaire de Strasbourg | Universitätsbibliothek Bern | Università di Padova - Biblioteca Beato Pellegrino di Studi Letterari, Linguistici, Pedagogici e dello Spettacolo	Mikhail Epshtein. <i>Pered kontsom istorii? Grani russkogo antimira</i>. New York: Freedom Letters, 2025.	https://tamizdatproject.org/media/publication_images/pered-kontsom-istorii-grani-russkogo-antimira_uLxMU0E.jpeg	Russian	Mikhail Epshtein						Freedom Letters	
cd88c4e2-7d7b-46be-bd19-4cc1915d67f6		https://tamizdatproject.org/publications/pgt-dikson-trilogiia/	pgt-dikson-trilogiia	ПГТ Диксон. Трилогия		PGT Dikson. Trilogiia		2025	Tel Aviv	New York University | Princeton University Library | University of Pennsylvania Libraries | Cornell University Library | Harvard University | The British Library, St. Pancras | Bayerische Staatsbibliothek	Viktor Melamed. <i>PGT Dikson. Trilogiia</i>. Tel Aviv: Babel Books Tel Aviv, 2025.	https://tamizdatproject.org/media/publication_images/Melamed_PGT_Dikson.jpg	Russian	Viktor Melamed						Babel Books Tel Aviv	
b778a290-670d-4cf4-87c9-3afee48cd370		https://tamizdatproject.org/publications/pinsk-transit/	pinsk-transit	Пинский проезд		Pinsk transit		2025	Berlin	New York University | University of Pennsylvania Libraries | Harvard University | Princeton University Library | Universitätsbibliothek Bern	Felix Chechyk. <i>Pinsk transit</i>. Berlin: hochroth Minsk, 2025.	https://tamizdatproject.org/media/publication_images/Снимок-экрана-2025-06-07-в-09.30.30.png	Russian	Felix Chechyk						hochroth Minsk	
0583e09d-ca6e-44fa-a09d-8ab7e9e2b7f3		https://tamizdatproject.org/publications/pobeda/	pobeda	Победа		Pobeda		2025	Ozolnieki	New York University | Princeton University Library | Stanford University	Mikhail Nemtsev. <i>Pobeda</i>. Ozolnieki: Literature without Borders, 2025.	https://tamizdatproject.org/media/publication_images/nemtzev-cover.jpg	Russian	Mikhail Nemtsev						Literature without Borders	
c2b61dba-ff7c-44b0-bb38-696de1a51ee1		https://tamizdatproject.org/publications/podem/	podem	Подъём		Pod'em		2025	Ithaca [Place of publication listed on title page is fictitious. Actual place of publication is unknown]	New York University | Columbia University in the City of New York | The Ferguson Library | Princeton University Library | University of Pennsylvania Libraries | Cleveland Public Library | University of Illinois at Urbana Champaign | Multnomah County Library | University of California, Los Angeles | San Francisco Public Library | Universitätsbibliothek Kiel, Zentralbibliothek | Staatsbibliothek zu Berlin - Preußischer Kulturbesitz, Haus Potsdamer Straße	Dmitry Bykov. <i>Pod'em</i>. Ithaca: Freedom Letters, 2025.	https://tamizdatproject.org/media/publication_images/518f727568e14a7c9ecf10eb8ce149b5.webp	Russian	Dmitry Bykov						Freedom Letters	
ccc2147c-6579-4c17-a4a5-6b2c485e1899		https://tamizdatproject.org/publications/poslednie-dni-shakhskogo-irana/	poslednie-dni-shakhskogo-irana	Последние дни шахского Ирана		Poslednie dni shakhskogo Irana		2025	Oslo [Place of publication listed on title page is fictitious. Actual place of publication is unknown]	New York University | New York Public Library | Brooklyn Public Library | Columbia University in the City of New York | Princeton University Library | University of Illinois at Urbana Champaign | San Francisco Public Library	Mikhail Krutikhin. <i>Poslednie dni shakhskogo Irana</i>. Oslo: Freedom Letters, 2025.	https://tamizdatproject.org/media/publication_images/6e0f4269bf6d4f93963dd4b23c9f46dc.webp	Russian	Mikhail Krutikhin						Freedom Letters	
b95118ba-6478-4b64-8a64-bafa37d5a584		https://tamizdatproject.org/publications/posle-fevralia-stikhi-i-proza-ukrainskikh-avtorov/	posle-fevralia-stikhi-i-proza-ukrainskikh-avtorov	После февраля. Стихи и проза украинских авторов		Posle fevralia. Stikhi i proza ukrainskikh avtorov		2025	[Place Unidentified]	New York University | Princeton University Library | Yale University Library | University of Bristol Library	<i>Posle fevralia. Stikhi i proza ukrainskikh avtorov</i>. [Place Unidentified]: 5th Wave, 2025.	https://tamizdatproject.org/media/publication_images/posle-fevralia-stikhi-i-proza-ukrainskikh-avtorov.jpg	Russian							5th Wave	
dca82305-1734-4bb1-bb1a-8169986b3f2a		https://tamizdatproject.org/publications/poteriannye-v-pamiati-obscshestvo-memorial-i-borba-za-proshloe-rossii/	poteriannye-v-pamiati-obscshestvo-memorial-i-borba-za-proshloe-rossii	Потерянные в памяти: общество «Мемориал» и борьба за прошлое в России		Poteriannye v pamiati: obscshestvo "Memorial" i bor'ba za proshloe Rossii		2025	Astana	New York University | Princeton University Library | Yale University Library | University of Pennsylvania Libraries | University of Pittsburgh | University of North Carolina at Chapel Hill. University Libraries | University of Michigan | King County Library System | UC Berkeley Libraries | Universitätsbibliothek Bern | Universitätsbibliothek Würzburg | Freie Universität Berlin, Universitätsbibliothek, Zentralbibliothek | Bayerische Staatsbibliothek | Sciences Po Paris | Staats- und Universitätsbibliothek Hamburg Carl von Ossietzky	Sergei Bondarenko. <i>Poteriannye v pamiati: obscshestvo "Memorial" i bor'ba za proshloe Rossii</i>. Astana: Ricochet, 2025.	https://tamizdatproject.org/media/publication_images/poteryannye-v-pamyati-obshhestvo-memorial-i-borba-za-proshloe-v-rossii-2-1366x2048.jpg	Russian	Sergei Bondarenko						Ricochet	
daec4151-8c4f-4fbb-a4c6-cafca09c7355		https://tamizdatproject.org/publications/pov/	pov	P.O.V.		P.O.V.		2025	Berlin	Princeton University Library	Georgij Bartosh. <i>P.O.V.</i> Berlin: hochroth Minsk, 2025.	https://tamizdatproject.org/media/publication_images/Снимок-экрана-2025-11-04-в-22.30.43.png	Russian	Georgij Bartosh						hochroth Minsk	
d1ecc8fd-7e42-4a40-b3ff-70c25ba35e88		https://tamizdatproject.org/publications/publication/	publication	Повстанец		Povstanets		2025	Chicago [Place of publication listed on title page is fictitious. Actual place of publication is unknown]	New York University | Princeton University Library	Russell Working. <i>Povstanets</i>. Edited by Maksim Nemtsov. Chicago: Freedom Letters, 2025.	https://tamizdatproject.org/media/publication_images/publication.jpeg	Russian	Russell Working		Maksim Nemtsov			Nonna Working	Freedom Letters	
59e7aad5-1ae7-459e-959d-282e07cd209b		https://tamizdatproject.org/publications/predel-pokhavaly-i-razrusheniia/	predel-pokhavaly-i-razrusheniia	Предел похвалы и разрушения		Predel pokhavaly i razrusheniia		2025	Ozolnieki	New York University | Princeton University Library | Stanford University	Yulia Tannelvits Tannelvits. <i>Predel pokhavaly i razrusheniia</i>. Ozolnieki: Literature without Borders, 2025.	https://tamizdatproject.org/media/publication_images/predely.png	Russian	Yulia Tannelvits Tannelvits						Literature without Borders	
0755519e-b57e-41a3-9859-e97cb17ca6bd		https://tamizdatproject.org/publications/prikhodiat-mertvye/	prikhodiat-mertvye	Приходят мертвые		Prikhodiat mertvye		2025	Ozolnieki	New York University | Princeton University Library | Stanford University	Linor Goralik. <i>Prikhodiat mertvye</i>. Ozolnieki: Literature without Borders, 2025.	https://tamizdatproject.org/media/publication_images/598820972_10163782965898769_5088020493722532146_n-1.jpg	Russian	Linor Goralik						Literature without Borders	
ec3724ea-b257-4da5-897a-66bda35fd4f9		https://tamizdatproject.org/publications/prosto-klassika-antiuchebnik-po-literature/	prosto-klassika-antiuchebnik-po-literature	Просто классика! Антиучебник по литературе		Prosto klassika! Antiuchebnik po literature		2025	Bratislava	New York University | New York Public Library | Brooklyn Public Library | Princeton University Library | Yale University Library | University of Pennsylvania Libraries | University of Illinois at Urbana Champaign | University of Arizona Libraries | Staats- und Universitätsbibliothek Bremen | BNUS - Bibliotheque Nationale Universitaire de Strasbourg	Aleksandr Arkhangelsky. <i>Prosto klassika! Antiuchebnik po literature</i>. Bratislava: Vidim Books, 2025.	https://tamizdatproject.org/media/publication_images/600x600-3.jpeg	Russian	Aleksandr Arkhangelsky						Vidim Books	
cc7439c1-607a-4514-9e42-f6909b70d620		https://tamizdatproject.org/publications/pushkin-kniga-pro-vse/	pushkin-kniga-pro-vse	Пушкин. Книга про всё		Pushkin. Kniga pro vse		2025	Bratislava	New York University | New York Public Library | Brooklyn Public Library | Princeton University Library | Yale University Library | University of Pennsylvania Libraries | University of Illinois at Urbana Champaign | University of Arizona Libraries | San Mateo County Library | Staats- und Universitätsbibliothek Bremen	Aleksandr Arkhangelsky. <i>Pushkin. Kniga pro vse</i>. Bratislava: Vidim Books, 2025.	https://tamizdatproject.org/media/publication_images/600x600-4.jpeg	Russian	Aleksandr Arkhangelsky						Vidim Books	
63bf9dab-42eb-431d-8f63-71d5f4b6ca05		https://tamizdatproject.org/publications/recits-de-linternat/	recits-de-linternat	Récits de l'internat		Récits de l'internat		2025	Paris	Bibliothèque nationale de France	Riva Evstifeeva. <i>Récits de l'internat</i>. Translated by Daria Sinikhina. Paris: Éditions Tourgueneff, 2025.	https://tamizdatproject.org/media/publication_images/CouvertureRécitsdelinternat.png	French	Riva Evstifeeva				Daria Sinikhina		Éditions Tourgueneff	
21189417-2657-43ad-a6cb-caff20f6d3d3		https://tamizdatproject.org/publications/rossiisko-ukrainskaia-voina-vozvrashchenie-istorii/	rossiisko-ukrainskaia-voina-vozvrashchenie-istorii	Российско-украинская война. Возвращение истории		Rossiisko-ukrainskaia voina. Vozvrashchenie istorii		2025	Tel Aviv	New York University | New York Public Library | Brooklyn Public Library | BCCLS | Princeton University Library | Yale University Library | University of Pennsylvania Libraries | Minuteman Library Network | Boston Public Library | Niles Maine District Library | Miami Dade Public Library System | Multnomah County Library | LA COUNTY LIBRARY | Alameda County Library | Sciences Po Paris	Serhii Plokhii. <i>Rossiisko-ukrainskaia voina. Vozvrashchenie istorii</i>. Translated by Aleksandr Turov. Tel Aviv: Babel Books Tel Aviv, 2025.	https://tamizdatproject.org/media/publication_images/Screen_Shot_2025-12-09_at_2.47.49_PM.png	Russian	Serhii Plokhii				Aleksandr Turov		Babel Books Tel Aviv	
5150e4dd-4597-4c8a-8eca-2e128eaf9384	1	https://tamizdatproject.org/publications/russia-after-putin-and-trump/	russia-after-putin-and-trump	Russia After Putin and Trump		Russia After Putin and Trump		2025	London [Place of publication listed on title page is fictitious. Actual place of publication is unknown]	New York University | Columbia University in the City of New York | Princeton University Library | University of Pennsylvania Libraries | San Francisco Public Library | Askews and Holts Library Services Ltd | Staatsbibliothek zu Berlin - Preußischer Kulturbesitz, Haus Potsdamer Straße | Universitätsbibliothek Bern | Zentralbibliothek Zürich	Sergei Shelin. <i>Russia After Putin and Trump</i>. London: Freedom Letters, 2025.	https://tamizdatproject.org/media/publication_images/russia-after-putin-and-trump_sb7nqZ0.jpeg	English	Sergei Shelin						Freedom Letters	
043a3f36-f6b9-494a-a915-49eb2098d763		https://tamizdatproject.org/publications/samoe-izbrannoe/	samoe-izbrannoe	Самое избранное		Samoe izbrannoe		2025	Tel Aviv	New York University | New York Public Library | Brooklyn Public Library | Columbia University in the City of New York | Princeton University Library | Yale University Library | University of Pennsylvania Libraries | Minuteman Library Network | LA COUNTY LIBRARY | BNUS - Bibliotheque Nationale Universitaire de Strasbourg	Aleksei Tsvetkov. <i>Samoe izbrannoe</i>. Tel Aviv: Babel Books Tel Aviv, 2025.	https://tamizdatproject.org/media/publication_images/Screen_Shot_2025-12-08_at_10.50.33_AM.png	Russian	Aleksei Tsvetkov						Babel Books Tel Aviv	
33de6bcb-bcd7-496e-90d4-ff391979757f		https://tamizdatproject.org/publications/sam-seks-kak-obsuzhdat-poluchat-i-dostavliat-udovolstvie/	sam-seks-kak-obsuzhdat-poluchat-i-dostavliat-udovolstvie	Сам секс. Как обсуждать, получать и доставлять удовольствие		Sam seks. Kak obsuzhdat', poluchat' i dostavliat' udovol'stvie		2025	Almaty	Yale University Library | King County Library System | Sno-Isle Libraries	Sasha Kazantseva. <i>Sam seks. Kak obsuzhdat', poluchat' i dostavliat' udovol'stvie</i>. Almaty: Ricochet, 2025.	https://tamizdatproject.org/media/publication_images/Screen_Shot_2025-12-08_at_12.10.53_PM.png	Russian	Sasha Kazantseva						Ricochet	
4974bda6-5166-4b20-9060-1ae929d09f71	1	https://tamizdatproject.org/publications/sdelka-s-diavolom/	sdelka-s-diavolom	Сделка с дьяволом	Немецко-русские отношения в период между Первой и Второй мировыми войнами	Sdelka s diavolom	Nemetsko-russkie otnosheniia v period mezhdu Pervoi i Vtoroi mirovymi voinami	2025	Hamburg	New York Public Library | Brooklyn Public Library | Staats- und Universitätsbibliothek Hamburg Carl von Ossietzky | Deutsche Nationalbibliothek Frankfurt am Main | Deutsche Nationalbibliothek Leipzig	Sebastian Haffner. <i>Sdelka s diavolom</i>. Translated by Elena Krabat. Hamburg: Stein Publishing, 2025.	https://tamizdatproject.org/media/publication_images/600x600-22.jpeg	Russian	Sebastian Haffner				Elena Krabat		Stein Publishing	
5130092b-40b7-4465-896b-045c5c18c352		https://tamizdatproject.org/publications/seichas-nachnetsia/	seichas-nachnetsia	Сейчас начнется		Seichas nachnetsia		2025	[Israel] Kyïv	New York University | New York Public Library | Princeton University Library | University of Pennsylvania Libraries	Aleksandr Kabanov. <i>Seichas nachnetsia</i>. [Israel] Kyïv: Kniga Sefer and Drukarskii Dvir Oleha Fedorova, 2025.	https://tamizdatproject.org/media/publication_images/seichas-nachnetsia.jpg	Russian	Aleksandr Kabanov						Kniga Sefer | Drukarskii Dvir Oleha Fedorova	
7a6f2fb4-d21b-4ea3-933e-e017f1c61dc5		https://tamizdatproject.org/publications/severnyi-marshrut/	severnyi-marshrut	Северный маршрут. Истории украинских беженцев, записанные волонтерами. 2022-2024		Severnyi marshrut. Istorii ukrainskikh bezhentsev, zapisannye volonterami. 2022-2024		2025	Bratislava	New York University | Columbia University in the City of New York | Princeton University Library | Yale University Library | University of Pennsylvania Libraries | Boston College | Michigan State University Libraries | University of Illinois at Urbana Champaign | University of Alberta | University of California, Los Angeles | San Mateo County Library | Bibliotheek Universiteit van Amsterdam	<i>Severnyi marshrut. Istorii ukrainskikh bezhentsev, zapisannye volonterami. 2022-2024</i>. Bratislava: Vidim Books, 2025.	https://tamizdatproject.org/media/publication_images/600x600-8.jpeg	Russian							Vidim Books	
40a1d45b-90ce-48ea-9075-551fea04c6e4	1	https://tamizdatproject.org/publications/shans-amerika-rossia-okno-vozmozhnostei/	shans-amerika-rossia-okno-vozmozhnostei	Шанс. Америка — Россия: окно возможностей		Shans. Amerika - Rossia: okno vozmozhnostei		2025	Almaty	New York University | Queens Public Library | Princeton University Library | Ramapo Catskill Library System | University of Pennsylvania Libraries | Minuteman Library Network | Harvard University | Library of Congress | Cleveland Public Library | Michigan State University Libraries | Niles Maine District Library | Ela Area Public Library District | University of Alberta | University of Arizona Libraries | Sno-Isle Libraries | Palo Alto City Library | Redwood City Public Library | Bayerische Staatsbibliothek | Sciences Po Paris	Sergei Aleksashenko. <i>Shans. Amerika - Rossia: okno vozmozhnostei</i>. Almaty: Ekho Knigi, 2025.	https://tamizdatproject.org/media/publication_images/shans-amerika-rossia-okno-vozmozhnostei_qDxdqTp.jpg	Russian	Sergei Aleksashenko						Ekho Knigi	
51218d1f-87d8-4f7c-b0a3-edd07775a443		https://tamizdatproject.org/publications/shchit-i-gugl/	shchit-i-gugl	Щит и гугл		Shchit i gugl		2025	Neukirchen-Vluyn	New York University | Columbia University in the City of New York | Princeton University Library | University of Pennsylvania Libraries | University of California, Los Angeles | Deutsche Nationalbibliothek Frankfurt am Main | Deutsche Nationalbibliothek Leipzig	Boris Ross. <i>Shchit i gugl</i>. Neukirchen-Vluyn: Fresh Verlag, 2025.	https://tamizdatproject.org/media/publication_images/5308761438.jpg	Russian	Boris Ross						Fresh Verlag	
3003b7cf-8bfd-46ad-bb75-d0c9d0589ee3		https://tamizdatproject.org/publications/shoumen-vladimir-zelensky-i-voina-v-ukraine/	shoumen-vladimir-zelensky-i-voina-v-ukraine	Шоумен. Владимир Зеленский и война в Украине		Shoumen. Vladimir Zelensky i voina v Ukraine		2025	Riga	New York University | Princeton University Library | University of Pennsylvania Libraries | Harvard University | Reed College Library | Yolo County Library | LIBRIS	Simon Shuster. <i>Shoumen. Vladimir Zelensky i voina v Ukraine</i>. Translated by Varvara Babitskaia. Riga: Meduza, 2025.	https://tamizdatproject.org/media/publication_images/shoumen-vladimir-zelensky-i-voina-v-ukraine.png	Russian	Simon Shuster				Varvara Babitskaia		Meduza	
78ef8ccd-febe-40cb-8c03-0cba308a9e18		https://tamizdatproject.org/publications/skazka/	skazka	Сказка		Skazka		2025	Petrograd [Place of publication listed on title page is fictitious. Actual place of publication is unknown]	New York University | New York Public Library | Brooklyn Public Library | The Ferguson Library | Princeton University Library | University of Pennsylvania Libraries | Boston College | Harvard University | Library of Congress | University of Virginia | Cleveland Public Library | University of Notre Dame | Indiana University | University of Chicago Library | University of Illinois at Urbana Champaign | University of Alberta | University of Washington Libraries | Fort Vancouver Regional Library District | Libraries in Clackamas County | Placer County Library | UC Berkeley Libraries | San Francisco Public Library | San Mateo County Library | Bibliothèque nationale de France | Staats- und Universitätsbibliothek Bremen | Universitätsbibliothek Kiel, Zentralbibliothek | BNUS - Bibliotheque Nationale Universitaire de Strasbourg | Zentralbibliothek Zürich | Universität Konstanz, Kommunikations-, Informations-, Medienzentrum (KIM) | Staatsbibliothek zu Berlin - Preußischer Kulturbesitz, Haus Potsdamer Straße	Vladimir Sorokin. <i>Skazka</i>. Petrograd: Freedom Letters, 2025.	https://tamizdatproject.org/media/publication_images/00c8f22fb72a4bdca724edc83ca58deb.webp	Russian	Vladimir Sorokin						Freedom Letters	
daeb349a-3d97-4e16-a1f7-5a51ed8bca74		https://tamizdatproject.org/publications/skelet-drakona/	skelet-drakona	Скелет дракона		Skelet drakona		2025	Neukirchen-Vluyn	New York University | Princeton University Library | Yale University Library | University of Pennsylvania Libraries | University of North Carolina at Chapel Hill. University Libraries | University of California, Los Angeles | Staats- und Universitätsbibliothek Bremen | Universitäts- und Landesbibliothek Sachsen-Anhalt / Zentrale | Staatsbibliothek zu Berlin - Preußischer Kulturbesitz, Haus Potsdamer Straße	Mikhail Sokolovsky. <i>Skelet drakona</i>. Neukirchen-Vluyn: Fresh Verlag, 2025.	https://tamizdatproject.org/media/publication_images/skelet-drakona.jpg	Russian	Mikhail Sokolovsky						Fresh Verlag	
0b86e76b-2bee-4964-95b6-84bf792c68c0		https://tamizdatproject.org/publications/sklianoje-dzicia/	sklianoje-dzicia	Шкляное дзіця		Šklianoje dzicia		2025	Vilnius	None	Maarja Kangro. <i>Šklianoje dzicia</i>. Vilnius: Pflaŭmbaŭm, 2025.	https://tamizdatproject.org/media/publication_images/sklianoje-dzicia.jpg	Belarusian	Maarja Kangro						Pflaŭmbaŭm	
58c148e8-e824-4e73-9c3e-789ded6450de		https://tamizdatproject.org/publications/slon/	slon	Слон		Slon		2025	Bratislava	New York University | Princeton University Library | Yale University Library | University of Pennsylvania Libraries | Harvard University | Tulane University | Fort Vancouver Regional Library District | Universitätsbibliothek Würzburg | Zentralbibliothek Zürich | Humboldt-Universität zu Berlin, Universitätsbibliothek, Jacob-und-Wilhelm-Grimm-Zentrum | Bayerische Staatsbibliothek | BNUS - Bibliotheque Nationale Universitaire de Strasbourg | Universitätsbibliothek Freiburg | LIBRIS | National Library of the Czech Republic | Bibliothèque cantonale et universitaire - Lausanne, site Unithèque	Sasha Filipenko. <i>Slon</i>. Bratislava: Vidim Books, 2025.	https://tamizdatproject.org/media/publication_images/600x600-6.jpeg	Russian	Sasha Filipenko						Vidim Books	
1aa81a86-e718-41d3-835f-76981575ef14		https://tamizdatproject.org/publications/slon-1/	slon-1	Слон		Slon		2025	Kraków	Bibliotheek Universiteit van Amsterdam | National Library of Poland, Biblioteka Narodowa | Staats- und Universitätsbibliothek Bremen | Zentralbibliothek Zürich	Sasha Filipenko. <i>Slon</i>. Kraków: Gutenberg, 2025.	https://tamizdatproject.org/media/publication_images/Screenshot_2025-11-16_at_22.10.10.png	Belarusian	Sasha Filipenko						Gutenberg	
0907cd85-5164-48a1-963d-96dab0aa2960		https://tamizdatproject.org/publications/slushaia-nochnoe-britanskoe-radio/	slushaia-nochnoe-britanskoe-radio	Слушая ночное британское радио		Slushaia nochnoe britanskoe radio		2025	Ozolnieki	Princeton University Library | University of Pennsylvania Libraries | Harvard University | University of North Carolina at Chapel Hill. University Libraries | UC Berkeley Libraries | Stanford University | Bayerische Staatsbibliothek	Maksim Goriunov. <i>Slushaia nochnoe britanskoe radio</i>. Ozolnieki: Literature without Borders, 2025.	https://tamizdatproject.org/media/publication_images/slushaia-nochnoe-britanskoe-radio.jpg	Russian	Maksim Goriunov						Literature without Borders	
8cc261a8-667c-4902-be18-033758b5e2db		https://tamizdatproject.org/publications/sny-po-zaiavkam/	sny-po-zaiavkam	Сны по заявкам		Sny po zaiavkam		2025	New York	New York University | Princeton University Library | University of Pennsylvania Libraries | Boston College | Michigan State University Libraries	Sergei Gandlevsky. <i>Sny po zaiavkam</i>. New York: Virgola Press, 2025.	https://tamizdatproject.org/media/publication_images/sny-po-zaiavkam.jpeg	Russian	Sergei Gandlevsky						Virgola Press	
9a842dcd-339c-4671-ba66-e9d08a013d19	2nd, expanded	https://tamizdatproject.org/publications/sokrovennaia-chura/	sokrovennaia-chura	Сокровенная Чура		Sokrovennaia Chura		2025	Neukirchen-Vluyn	New York University | Columbia University in the City of New York | BCCLS | Princeton University Library | University of Pennsylvania Libraries | Minuteman Library Network | Boston College | University of California, Los Angeles | Staats- und Universitätsbibliothek Bremen | Deutsche Nationalbibliothek Frankfurt am Main | Deutsche Nationalbibliothek Leipzig	Aleksandr Delfinov. <i>Sokrovennaia Chura</i>. Neukirchen-Vluyn: Fresh Verlag, 2025.	https://tamizdatproject.org/media/publication_images/Delfinov_CHURA-2880w.jpg	Russian	Aleksandr Delfinov						Fresh Verlag	
9bbb77cf-2374-49e6-b663-ab623f82fc7d		https://tamizdatproject.org/publications/stalinskie-kommandos-ukrainskie-partizanskie-formirovaniia-1941-1944/	stalinskie-kommandos-ukrainskie-partizanskie-formirovaniia-1941-1944	Сталинские коммандос: украинские партизанские формирования 1941—1944		Stalinskie kommandos: ukrainskie partizanskie formirovaniia 1941-1944		2025	Neukirchen-Vluyn	University of Pennsylvania Libraries | TU Berlin, Universitätsbibliothek | Bayerische Staatsbibliothek	Aleksandr Gogun. <i>Stalinskie kommandos: ukrainskie partizanskie formirovaniia 1941-1944</i>. Neukirchen-Vluyn: Fresh Verlag, 2025.	https://tamizdatproject.org/media/publication_images/stalinskie-kommandos-ukrainskie-partizanskie-formi.jpg	Russian	Aleksandr Gogun						Fresh Verlag	
25e12842-fa6d-47fd-b0c0-6f11dc59f404		https://tamizdatproject.org/publications/strana-reshivshaia-ne-byt/	strana-reshivshaia-ne-byt	Страна, решившая не быть		Strana, reshivshaia ne byt'		2025	Berlin [Place of publication listed on title page is fictitious. Actual place of publication is unknown]	New York University | New York Public Library | The Ferguson Library | Princeton University Library | University of Pennsylvania Libraries | University of Toronto Group | University of Illinois at Urbana Champaign | San Francisco Public Library | Zentralbibliothek Zürich	Andrei Arkhangelsky. <i>Strana, reshivshaia ne byt'</i>. Berlin: Freedom Letters, 2025.	https://tamizdatproject.org/media/publication_images/206cf3124b614e4bb394e302f851a168.webp	Russian	Andrei Arkhangelsky						Freedom Letters	
99b9eb39-3c6d-4600-8f1c-486c88fe8df4		https://tamizdatproject.org/publications/stranniki-i-prisheltsy/	stranniki-i-prisheltsy	Странники и пришельцы		Stranniki i prisheltsy		2025	Bratislava	New York University | Columbia University in the City of New York | Princeton University Library | University of Pennsylvania Libraries | Boston College | University of Illinois at Urbana Champaign | University of Alberta | University of California, Los Angeles | San Mateo County Library	Sergei Nikolaevich. <i>Stranniki i prisheltsy</i>. Bratislava: Vidim Books, 2025.	https://tamizdatproject.org/media/publication_images/600x600-9.jpeg	Russian	Sergei Nikolaevich						Vidim Books	
246b249f-7822-49e6-89ac-4dcf56307682		https://tamizdatproject.org/publications/sushchestva-bessrochnogo-protesta/	sushchestva-bessrochnogo-protesta	Существа бессрочного протеста		Sushchestva bessrochnogo protesta		2025	Ozolnieki	New York University | Princeton University Library | University of Pennsylvania Libraries | Stanford University	Maksim Dremov. <i>Sushchestva bessrochnogo protesta</i>. Ozolnieki: Literature without Borders, 2025.	https://tamizdatproject.org/media/publication_images/sushchestva-bessrochnogo-protesta.jpg	Russian	Maksim Dremov						Literature without Borders	
14fb14be-6027-4cbf-befa-bfb074a94ccf		https://tamizdatproject.org/publications/svetoten/	svetoten	Светотень		Svetoten'		2025	Neukirchen-Vluyn	Queens Public Library | Princeton University Library | Yale University Library | Minuteman Library Network | Deutsche Nationalbibliothek Frankfurt am Main | Deutsche Nationalbibliothek Leipzig | Staatsbibliothek zu Berlin - Preußischer Kulturbesitz, Haus Potsdamer Straße	Daniel Kehlmann. <i>Svetoten'</i>. Translated by Alexandra Berlina. Neukirchen-Vluyn: Fresh Verlag, 2025.	https://tamizdatproject.org/media/publication_images/svetoten.jpg	Russian	Daniel Kehlmann				Alexandra Berlina		Fresh Verlag	
f10d16f5-3a04-4a62-945b-df5876cda10a		https://tamizdatproject.org/publications/sviata-zyccia/	sviata-zyccia	Сьвята жыцьця		Śviata žyćcia		2025	Berlin	Harvard University | Princeton University Library	Frydrych Samotny. <i>Śviata žyćcia</i>. Berlin: hochroth Minsk, 2025.	https://tamizdatproject.org/media/publication_images/Снимок-экрана-2025-01-17-в-09.39.15.png	Belarusian	Frydrych Samotny						hochroth Minsk	
1ea5cbe3-d3f9-485c-a193-1621b91f861d		https://tamizdatproject.org/publications/sviatye-barzhi/	sviatye-barzhi	Святые Баржи		Sviatye barzhi		2025	New York	Columbia University in the City of New York | Boston College | Princeton University Library	Alexei Zakharovich. <i>Sviatye barzhi</i>. New York: Virgola Press, 2025.	https://tamizdatproject.org/media/publication_images/sviatye-barzhi.jpg	Russian	Alexei Zakharovich						Virgola Press	
17dc1c5e-8561-4e08-986e-f7d4c5bc0c1f		https://tamizdatproject.org/publications/telesnyi-svet/	telesnyi-svet	Телесный свет		Telesnyi svet		2025	Frankfurt am Main	New York University | Princeton University Library | University of Pennsylvania Libraries | Minuteman Library Network | Harvard University | LA COUNTY LIBRARY | Deutsche Nationalbibliothek Frankfurt am Main | Universitätsbibliothek Basel | Deutsche Nationalbibliothek Leipzig | Staatsbibliothek zu Berlin - Preußischer Kulturbesitz, Haus Potsdamer Straße | Humboldt-Universität zu Berlin, Universitätsbibliothek, Jacob-und-Wilhelm-Grimm-Zentrum	<i>Telesnyi svet</i>. Frankfurt am Main: Esterum Publishing, 2025.	https://tamizdatproject.org/media/publication_images/telesnyi-svet_yfEW5Cg.jpg	Russian							Esterum Publishing	
8275554c-b44b-4c80-8498-79607c01e2df		https://tamizdatproject.org/publications/temnaiia-storona-zemli/	temnaiia-storona-zemli	Темная сторона Земли	История о том, как советский народ победил Советский Союз	Temnaiia storona Zemli	Istoriia o tom, kak sovetskii narod pobedil	2025	Riga	New York University | Princeton University Library | Yale University Library | University of Pennsylvania Libraries | Harvard University | Michigan State University Libraries | Emory University | Yolo County Library | San Mateo County Library | Universitätsbibliothek Bern | Universitäts- und Stadtbibliothek Köln, Hauptabteilung | Sciences Po Paris	Mikhail Zygar. <i>Temnaiia storona Zemli</i>. Riga: Meduza and Zygaro, 2025.	https://tamizdatproject.org/media/publication_images/zygar.png	Russian	Mikhail Zygar						Meduza | Zygaro	
34465383-3946-4eeb-9ab7-546d80c1a510	1	https://tamizdatproject.org/publications/ten/	ten	Тень		Ten'		2025	Berlin [Place of publication listed on title page is fictitious. Actual place of publication is unknown]	New York University | Princeton University Library | University of Pennsylvania Libraries | Cleveland Public Library | Skokie Public Library | Emory University | San Francisco Public Library | San Mateo County Library | Staats- und Universitätsbibliothek Bremen	Ivan Filippov. <i>Ten'</i>. Berlin: Freedom Letters, 2025.	https://tamizdatproject.org/media/publication_images/ten_Npx8D2G.jpeg	Russian	Ivan Filippov						Freedom Letters	
477604e1-a03d-4cb2-b56d-588190e881de		https://tamizdatproject.org/publications/ten-velikana/	ten-velikana	Тень великана		Ten' velikana		2025	Paris	New York University | Princeton University Library | Yale University Library | University of Pennsylvania Libraries | Harvard University	Aleksandr Delfinov. <i>Ten' velikana</i>. Paris: Éditions Tourgueneff, 2025.	https://tamizdatproject.org/media/publication_images/Теньвеликана.jpeg	Russian	Aleksandr Delfinov						Éditions Tourgueneff	
33875862-8cb6-4eb5-9797-1422a243292b	1	https://tamizdatproject.org/publications/the-insurrectionist/	the-insurrectionist	The Insurrectionist		The Insurrectionist		2025	[Place Unidentified]	None	Russell Working. <i>The Insurrectionist</i>. [Place Unidentified]: Freedom Letters, 2025.	https://tamizdatproject.org/media/publication_images/the-insurrectionist_pzvEfqJ.jpeg	English	Russell Working						Freedom Letters	
c06302f8-ae27-4581-b6f9-6b8c39976111		https://tamizdatproject.org/publications/the-year-twenty-twenty-two/	the-year-twenty-twenty-two	The Year Twenty Twenty Two		The Year Twenty Twenty Two		2025	Neukirchen-Vluyn	Princeton University Library | University of Pennsylvania Libraries | Humboldt-Universität zu Berlin, Universitätsbibliothek, Jacob-und-Wilhelm-Grimm-Zentrum	<i>The Year Twenty Twenty Two</i>. Neukirchen-Vluyn: Fresh Verlag, 2025.	https://tamizdatproject.org/media/publication_images/5251391828.jpg	English							Fresh Verlag	
dc957b61-b389-4a22-9c4e-82e801674788		https://tamizdatproject.org/publications/tot-samyi-sobesednik/	tot-samyi-sobesednik	Тот самый «Собеседник»		Tot samyi "Sobesednik"		2025	Riga [Place of publication listed on title page is fictitious. Actual place of publication is unknown]	New York University | The Ferguson Library | Princeton University Library | University of Pennsylvania Libraries | Los Angeles Public Library | Columbia University in the City of New York | University of Illinois at Urbana Champaign | University of California, Los Angeles | San Francisco Public Library | Zentralbibliothek Zürich | Universitäts- und Stadtbibliothek Köln, Hauptabteilung	<i>Tot samyi "Sobesednik"</i>. Edited by Georgy Urushadze. Riga: Freedom Letters, 2025.	https://tamizdatproject.org/media/publication_images/aeca5b15453a4e259c143ff88f69ec9e.webp	Russian			Georgy Urushadze				Freedom Letters	
72d289dc-66cf-4bdb-8c56-0fda93fcf10b		https://tamizdatproject.org/publications/travmagochi/	travmagochi	Травмагочи		Travmagochi		2025	Belgrade	New York University | Princeton University Library | Yale University Library | University of Pennsylvania Libraries | Freie Universität Berlin, Universitätsbibliothek, Zentralbibliothek	Dinara Rasuleva. <i>Travmagochi</i>. Belgrade: Shell(f) Publishing, 2025.	https://tamizdatproject.org/media/publication_images/Screen_Shot_2025-12-08_at_11.25.57_AM.png	Russian	Dinara Rasuleva						Shell(f) Publishing	
d32ff0f8-42b7-4485-8b4b-516d79c1da15	1	https://tamizdatproject.org/publications/troian-gulag-nashego-vremeni/	troian-gulag-nashego-vremeni	Троян.  Гулаг нашего времени		Troyan. Gulag nashego vremeni		2025	Bratislava	New York University | Columbia University in the City of New York | Princeton University Library | University of Pennsylvania Libraries | Boston College | Harvard University | University of Toronto Group | University of Michigan | University of Illinois at Urbana Champaign | Tulane University | University of Alberta | University of California, Los Angeles | UC Berkeley Libraries | San Mateo County Library | Universitätsbibliothek Bern | Universitätsbibliothek Würzburg | LIBRIS | Zentralbibliothek Zürich | Bayerische Staatsbibliothek | BNUS - Bibliotheque Nationale Universitaire de Strasbourg	Sergei Saveliev. <i>Troyan. Gulag nashego vremeni</i>. Bratislava: Vidim Books, 2025.	https://tamizdatproject.org/media/publication_images/600x600-23.jpeg	Russian	Sergei Saveliev						Vidim Books	
0b676a78-26e6-4cc8-8f7b-6c7af2f5bc0c		https://tamizdatproject.org/publications/tsar-sobstvennoi-personoi/	tsar-sobstvennoi-personoi	Царь собственной персоной	Как Владимир Путин обманул всех нас	Tsar' sobstvennoi personoi	Kak Vladimir Putin obmanul nas vsekh	2025	Riga	New York University | Princeton University Library | Yale University Library | University of Pennsylvania Libraries | Boston College | Harvard University | Hennepin County Library | University of Arizona Libraries | Multnomah County Library | Fort Vancouver Regional Library District | Yolo County Library | San Mateo County Library | Universitätsbibliothek Bern | Zentralbibliothek Zürich	Roman Badanin, Mikhail Rubin. <i>Tsar' sobstvennoi personoi</i>. Riga: BAbook, 2025.	https://tamizdatproject.org/media/publication_images/Tsar.jpg	Russian	Roman Badanin | Mikhail Rubin						BAbook	
414a198a-82d1-42b8-9de4-cc6aeaa06b45		https://tamizdatproject.org/publications/tupye-i-ostrye-predmety/	tupye-i-ostrye-predmety	Тупые и острые предметы		Tupye i ostrye predmety		2025	Stockholm	New York University | Princeton University Library | Yale University Library | University of Pennsylvania Libraries	Evgenia Lavut. <i>Tupye i ostrye predmety</i>. Stockholm: Hyperboreus and Éditions Tourgueneff, 2025.	https://tamizdatproject.org/media/publication_images/Screen_Shot_2025-12-10_at_12.15.38_PM.png	Russian	Evgenia Lavut						Hyperboreus | Éditions Tourgueneff	
0d8da231-e10f-4535-9af3-782d570f5e21		https://tamizdatproject.org/publications/tut-nedaleko/	tut-nedaleko	Тут недалеко		Tut nedaleko		2025	Riga	New York University | New York Public Library | Princeton University Library | Yale University Library | University of Pennsylvania Libraries | C/W MARS | Harvard University | University of Michigan | Michigan State University Libraries | Cincinnati & Hamilton County Public Library | University of Arizona Libraries | Reed College Library | Yolo County Library | San Mateo County Library	Kira Yarmysh. <i>Tut nedaleko</i>. Riga: Meduza, 2025.	https://tamizdatproject.org/media/publication_images/yarmysh.png	Russian	Kira Yarmysh						Meduza	
7b96bb28-a281-456f-bc23-fe5d52d10e1a		https://tamizdatproject.org/publications/publication-1/	publication-1	Твёрдая форма		Tverdaia forma		2025	Venice [Place of publication listed on title page is fictitious. Actual place of publication is unknown]	New York University | New York Public Library | Princeton University Library | University of Pennsylvania Libraries | University of Illinois at Urbana Champaign | University of California, Los Angeles | Staatsbibliothek zu Berlin - Preußischer Kulturbesitz, Haus Potsdamer Straße	Boris Khersonsky. <i>Tverdaia forma</i>. Venice: Freedom Letters, 2025.	https://tamizdatproject.org/media/publication_images/publication-1.jpeg	Russian	Boris Khersonsky						Freedom Letters	
c2a098d8-8c76-48c0-b477-6f8cb4354036		https://tamizdatproject.org/publications/ukrytie/	ukrytie	Укрытие		Ukrytie		2025	Ozolnieki	New York University | Princeton University Library | Stanford University	Egor Mirny. <i>Ukrytie</i>. Ozolnieki: Literature without Borders, 2025.	https://tamizdatproject.org/media/publication_images/mirny-cover.jpg	Russian	Egor Mirny						Literature without Borders	
77761f7c-570a-478a-9e06-77ebf6b4616f	1	https://tamizdatproject.org/publications/uravnenie-gopaka-roman-o-voine-bez-voiny/	uravnenie-gopaka-roman-o-voine-bez-voiny	Уравнение Гопака.  Роман о войне без войны		Uravnenie Gopaka. Roman o voine bez voiny		2025	Bratislava	New York University | Columbia University in the City of New York | Princeton University Library | University of Pennsylvania Libraries | Boston College | Harvard University | Michigan State University Libraries | University of Illinois at Urbana Champaign | Tulane University | Vancouver Public Library | University of California, Los Angeles | San Mateo County Library | LIBRIS | Staats- und Universitätsbibliothek Bremen | Universitätsbibliothek Würzburg	Lesha Palkich. <i>Uravnenie Gopaka. Roman o voine bez voiny</i>. Bratislava: Vidim Books, 2025.	https://tamizdatproject.org/media/publication_images/600x600-21.jpeg	Russian	Lesha Palkich						Vidim Books	
c802057e-6c72-4d68-8308-8b2b5ad6d9a4		https://tamizdatproject.org/publications/vawka/	vawka	Ваўка		Vawka		2025	Warsaw	Princeton University Library | Harvard University | University of Chicago Library | National Library of Poland, Biblioteka Narodowa	Uładzimir Sciapan. <i>Vawka</i>. Warsaw: Miane Niama, 2025.	https://tamizdatproject.org/media/publication_images/Vawka.png	Belarusian	Uładzimir Sciapan						Miane Niama	
d5546f72-fe67-487e-b3d2-bcdf3da9e9b3		https://tamizdatproject.org/publications/v-buinakske-nemnogo-nervno/	v-buinakske-nemnogo-nervno	В Буйнакске немного нервно		V Buinakske nemnogo nervno		2025	Neukirchen-Vluyn	New York University | Princeton University Library | University of Pennsylvania Libraries | University of North Carolina at Chapel Hill. University Libraries | San Mateo County Library | Bibliothèque cantonale et universitaire - Lausanne, site Unithèque | BNUS - Bibliotheque Nationale Universitaire de Strasbourg | Universitätsbibliothek Bern	Alisa Ganieva. <i>V Buinakske nemnogo nervno</i>. Neukirchen-Vluyn: Fresh Verlag, 2025.	https://tamizdatproject.org/media/publication_images/5603180870.jpg	Russian	Alisa Ganieva						Fresh Verlag	
463fab7d-c3cc-483c-8f0c-4d5835bf546a	С расшифровкой	https://tamizdatproject.org/publications/ves-mir-teatr/	ves-mir-teatr	Весь мир театр		Ves’ mir teatr		2025	Riga	New York University | Princeton University Library | Chicago Public Library | Skokie Public Library | Contra Costa County Library | Sorbonne Université	Boris Akunin. <i>Ves’ mir teatr</i>. Riga: BAbook, 2025.	https://tamizdatproject.org/media/publication_images/ves-mir-teatr_WGs7dbR.jpg	Russian	Boris Akunin						BAbook	
67f836e1-a8fd-4c20-98c5-d7dcdb117778		https://tamizdatproject.org/publications/v-gorode-noiabre/	v-gorode-noiabre	В городе Ноябре	Избранное 2015-2025	V gorode Noiabre	Izbrannoe 2015-2025	2025	New York	New York University | Princeton University Library | University of Pennsylvania Libraries | Cornell University Library | Harvard University | Michigan State University Libraries	Tatiana Voltskaia. <i>V gorode Noiabre</i>. New York: Virgola Press, 2025.	https://tamizdatproject.org/media/publication_images/v-gorode-noiabre.jpg	Russian	Tatiana Voltskaia						Virgola Press	
21371f65-6035-4e18-8b80-7a69b3bcbd56		https://tamizdatproject.org/publications/v-moem-tele-idet-voina-mirovaia-poeziia-o-vichspide/	v-moem-tele-idet-voina-mirovaia-poeziia-o-vichspide	В моём теле идёт война	Мировая поэзия о ВИЧ/СПИДе	V moem tele idet voina	Mirovaia poeziia o VICH/SPIDe	2025	Ozolnieki	Princeton University Library | Yale University Library | University of Pennsylvania Libraries	<i>V moem tele idet voina</i>. Edited by Dmitry Kuzmin. Translated by Dmitry Kuzmin. Ozolnieki: Literature without Borders, 2025.	https://tamizdatproject.org/media/publication_images/Screen_Shot_2025-12-10_at_10.47.26_AM.png	Russian			Dmitry Kuzmin		Dmitry Kuzmin		Literature without Borders	
39ad5c30-b274-4045-adfa-e3c5808bf31f		https://tamizdatproject.org/publications/voennaia-ritorika-putina/	voennaia-ritorika-putina	Военная риторика Путина		Voennaia ritorika Putina		2025	Munich [Place of publication listed on title page is fictitious. Actual place of publication is unknown]	New York University | Princeton University Library | University of Pennsylvania Libraries	Riccardo Nicolosi. <i>Voennaia ritorika Putina</i>. Munich: Freedom Letters, 2025.	https://tamizdatproject.org/media/publication_images/33f05272c2ba40a9bbf114dc054a1a6f.webp	Russian	Riccardo Nicolosi						Freedom Letters	
5b845c86-74fc-4c9e-a124-60393028cdbd		https://tamizdatproject.org/publications/vozdukh-rukami-lovliu/	vozdukh-rukami-lovliu	Воздух руками ловлю		Vozdukh rukami lovliu		2025	New York	New York University | Princeton University Library | University of Pennsylvania Libraries	Vladimir Gandelsman. <i>Vozdukh rukami lovliu</i>. New York: Virgola Press, 2025.	https://tamizdatproject.org/media/publication_images/vozdukh-rukami-lovliu.jpg	Russian	Vladimir Gandelsman						Virgola Press	
c189382a-40f9-48ff-8204-48a2b8d158ef	1	https://tamizdatproject.org/publications/vozle-voiny-odessa-fevral-2022-liutyi-2023/	vozle-voiny-odessa-fevral-2022-liutyi-2023	Возле войны. Одесса. Февраль 2022 — лютий 2023		Vozle voiny. Odessa. Fevral 2022 — liutyi 2023		2025	[Place Unidentified]	Universitätsbibliothek Bern | Universitätsbibliothek Regensburg | Universitätsbibliothek der LMU München | Bayerische Staatsbibliothek	Maria Galina. <i>Vozle voiny. Odessa. Fevral 2022 — liutyi 2023</i>. [Place Unidentified]: Freedom Letters, 2025.	https://tamizdatproject.org/media/publication_images/vozle-voiny-odessa-fevral-2022-liutyi-2023_nuvmb2Q.jpeg	Russian	Maria Galina						Freedom Letters	
417f7c9d-0695-45fb-9c9e-f0b0988aa688		https://tamizdatproject.org/publications/vozvrascsheniia-nesryoznyi-memuar/	vozvrascsheniia-nesryoznyi-memuar	Возвращения. Несерьезный мемуар		Vozvrascsheniia. Neseryoznyi memuar		2025	Bratislava	New York University | Princeton University Library | University of Pennsylvania Libraries | Minuteman Library Network | Harvard University | Michigan State University Libraries | University of Illinois at Urbana Champaign | University of Alberta | Fort Vancouver Regional Library District	Masha Slonim. <i>Vozvrascsheniia. Neseryoznyi memuar</i>. Bratislava: Vidim Books, 2025.	https://tamizdatproject.org/media/publication_images/600x600-7.jpeg	Russian	Masha Slonim						Vidim Books	
959ba375-36cb-4a63-a1f5-d9f8b0b74d1a		https://tamizdatproject.org/publications/vozvrashchaias-s-iarmarki/	vozvrashchaias-s-iarmarki	Возвращаясь с ярмарки		Vozvrashchaias' s iarmarki		2025	Frankfurt am Main	New York University | New York Public Library | Brooklyn Public Library | Princeton University Library | University of Pennsylvania Libraries | Harvard University | Boston Public Library | Miami Dade Public Library System | Contra Costa County Library | Redwood City Public Library	Dmitry Tarasenkov. <i>Vozvrashchaias' s iarmarki</i>. Frankfurt am Main: Esterum Publishing, 2025.	https://tamizdatproject.org/media/publication_images/vozvrashchaias-s-iarmarki_imFslak.jpg	Russian	Dmitry Tarasenkov						Esterum Publishing	
d610d38d-23c0-4370-b4b2-997711b4be83		https://tamizdatproject.org/publications/vtoraia-muzyka/	vtoraia-muzyka	Вторая музыка		Vtoraia muzyka		2025	Tel Aviv	New York University | Princeton University Library	Boris Filanovsky. <i>Vtoraia muzyka</i>. Tel Aviv: Babel Books Tel Aviv, 2025.	https://tamizdatproject.org/media/publication_images/vtoraya_muzyka.png	Russian	Boris Filanovsky						Babel Books Tel Aviv	
c01bc9e8-3959-4c7e-b810-83dfa3b02d8f	2	https://tamizdatproject.org/publications/vz-tri-goda-voiny/	vz-tri-goda-voiny	VZ. Три года войны		VZ. Tri goda voiny		2025	Ithaca [Place of publication listed on title page is fictitious. Actual place of publication is unknown]	New York University | Princeton University Library | Yale University Library | University of Pennsylvania Libraries | Boston College | Library of Congress | Cleveland Public Library | Skokie Public Library | University of Illinois at Urbana Champaign | University of Alberta | Seattle Public Library | University of California, Los Angeles | San Francisco Public Library | San Mateo County Library | Bayerische Staatsbibliothek | Staats- und Universitätsbibliothek Bremen | Universitätsbibliothek Würzburg | Zentralbibliothek Zürich | Universität Konstanz, Kommunikations-, Informations-, Medienzentrum (KIM)	Dmitry Bykov. <i>VZ. Tri goda voiny</i>. Ithaca: Freedom Letters, 2025.	https://tamizdatproject.org/media/publication_images/vz-tri-goda-voiny_VmjGeG9.jpeg	Russian	Dmitry Bykov						Freedom Letters	
48201737-2d0b-4028-ad35-d836fff8a3b6		https://tamizdatproject.org/publications/with-breve-and-some-acinka/	with-breve-and-some-acinka	Нескладова і троху лацінкай		With breve and some Łacinka		2025	Berlin	Harvard University | Princeton University Library	Marharyta Alaškievič. <i>With breve and some Łacinka</i>. Berlin: hochroth Minsk, 2025.	https://tamizdatproject.org/media/publication_images/Снимок-экрана-2025-10-01-в-22.06.36.png	Belarusian	Marharyta Alaškievič						hochroth Minsk	
a4563f81-c0f2-42c2-81bd-a12fe6cda24c		https://tamizdatproject.org/publications/yabloko-kamen-glaz/	yabloko-kamen-glaz	Яблоко, камень, глаз		Yabloko, kamen', glaz		2025	Ozolnieki	Princeton University Library | University of Pennsylvania Libraries	Nurit Zarchi. <i>Yabloko, kamen', glaz</i>. Translated by Gali-Dana Zinger. Ozolnieki: Literature without Borders, 2025.	https://tamizdatproject.org/media/publication_images/yabloko_kamen.png	Russian	Nurit Zarchi				Gali-Dana Zinger		Literature without Borders	
da5f3b8b-a19c-40ae-87ab-06962b13c18e	1	https://tamizdatproject.org/publications/zafiksirovany-puski-raket-ostavaites-v-ukrytiiakh/	zafiksirovany-puski-raket-ostavaites-v-ukrytiiakh	Зафиксированы пуски ракет, оставайтесь в укрытиях		Zafiksirovany puski raket, ostavaites v ukrytiiakh		2025	New York [Place of publication listed on title page is fictitious. Actual place of publication is unknown]	New York University | Princeton University Library | Yale University Library | University of Pennsylvania Libraries | University of North Carolina at Chapel Hill. University Libraries | University of Illinois at Urbana Champaign | University of California, Los Angeles | San Francisco Public Library	Stanislav Belsky. <i>Zafiksirovany puski raket, ostavaites v ukrytiiakh</i>. New York: Freedom Letters, 2025.	https://tamizdatproject.org/media/publication_images/zafiksirovany-puski-raket-ostavaites-v-ukrytiiakh_TUGnBQu.jpeg	Russian	Stanislav Belsky						Freedom Letters	
dab5df4f-42a0-4c75-91c2-88fa5ca971b0		https://tamizdatproject.org/publications/zametki-inoagenta-stati-ob-istorii-kulture-i-z-militarizme-20232024/	zametki-inoagenta-stati-ob-istorii-kulture-i-z-militarizme-20232024	Заметки иноагента. Статьи об истории, культуре и Z-милитаризме (2023–2024)		Zametki inoagenta. Stat’i ob istorii, kulture i Z-militarizme (2023–2024)		2025	Chișinău	New York University | Princeton University Library | Yale University Library | University of Pennsylvania Libraries | Harvard University | University of Alberta | University of Arizona Libraries | Stanford University | TU Berlin, Universitätsbibliothek | Bayerische Staatsbibliothek	Konstantin Pakhaliuk. <i>Zametki inoagenta. Stat’i ob istorii, kulture i Z-militarizme (2023–2024)</i>. Chișinău: The Historical Expertise, 2025.	https://tamizdatproject.org/media/publication_images/zametki-inoagenta-stati-ob-istorii-kulture-i-z-mil.jpg	Russian	Konstantin Pakhaliuk						The Historical Expertise	
e9803df5-32c6-41fa-a2a9-3c2df9eef379		https://tamizdatproject.org/publications/zapalienyja-sviecki/	zapalienyja-sviecki	Запаленыя свечкі		Zapalienyja sviečki		2025	Vilnius	Institut für die Wissenschaften vom Menschen	Bella Chagall. <i>Zapalienyja sviečki</i>. Translated by Ihar Krebs. Vilnius: Pflaŭmbaŭm, 2025.	https://tamizdatproject.org/media/publication_images/zapalenya.png	Belarusian	Bella Chagall				Ihar Krebs		Pflaŭmbaŭm	
9c48500a-0e78-4a30-b412-0100f806b23f		https://tamizdatproject.org/publications/publication-5/	publication-5	Жизнь Дмитрия Маркова		Zhizn' Dmitriia Markova		2025	London [Place of publication listed on title page is fictitious. Actual place of publication is unknown]	New York University | Princeton University Library	Vladimir Sevrinovsky. <i>Zhizn' Dmitriia Markova</i>. London: Freedom Letters, 2025.	https://tamizdatproject.org/media/publication_images/publication-5.jpeg	Russian	Vladimir Sevrinovsky						Freedom Letters	
8455f7cc-4146-4cd7-981f-d493c37d30a5		https://tamizdatproject.org/publications/zima-bez-snega/	zima-bez-snega	Зима без снега		Zima bez snega		2025	Paris	New York University | Princeton University Library | Yale University Library | University of Pennsylvania Libraries | Harvard University	Aleksei Voinov. <i>Zima bez snega</i>. Paris: Éditions Tourgueneff, 2025.	https://tamizdatproject.org/media/publication_images/Зимабезснега.png	Russian	Aleksei Voinov						Éditions Tourgueneff	
120edf62-9c87-4a8c-8d13-1c5cd4a520c9	1	https://tamizdatproject.org/publications/1000-names/	1000-names	1000 names		1000 names		2024	Vilnius [Place of publication listed on title page is fictitious. Actual place of publication is unknown]	New York University | Princeton University Library | Yale University Library | University of Pennsylvania Libraries | Library of Congress | University of North Carolina at Chapel Hill. University Libraries | Universitätsbibliothek Bern | Zentralbibliothek Zürich | Bayerische Staatsbibliothek	<i>1000 names</i>. Vilnius: Freedom Letters, 2024.	https://tamizdatproject.org/media/publication_images/1000-names_A7XZzDd.jpeg	English						Russian Antiwar Committee | Avtozak LIVE	Freedom Letters	
0bd71397-3d89-4809-8e88-d658a911ab70		https://tamizdatproject.org/publications/almost/	almost	Амаль		Almost		2024	Berlin	Princeton University Library | Harvard University | UC Berkeley Libraries	Viera Burłak. <i>Almost</i>. Berlin: hochroth Minsk, 2024.	https://tamizdatproject.org/media/publication_images/Снимок-экрана-2024-12-09-в-21.27.20.png	Belarusian	Viera Burłak						hochroth Minsk	
4c19dd35-fe54-4298-a683-9b3a07bef48c	1	https://tamizdatproject.org/publications/anatomiia-raspada-kak-i-pochemu-prava-cheloveka-perestali-byt-tsennostiu-v-sovremennoi-rossii/	anatomiia-raspada-kak-i-pochemu-prava-cheloveka-perestali-byt-tsennostiu-v-sovremennoi-rossii	Анатомия распада	Как и почему права человека перестали быть ценностью в современной России	Anatomiia raspada	Kak i pochemu prava cheloveka perestali byt’ tsennost’iu v sovremennoi Rossii	2024	[Place Unidentified]		<i>Anatomiia raspada</i>. [Place Unidentified]: Ekho Knigi, 2024.	https://tamizdatproject.org/media/publication_images/anatomiia-raspada-kak-i-pochemu-prava-cheloveka-pe_poyamqq.jpg	Russian						Komanda protiv pytok	Ekho Knigi	
eb3eb368-646f-4d35-ac71-72525c5a0fa7	С расшифровкой	https://tamizdatproject.org/publications/azazel/	azazel	Азазель		Azazel’		2024	Riga	New York University | Princeton University Library | Minuteman Library Network | Boston Public Library | Prospect Heights Public Library District | Broward County Libraries | Redwood City Public Library | LIBRIS | Bayerische Staatsbibliothek	Boris Akunin. <i>Azazel’</i>. Riga: BAbook, 2024.	https://tamizdatproject.org/media/publication_images/azazel_JhVlOd0.jpg	Russian	Boris Akunin						BAbook	
3c640025-4b29-4418-b83d-de5b6d7e10b7		https://tamizdatproject.org/publications/babii-yar-realii/	babii-yar-realii	Бабий Яр. Реалии		Babii Yar. Realii		2024	Chișinău	Queens Public Library | STELLA-Sharing & Technology Enhancing Local Library Access | Princeton University Library | University of Pennsylvania Libraries | Harvard University | University of Michigan | University of Chicago Library | Chicago Public Library | Miami Dade Public Library System | Multnomah County Library | Universitätsbibliothek Osnabrück | Gottfried Wilhelm Leibniz Bibliothek - Niedersächsische Landesbibliothek | Universitätsbibliothek Basel | TU Berlin, Universitätsbibliothek | Staatsbibliothek zu Berlin - Preußischer Kulturbesitz, Haus Potsdamer Straße | Humboldt-Universität zu Berlin, Universitätsbibliothek, Jacob-und-Wilhelm-Grimm-Zentrum | Europa-Universität Viadrina, Universitätsbibliothek | Sächsische Landesbibliothek - Staats- und Universitätsbibliothek Dresden | National Library of Israel	Pavel Polian. <i>Babii Yar. Realii</i>. Chișinău: The Historical Expertise, 2024.	https://tamizdatproject.org/media/publication_images/babii-yar-realii.jpg	Russian	Pavel Polian						The Historical Expertise	
86cb76b5-3305-4695-ac64-4f6cb2d811eb	1	https://tamizdatproject.org/publications/baklazhanovyi-gorod-ili-butylochnye-epizody/	baklazhanovyi-gorod-ili-butylochnye-epizody	Баклажановый город, или Бутылочные эпизоды		Baklazhanovyi gorod, ili Butylochnye epizody		2024	Presnia [Place of publication listed on title page is fictitious. Actual place of publication is unknown]	New York University | New York Public Library | Columbia University in the City of New York | Princeton University Library | University of Pennsylvania Libraries | Library of Congress | Bibliothèque et Archives nationales du Québec | Cleveland Public Library | University of North Carolina at Chapel Hill. University Libraries | Emory University | University of Illinois at Urbana Champaign | Vanderbilt University Library | University of Iowa Libraries | University of Arizona Libraries | Multnomah County Library | Los Angeles Public Library | University of California, Los Angeles | San Francisco Public Library | San Mateo County Library | University of Glasgow | Universitätsbibliothek Würzburg | Staatsbibliothek zu Berlin - Preußischer Kulturbesitz, Haus Potsdamer Straße	Ivan Chekalov, Vasily Tarasun. <i>Baklazhanovyi gorod, ili Butylochnye epizody</i>. Presnia: Freedom Letters, 2024.	https://tamizdatproject.org/media/publication_images/baklazhanovyi-gorod-ili-butylochnye-epizody_QNGXyV0.jpeg	Russian	Ivan Chekalov | Vasily Tarasun						Freedom Letters	
561fb83d-9d9d-4ede-a6fd-b5a0ea1b18e8	1	https://tamizdatproject.org/publications/bednaia-liza-i-ee-rodstvenniki-antologiia-russkoi-sentimentalnoi-prozy/	bednaia-liza-i-ee-rodstvenniki-antologiia-russkoi-sentimentalnoi-prozy	Бедная Лиза и ее родственники: антология русской сентиментальной прозы		Bednaia Liza i ee rodstvenniki: antologiia russkoi sentimental’noi prozy		2024	Almaty	New York University | Princeton University Library | University of Pennsylvania Libraries | Harvard University | University of Alberta	<i>Bednaia Liza i ee rodstvenniki: antologiia russkoi sentimental’noi prozy</i>. Edited by Ekaterina Shulman, Galina Yuzefovich. Almaty: Ekho Knigi, 2024.	https://tamizdatproject.org/media/publication_images/bednaia-liza-i-ee-rodstvenniki-antologiia-russkoi-_xKRjjIQ.jpg	Russian			Ekaterina Shulman | Galina Yuzefovich				Ekho Knigi	
dbec1d1f-240d-4d31-af9a-67ff90d34f23	1	https://tamizdatproject.org/publications/bednye-vse/	bednye-vse	Бедные все		Bednye vse		2024	Zvenigorod [Place of publication listed on title page is fictitious. Actual place of publication is unknown]	New York University | Brooklyn Public Library | Columbia University in the City of New York | Princeton University Library | Yale University Library | University of Pennsylvania Libraries | Library of Congress | Emory University | University of Illinois at Urbana Champaign | Vanderbilt University Library | University of Arizona Libraries | University of British Columbia Library | University of California, Los Angeles | San Francisco Public Library | Universitätsbibliothek Würzburg	Taras Shevchenko, Grigory Kvitka-Osnovianenko, Mikhail Lermontov, Evgeny Baratynsky, Nikolai Karamzin, Aleksandr Pushkin, Aleksandr Arkhangelsky. <i>Bednye vse</i>. Zvenigorod: Freedom Letters, 2024.	https://tamizdatproject.org/media/publication_images/bednye-vse_r06Bv5p.jpeg	Russian	Taras Shevchenko | Grigory Kvitka-Osnovianenko | Mikhail Lermontov | Evgeny Baratynsky | Nikolai Karamzin | Aleksandr Pushkin | Aleksandr Arkhangelsky						Freedom Letters	
a2546345-90c7-478a-81ee-4590a222f1fc	1	https://tamizdatproject.org/publications/belaia-dama/	belaia-dama	Белая дама		Belaia dama		2024	Riga	New York University | Princeton University Library | Yale University Library | University of Pennsylvania Libraries | State University of New York, Binghamton University Libraries | Harvard University | University of Pittsburgh | University of Toronto Group | University of North Carolina at Chapel Hill. University Libraries | University of Michigan | Michigan State University Libraries | University of Illinois at Urbana Champaign | Fort Vancouver Regional Library District | San Mateo County Library | Middlebury Institute of International Studies at Monterey | University of Cambridge | Royal Danish Library - (DKB) | Universitätsbibliothek Basel | Université Bordeaux Montaigne | Sorbonne Université | BNUS - Bibliotheque Nationale Universitaire de Strasbourg | Universitätsbibliothek Freiburg | LIBRIS | Staatsbibliothek zu Berlin - Preußischer Kulturbesitz, Haus Potsdamer Straße | Humboldt-Universität zu Berlin, Universitätsbibliothek, Jacob-und-Wilhelm-Grimm-Zentrum | Bayerische Staatsbibliothek	Sergei Lebedev. <i>Belaia dama</i>. Riga: Meduza, 2024.	https://tamizdatproject.org/media/publication_images/Lebedev_belaya_dama.webp	Russian	Sergei Lebedev						Meduza	
2afe4c71-0b07-4f72-98ce-7bf68bad97fe		https://tamizdatproject.org/publications/berlin-khaltura-1922/	berlin-khaltura-1922	Berlikh khaltura. 1922		Berlin khaltura. 1922		2024	Helsinki	New York University | The Metropolitan Museum of Art | Yale University Library | School of The Art Institute of Chicago | Zentralinstitut für Kunstgeschichte, Bibliothek	Ilya Zdanevich. <i>Berlin khaltura. 1922</i>. Translated by Eugene Ostashevsky, Roman Utkin, Jyrki Siukonen. Helsinki: Rab-Rab Press, 2024.	https://tamizdatproject.org/media/publication_images/Screen_Shot_2025-12-10_at_12.36.22_PM.png	Russian	Ilya Zdanevich				Eugene Ostashevsky | Roman Utkin | Jyrki Siukonen		Rab-Rab Press	
d1c06fbd-f0b2-43a9-8a1a-5ef166c38cae	1	https://tamizdatproject.org/publications/besporiadok-v-savanne/	besporiadok-v-savanne	Беспорядок в саванне		Besporiadok v Savanne		2021	Tel Aviv	Columbia University in the City of New York | Princeton University Library | University of Pennsylvania Libraries | Harvard University | University of Cambridge | Staatsbibliothek zu Berlin - Preußischer Kulturbesitz, Haus Potsdamer Straße | Bayerische Staatsbibliothek	Fedor Svarovsky. <i>Besporiadok v Savanne</i>. Tel Aviv: Babel Books Tel Aviv, 2021.	https://tamizdatproject.org/media/publication_images/Svarovsky_Besporiadok_v_Savanne.jpeg	Russian	Fedor Svarovsky						Babel Books Tel Aviv	
16c0624c-46ed-45d6-8afb-b78f18b85831	1	https://tamizdatproject.org/publications/bez-materi/	bez-materi	Без матери		Bez materi		2024	Paris	New York University | Princeton University Library | Yale University Library | University of Pennsylvania Libraries | Harvard University | Stanford University | Bibliothèque nationale de France | BNUS - Bibliotheque Nationale Universitaire de Strasbourg	Riva Evstifeeva. <i>Bez materi</i>. Paris: Éditions Tourgueneff, 2024.	https://tamizdatproject.org/media/publication_images/bez-materi_GhWbwVx.png	Russian	Riva Evstifeeva						Éditions Tourgueneff	
6ced3cb9-92ad-4624-bf8e-cb875c3ee585	1	https://tamizdatproject.org/publications/bobo/	bobo	Бобо		Bobo		2024	Bratislava	New York University | New York Public Library | Princeton University Library | Yale University Library | University of Pennsylvania Libraries | Boston College | Harvard University | Library of Congress | University of North Carolina at Chapel Hill. University Libraries | University of Michigan | Indiana University | Fort Vancouver Regional Library District | San Mateo County Library | University of Cambridge | Freie Universität Berlin, Universitätsbibliothek, Zentralbibliothek | Humboldt-Universität zu Berlin, Universitätsbibliothek, Jacob-und-Wilhelm-Grimm-Zentrum | Bayerische Staatsbibliothek | LIBRIS	Linor Goralik. <i>Bobo</i>. Bratislava: Vidim Books, 2024.	https://tamizdatproject.org/media/publication_images/600x600-2.jpeg	Russian	Linor Goralik						Vidim Books	
e95bafff-5359-484b-908d-e7704f70a2db	1	https://tamizdatproject.org/publications/bolshaia-paika/	bolshaia-paika	Большая пайка		Bol'shaia paika		2024	Königsberg [Place of publication listed on title page is fictitious. Actual place of publication is unknown]	New York University | Princeton University Library | University of Pennsylvania Libraries | Library of Congress | Cleveland Public Library | Multnomah County Library | San Francisco Public Library | Staatsbibliothek zu Berlin - Preußischer Kulturbesitz, Haus Potsdamer Straße | Bayerische Staatsbibliothek | Libraries in Clackamas County | New York Public Library | University of Illinois at Urbana Champaign | University of California, Los Angeles	Yuli Dubov. <i>Bol'shaia paika</i>. Königsberg: Freedom Letters, 2024.	https://tamizdatproject.org/media/publication_images/bolshaia-paika_foqSPD6.jpeg	Russian	Yuli Dubov						Freedom Letters	
bb005b91-7f12-460f-bf0c-d64ae28f0836		https://tamizdatproject.org/publications/carouny-cas/	carouny-cas	Чароўны час		Čaroŭny čas		2024	Vilnius	None	Giedré Kazlauskaité. <i>Čaroŭny čas</i>. Translated by Uładzisłav Harbackij. Vilnius: Pflaŭmbaŭm, 2024.	https://tamizdatproject.org/media/publication_images/Čaroŭny_čas.png	Belarusian	Giedré Kazlauskaité				Uładzisłav Harbackij		Pflaŭmbaŭm	
2928b00f-34a4-4681-a292-2b0b05746e3e	1	https://tamizdatproject.org/publications/chemodan-vokzal-izrail-k-istorii-antisemitizma-v-sssr/	chemodan-vokzal-izrail-k-istorii-antisemitizma-v-sssr	Чемодан, вокзал, Израиль: К истории антисемитизма в СССР		Chemodan, vokzal, Izrail': K istorii antisemitizma v SSSR		2024	London [Place of publication listed on title page is fictitious. Actual place of publication is unknown]	New York University | New York Public Library | Brooklyn Public Library | Columbia University in the City of New York | Princeton University Library | Yale University Library | Harvard University | Library of Congress | Cleveland Public Library | University of North Carolina at Chapel Hill. University Libraries | University of Chicago Library | University of Illinois at Urbana Champaign | Vanderbilt University Library | University of Alberta | University of California, Santa Barbara | San Francisco Public Library | Staats- und Universitätsbibliothek Hamburg Carl von Ossietzky | Bibliothèque nationale de France | Universitätsbibliothek Bern | Bayerische Staatsbibliothek	Khaim Ben Iaakov. <i>Chemodan, vokzal, Izrail': K istorii antisemitizma v SSSR</i>. London: Freedom Letters, 2024.	https://tamizdatproject.org/media/publication_images/chemodan-vokzal-izrail-k-istorii-antisemitizma-v-s_93jqRrL.jpeg	Russian	Khaim Ben Iaakov						Freedom Letters	
80584db8-9657-4244-9737-0f98d1303b60	1	https://tamizdatproject.org/publications/chernaia-pozemka/	chernaia-pozemka	Чёрная позёмка		Chernaia pozemka		2024	New York [Place of publication listed on title page is fictitious. Actual place of publication is unknown]	New York University | New York Public Library | Columbia University in the City of New York | Princeton University Library | Yale University Library | University of Pennsylvania Libraries | Library of Congress | Carnegie Library of Pittsburgh | University of Toronto Group | Cleveland Public Library | University of North Carolina at Chapel Hill. University Libraries | University of Illinois at Urbana Champaign | Vanderbilt University Library | University of Wisconsin - Madison General Library System | University of Arizona Libraries | King County Library System | University of British Columbia Library | University of California, Los Angeles | San Francisco Public Library	Henry Lion Oldie. <i>Chernaia pozemka</i>. New York: Freedom Letters, 2024.	https://tamizdatproject.org/media/publication_images/chernaia-pozemka_LHiimMk.jpeg	Russian	Henry Lion Oldie						Freedom Letters	
366455c7-91eb-47bd-bf78-c622b575a1a2	1	https://tamizdatproject.org/publications/chetyre-dnia-do-vesny/	chetyre-dnia-do-vesny	Четыре дня до весны		Chetyre dnia do vesny		2024	Berlin [Place of publication listed on title page is fictitious. Actual place of publication is unknown]	New York University | New York Public Library | Columbia University in the City of New York | Princeton University Library | University of Pennsylvania Libraries | Library of Congress | University of North Carolina at Chapel Hill. University Libraries | Highland Park Public Library | University of Illinois at Urbana Champaign | Vanderbilt University Library | University of California, Los Angeles | Yolo County Library | San Francisco Public Library | Universitätsbibliothek Würzburg	Alia Khaitlina. <i>Chetyre dnia do vesny</i>. Berlin: Freedom Letters, 2024.	https://tamizdatproject.org/media/publication_images/chetyre-dnia-do-vesny_hd4KkEH.jpeg	Russian	Alia Khaitlina						Freedom Letters	
d5e4566e-99c4-4ddf-b0a8-7d971fbbf43b		https://tamizdatproject.org/publications/ciela-taksama-archiu/	ciela-taksama-archiu	Цела таксама архіў		Ciela taksama archiŭ		2024	Vilnius	Harvard University | Princeton University Library	Alok Vaid-Menon, Nasta Mancevič. <i>Ciela taksama archiŭ</i>. Translated by Nasta Mancevič. Vilnius: Pflaŭmbaŭm, 2024.	https://tamizdatproject.org/media/publication_images/telo_sama_archiv.png	Belarusian	Alok Vaid-Menon | Nasta Mancevič				Nasta Mancevič		Pflaŭmbaŭm	
cc760c6f-b7e1-4d4b-9240-18fd595bad51	1	https://tamizdatproject.org/publications/communiques/	communiques	Коммюнике		Communiqués		2024	New York	New York University | Princeton University Library | Yale University Library | University of Pennsylvania Libraries | Bibliotheek Universiteit van Amsterdam	Maria Galina. <i>Communiqués</i>. Translated by Anna Halberstadt, Ainsley Morse. New York: Cicada Press, 2024.	https://tamizdatproject.org/media/publication_images/communiques_nIUiAIm.jpg	English | Russian	Maria Galina				Anna Halberstadt | Ainsley Morse		Cicada Press	
bef72220-23b0-40e2-94bb-a897752ac2ec		https://tamizdatproject.org/publications/corny-lies/	corny-lies	Чорны лес		Čorny lies		2024	Warsaw	Columbia University in the City of New York | Princeton University Library | University of Pennsylvania Libraries | Harvard University | Library of Congress | University of Michigan | University of Chicago Library | University of Illinois at Urbana Champaign | Vanderbilt University Library | University of Arizona Libraries | University of California, Los Angeles | University of Cambridge | Bibliotheek Universiteit van Amsterdam | National Library of Poland, Biblioteka Narodowa	Toni Lashden. <i>Čorny lies</i>. Warsaw: Miane Niama, 2024.	https://tamizdatproject.org/media/publication_images/chorny_les.png	Russian	Toni Lashden						Miane Niama	
e0b23a89-ac1c-40f1-a11b-288b74dad56f		https://tamizdatproject.org/publications/none-1-2-3-4-5-6/	none-1-2-3-4-5-6	Crime		Crime		2024	Tel Aviv	New York University | Columbia University in the City of New York | Princeton University Library | University of Pennsylvania Libraries | Boston College | Harvard University | Library of Congress | University of Michigan | Bayerische Staatsbibliothek	Asya Voloshina. <i>Crime</i>. Tel Aviv: Babel Books Tel Aviv, 2024.	https://tamizdatproject.org/media/publication_images/Voloshina_Crime.jpeg	Russian	Asya Voloshina						Babel Books Tel Aviv	
83009c99-c422-4ceb-8a88-fe50f9a14791	1	https://tamizdatproject.org/publications/demon-poverzhennyi/	demon-poverzhennyi	Демон поверженный		Demon poverzhennyi		2024	Ithaca [Place of publication listed on title page is fictitious. Actual place of publication is unknown]	New York University | New York Public Library | Brooklyn Public Library | University of Pennsylvania Libraries | Boston College | Library of Congress | University of North Carolina at Chapel Hill. University Libraries | Skokie Public Library | University of Alberta | San Francisco Public Library | Columbia University in the City of New York | Princeton University Library | University of Illinois at Urbana Champaign | Staats- und Universitätsbibliothek Bremen | BNUS - Bibliotheque Nationale Universitaire de Strasbourg | LIBRIS | Universität Konstanz, Kommunikations-, Informations-, Medienzentrum (KIM)	Dmitry Bykov. <i>Demon poverzhennyi</i>. Ithaca: Freedom Letters, 2024.	https://tamizdatproject.org/media/publication_images/demon-poverzhennyi_ncgXh6F.jpeg	Russian	Dmitry Bykov						Freedom Letters	
2180f58b-efd4-4d42-a665-a7b16a921a03	1	https://tamizdatproject.org/publications/devianoska/	devianoska	Девяноска		Devianoska		2024	Bratislava	New York University | New York Public Library | Columbia University in the City of New York | Princeton University Library | Yale University Library | University of Pennsylvania Libraries | Cornell University Library | Boston College | Library of Congress | University of Toronto Group | Michigan State University Libraries | Indiana University | University of Illinois at Urbana Champaign | Vanderbilt University Library | Tulane University | University of Alberta | University of Arizona Libraries | UC Berkeley Libraries | San Mateo County Library | Staats- und Universitätsbibliothek Bremen | LIBRIS | Bayerische Staatsbibliothek	Viktor Shenderovich. <i>Devianoska</i>. Bratislava: Vidim Books, 2024.	https://tamizdatproject.org/media/publication_images/600x600-12.jpeg	Russian	Viktor Shenderovich						Vidim Books	
f5aa9dfa-7ac2-4405-99f7-4d5e8f8de5d6	1	https://tamizdatproject.org/publications/diagonalnaia-liagushka-metafora-v-tvorchestve-i-samoobuchenii/	diagonalnaia-liagushka-metafora-v-tvorchestve-i-samoobuchenii	Диагональная лягушка. Метафора в творчестве и самообучении		Diagonal'naia liagushka. Metafora v tvorchestve i samoobuchenii		2024	Tel Aviv	New York University | Columbia University in the City of New York | Princeton University Library | Yale University Library | University of Pennsylvania Libraries | Harvard University | LA COUNTY LIBRARY | Bayerische Staatsbibliothek | LIBRIS	Viktor Melamed. <i>Diagonal'naia liagushka. Metafora v tvorchestve i samoobuchenii</i>. Tel Aviv: Babel Books Tel Aviv, 2024.	https://tamizdatproject.org/media/publication_images/Melamed_Diagonalnaia_liagushka.jpeg	Russian	Viktor Melamed						Babel Books Tel Aviv	
44b9db41-a25a-4d2b-998f-64db906b5849	1	https://tamizdatproject.org/publications/doping/	doping	Допинг	Запрещенные страницы	Doping	Zapreshchennye stranitsy	2024	Riga	New York University | New York Public Library | Princeton University Library | University of Pennsylvania Libraries | Harvard University | Library of Congress | Michigan State University Libraries | Indiana University | King County Library System | San Mateo County Library | LIBRIS | Bayerische Staatsbibliothek	Grigory Rodchenkov. <i>Doping</i>. Riga: Meduza, 2024.	https://tamizdatproject.org/media/publication_images/Rodchenkov_Doping.png	Russian	Grigory Rodchenkov						Meduza	
a4b93fa0-a5a2-4dde-931d-ebc85b556338	1	https://tamizdatproject.org/publications/dovlatov-dobryi-moi-priiatel/	dovlatov-dobryi-moi-priiatel	Довлатов — добрый мой приятель		Dovlatov — dobryi moi priiatel		2024	Boston [Place of publication listed on title page is fictitious. Actual place of publication is unknown]	Brooklyn Public Library | Princeton University Library | University of Pennsylvania Libraries | Carnegie Library of Pittsburgh | University of Toronto Group | Cleveland Public Library | University of Alberta | University of British Columbia Library | Multnomah County Library | Placer County Library | San Francisco Public Library | LIBRIS | Los Angeles Public Library | New York Public Library | Columbia University in the City of New York | Library of Congress | Vanderbilt University Library | University of Arizona Libraries | Zentralbibliothek Zürich	Ludmila Shtern. <i>Dovlatov — dobryi moi priiatel</i>. Boston: Freedom Letters, 2024.	https://tamizdatproject.org/media/publication_images/dovlatov-dobryi-moi-priiatel_W0PjxUs.jpeg	Russian	Ludmila Shtern						Freedom Letters	
b2f5c2b6-926c-4634-8d6a-c4f0a8fa36db		https://tamizdatproject.org/publications/dve-zhizni/	dve-zhizni	Две жизни	Воспоминания театрального фотографа. Рассказы, избранные фотографии	Dve zhizni	Vospominaniia teatralnogo fotografa. Rasskazy, izbrannye fotografii	2024	Frankfurt am Main	New York University | Princeton University Library | Harvard University | Universitätsbibliothek der LMU München	Nina Alovert. <i>Dve zhizni</i>. Edited by Tatiana Zhakovskaia. Frankfurt am Main: Esterum Publishing, 2024.	https://tamizdatproject.org/media/publication_images/dve-zhizni_d06Zx7M.jpg	Russian	Nina Alovert		Tatiana Zhakovskaia				Esterum Publishing	
94228382-762b-49e8-90fe-ea2a68b29a16		https://tamizdatproject.org/publications/end-less/	end-less	Бяс край		End Less		2024	Berlin	Princeton University Library | Universitätsbibliothek Bern	Ihar Kulikoŭ. <i>End Less</i>. Berlin: hochroth Minsk, 2024.	https://tamizdatproject.org/media/publication_images/Игорь-Куликов-1.png	Belarusian	Ihar Kulikoŭ						hochroth Minsk	
cb694402-d333-414e-8cea-246d1fdd83c1	1	https://tamizdatproject.org/publications/everburning-pilot/	everburning-pilot	Everburning Pilot		Everburning Pilot		2024	New York	New York University | Columbia University in the City of New York | Princeton University Library | Vassar College | Yale University Library | Haverford College Libraries | Wesleyan University | Johns Hopkins University | Harvard University | University of Richmond | Duke University Libraries | University of Michigan | University of Notre Dame | University of Chicago Library | Emory University | University of Alabama | University of Iowa Libraries | University of Manitoba Libraries | Rice University | University of Denver, University Libraries | University of Washington Libraries | UC Berkeley Libraries | Stanford University | Staatsbibliothek zu Berlin - Preußischer Kulturbesitz, Haus Potsdamer Straße | University of Pennsylvania Libraries | McMaster University	Leonid Shvab. <i>Everburning Pilot</i>. Translated by Alexander Spektor, Anton Tenser, Sibelan Forrester. New York: Cicada Press, 2024.	https://tamizdatproject.org/media/publication_images/everburning-pilot_N0GN1kP.jpg	English | Russian	Leonid Shvab				Alexander Spektor | Anton Tenser | Sibelan Forrester		Cicada Press	
0b8a9b4b-5313-4cae-8f4e-a33e28ee2d75		https://tamizdatproject.org/publications/evridika-prover-vykliuchila-li-ty-gaz/	evridika-prover-vykliuchila-li-ty-gaz	Эвридика, проверь, выключила ли ты газ		Evridika, prover', vykliuchila li ty gaz		2024	Warsaw	New York University | New York Public Library | Princeton University Library | Yale University Library | University of Pennsylvania Libraries | Harvard University | Library of Congress | Tulane University | Pierce County Library System | University of Oregon Libraries | UC Berkeley Libraries | University of California, Systemwide Library Facility-North | National Library of Poland, Biblioteka Narodowa	Tatiana Zamirovskaya. <i>Evridika, prover', vykliuchila li ty gaz</i>. Warsaw: Miane Niama, 2024.	https://tamizdatproject.org/media/publication_images/Screen_Shot_2025-12-09_at_12.08.07_PM.png	Russian	Tatiana Zamirovskaya						Miane Niama	
6fcb5e68-7b11-4ef2-ac23-bbb5eb552f88		https://tamizdatproject.org/publications/ferma-zyvoau/	ferma-zyvoau	Ферма жывёлаў		Ferma žyvołaŭ		2024	Ząbki	LIBRIS | National Library of Poland, Biblioteka Narodowa	George Orwell. <i>Ferma žyvołaŭ</i>. Translated by Siarhiej Šupa. Ząbki: Yanushkevich Publishing, 2024.	https://tamizdatproject.org/media/publication_images/Screenshot_2025-11-15_at_21.52.21.png	Belarusian	George Orwell				Siarhiej Šupa		Yanushkevich Publishing	
9d21ee0c-cc93-47ff-8a09-3831b9e9ba74	1	https://tamizdatproject.org/publications/fokus/	fokus	Фокус		Fokus		2024	Stockholm - Berlin	New York University | Princeton University Library | Yale University Library | University of Pennsylvania Libraries | Cleveland Public Library | Skokie Public Library | Emory University | UC Berkeley Libraries | University of Cambridge | Norfolk County Council Library and Information Service | Université Bordeaux Montaigne | Bibliotheek Universiteit van Amsterdam | BNUS - Bibliotheque Nationale Universitaire de Strasbourg | Biblioteca comunale di Trento | SISTEMA BIBLIOTECARIO TRENTINO | Trento BCT Via Roma | Staats- und Universitätsbibliothek Hamburg Carl von Ossietzky | Royal Danish Library - (DKB) | Verbundzentrale des Gemeinsamen Bibliotheksverbundes | Universitätsbibliothek Heidelberg | LIBRIS | Universitätsbibliothek Bamberg | Freie Universität Berlin, Universitätsbibliothek, Zentralbibliothek | Staatsbibliothek zu Berlin - Preußischer Kulturbesitz, Haus Potsdamer Straße | Humboldt-Universität zu Berlin, Universitätsbibliothek, Jacob-und-Wilhelm-Grimm-Zentrum | Universitätsbibliothek der LMU München	Maria Stepanova. <i>Fokus</i>. Stockholm - Berlin: Hyperboreus and Babel Books Berlin, 2024.	https://tamizdatproject.org/media/publication_images/fokus_eTVzBWP.jpg	Russian	Maria Stepanova						Hyperboreus | Babel Books Berlin	
ef15baec-f189-484c-8412-c43c99e8c3b4	1	https://tamizdatproject.org/publications/glush-13-reportazhei-iz-voiuiushchei-rossii/	glush-13-reportazhei-iz-voiuiushchei-rossii	Глушь. 13 репортажей из воюющей России		Glush. 13 reportazhei iz voiuiushchei Rossii		2024	Riga [Place of publication listed on title page is fictitious. Actual place of publication is unknown]	New York University | Brooklyn Public Library | Columbia University in the City of New York | Princeton University Library | Yale University Library | University of Pennsylvania Libraries | Library of Congress | Carnegie Library of Pittsburgh | Cleveland Public Library | University of North Carolina at Chapel Hill. University Libraries | University of Illinois at Urbana Champaign | Vanderbilt University Library | University of Minnesota, Twin Cities | University of Alberta | University of Arizona Libraries | San Diego State University Library | University of California, Los Angeles | Yolo County Library | San Francisco Public Library | Bayerische Staatsbibliothek	<i>Glush. 13 reportazhei iz voiuiushchei Rossii</i>. Edited by Ekaterina Glikman. Riga: Freedom Letters and Novaya Gazeta Evropa, 2024.	https://tamizdatproject.org/media/publication_images/glush-13-reportazhei-iz-voiuiushchei-rossii_3M0nLXX.jpeg	Russian			Ekaterina Glikman				Freedom Letters | Novaya Gazeta Evropa	
98ae7bcb-01bf-4260-99c5-a5803931f694		https://tamizdatproject.org/publications/god-geparda/	god-geparda	Год гепарда		God geparda		2024	Duisburg	New York University | New York Public Library | University of Pennsylvania Libraries | Harvard University | Deutsche Nationalbibliothek Frankfurt am Main | Zentralbibliothek Zürich | Deutsche Nationalbibliothek Leipzig	Yuri Smirnov. <i>God geparda</i>. Duisburg: Fresh Verlag, 2024.	https://tamizdatproject.org/media/publication_images/god-geparda.jpg	Russian	Yuri Smirnov						Fresh Verlag	
0550afcd-688d-49de-b7ef-d8edccb713c9		https://tamizdatproject.org/publications/golosa-rossiiskogo-soprotivleniia/	golosa-rossiiskogo-soprotivleniia	Голоса российского сопротивления: последние слова российских политзаключенных		Golosa rossiiskogo soprotivleniia: poslednie slova rossiiskikh politzakliuchennykh		2024	Neukirchen-Vluyn	New York University | Columbia University in the City of New York | Princeton University Library | Yale University Library | University of Pennsylvania Libraries | Library of Congress | University of Michigan | Vanderbilt University Library | Bibliotheek Universiteit van Amsterdam | Freie Universität Berlin, Universitätsbibliothek, Zentralbibliothek | Bayerische Staatsbibliothek | Deutsche Nationalbibliothek Frankfurt am Main | BNUS - Bibliotheque Nationale Universitaire de Strasbourg | Deutsche Nationalbibliothek Leipzig | Universitätsbibliothek Kiel, Zentralbibliothek | Staats- und Universitätsbibliothek Hamburg Carl von Ossietzky | Universität Mainz, Zentralbibliothek | Universitätsbibliothek Gießen | Universitätsbibliothek Bern | Staatsbibliothek zu Berlin - Preußischer Kulturbesitz, Haus Potsdamer Straße	<i>Golosa rossiiskogo soprotivleniia: poslednie slova rossiiskikh politzakliuchennykh</i>. Edited by Ilya Azar. Neukirchen-Vluyn: Fresh Verlag, 2024.	https://tamizdatproject.org/media/publication_images/golosa-rossiiskogo-soprotivleniia.png	Russian			Ilya Azar				Fresh Verlag	
9cacf3bf-64fc-434d-8bfc-fdd67ce940c4	1	https://tamizdatproject.org/publications/gospod-moi-inoagent/	gospod-moi-inoagent	Господь мой иноагент		Gospod' moi inoagent		2024	Buenos Aires [Place of publication listed on title page is fictitious. Actual place of publication is unknown]	New York University | Columbia University in the City of New York | Princeton University Library | Yale University Library | University of Pennsylvania Libraries | Library of Congress | Cleveland Public Library | University of North Carolina at Chapel Hill. University Libraries | University of Illinois at Urbana Champaign | Vanderbilt University Library | University of Arizona Libraries | University of British Columbia Library | University of California, Los Angeles | San Francisco Public Library | San Mateo County Library | Bayerische Staatsbibliothek	Ilya Voronov. <i>Gospod' moi inoagent</i>. Buenos Aires: Freedom Letters, 2024.	https://tamizdatproject.org/media/publication_images/gospod-moi-inoagent_L2cNmIl.jpeg	Russian	Ilya Voronov						Freedom Letters	
f287cfb0-14a7-46e5-8c30-d0be2d967e87	1	https://tamizdatproject.org/publications/granitsy-sred/	granitsy-sred	Границы сред		Granitsy sred		2024	London [Place of publication listed on title page is fictitious. Actual place of publication is unknown]	New York University | New York Public Library | Columbia University in the City of New York | Princeton University Library | University of Pennsylvania Libraries | Library of Congress | Cleveland Public Library | University of North Carolina at Chapel Hill. University Libraries | University of California, Los Angeles | San Francisco Public Library | San Mateo County Library | University of Glasgow	Asya Mikheeva. <i>Granitsy sred</i>. London: Freedom Letters, 2024.	https://tamizdatproject.org/media/publication_images/granitsy-sred_iAI8DoF.jpeg	Russian	Asya Mikheeva						Freedom Letters	
d2cf962a-ee37-45ab-b351-90ea6bd0de19	1	https://tamizdatproject.org/publications/gumannoe-proshchanie/	gumannoe-proshchanie	Гуманное прощание		Gumannoe proshchanie		2024	New York [Place of publication listed on title page is fictitious. Actual place of publication is unknown]	New York University | New York Public Library | Columbia University in the City of New York | Princeton University Library | University of Pennsylvania Libraries | Library of Congress | Cleveland Public Library | University of North Carolina at Chapel Hill. University Libraries | Barrington Area Library | University of Illinois at Urbana Champaign | Vanderbilt University Library | University of California, Los Angeles | San Francisco Public Library | Universitätsbibliothek Würzburg | Bayerische Staatsbibliothek	Mikhail Segal. <i>Gumannoe proshchanie</i>. New York: Freedom Letters, 2024.	https://tamizdatproject.org/media/publication_images/gumannoe-proshchanie_KxpmVJM.jpeg	Russian	Mikhail Segal						Freedom Letters	
8e12db13-1d18-4325-aaeb-313f32e6e026		https://tamizdatproject.org/publications/hibroidy/	hibroidy	Гіброіды		Hibroidy		2024	Warsaw	Harvard University | Library of Congress | Indiana University | University of Chicago Library | UC Berkeley Libraries | National Library of Poland, Biblioteka Narodowa | Staatsbibliothek zu Berlin - Preußischer Kulturbesitz, Haus Potsdamer Straße	Siarhiej Pryłucki. <i>Hibroidy</i>. Warsaw: Miane Niama, 2024.	https://tamizdatproject.org/media/publication_images/hibroidy.png	Belarusian	Siarhiej Pryłucki						Miane Niama	
e5b07c37-e04d-4062-9cc9-c335246443f8	1	https://tamizdatproject.org/publications/iama/	iama	Яма		Iama		2024	Leipzig	BCCLS | STELLA-Sharing & Technology Enhancing Local Library Access | Bucks County Free Library | Finger Lakes Library System | Minuteman Library Network | Broward County Libraries | Multnomah County Library | LA COUNTY LIBRARY | Alameda County Library | Bibliotheek Universiteit van Amsterdam | Vancouver Public Library | LIBRIS	Boris Akunin. <i>Iama</i>. Leipzig: ISIA Media Verlag, 2024.	https://tamizdatproject.org/media/publication_images/iama_R6TYinF.jpg	Russian	Boris Akunin						ISIA Media Verlag	
37d71b5b-bd0b-43a1-9b9b-91fad055a1c1	1	https://tamizdatproject.org/publications/igra-v-revoliutsiiu-iranskie-agenty-kremlia/	igra-v-revoliutsiiu-iranskie-agenty-kremlia	Игра в революцию: Иранские агенты Кремля		Igra v revoliutsiiu: Iranskie agenty Kremlia		2024	Riga [Place of publication listed on title page is fictitious. Actual place of publication is unknown]	New York University | New York Public Library | Brooklyn Public Library | Columbia University in the City of New York | Princeton University Library | Yale University Library | University of Pennsylvania Libraries | Library of Congress | Cleveland Public Library | University of North Carolina at Chapel Hill. University Libraries | University of Illinois at Urbana Champaign | Vanderbilt University Library | University of Wisconsin - Madison General Library System | University of British Columbia Library | Multnomah County Library | San Francisco Public Library | LIBRIS	Mikhail Krutikhin. <i>Igra v revoliutsiiu: Iranskie agenty Kremlia</i>. Riga: Freedom Letters, 2024.	https://tamizdatproject.org/media/publication_images/igra-v-revoliutsiiu-iranskie-agenty-kremlia_Qk3uTKT.jpeg	Russian	Mikhail Krutikhin						Freedom Letters	
4e5c85e3-18f0-443d-b603-f0437be47acb		https://tamizdatproject.org/publications/impossibility-of-writing/	impossibility-of-writing	(не)магчымасць пісьма		(im)possibility of writing		2024	Berlin	UC Berkeley Libraries	Marina Hobbel. <i>(im)possibility of writing</i>. Edited by Uljana Veryna. Berlin: hochroth Minsk, 2024.	https://tamizdatproject.org/media/publication_images/Снимок-экрана-2024-10-03-в-10.53.30.png	Belarusian	Marina Hobbel		Uljana Veryna				hochroth Minsk	
c31aa3e1-6ab7-49d1-a9ab-e194468c4f1c	1	https://tamizdatproject.org/publications/internatskie-rasskazy/	internatskie-rasskazy	Интернатские рассказы		Internatskie rasskazy		2024	Paris	New York University | Princeton University Library | Yale University Library | University of Pennsylvania Libraries | Boston College | Harvard University | Sorbonne Université | Bibliothèque nationale de France | BNUS - Bibliotheque Nationale Universitaire de Strasbourg | Université de Strasbourg	Riva Evstifeeva. <i>Internatskie rasskazy</i>. Paris: Éditions Tourgueneff, 2024.	https://tamizdatproject.org/media/publication_images/internatskie-rasskazy_mUAta8K.jpg	Russian	Riva Evstifeeva						Éditions Tourgueneff	
497f2ad9-0e1f-4428-abb0-5e657448872e	1	https://tamizdatproject.org/publications/istoriia-rossii-xix-stoletiia-tom-i/	istoriia-rossii-xix-stoletiia-tom-i	История России XIX Столетия.  Том I		Istoriia Rossii XIX Stoletiia. Tom I		2024	Bratislava	New York University | New York Public Library | Columbia University in the City of New York | Princeton University Library | Yale University Library | Cornell University Library | Boston College | Harvard University | Library of Congress | University of Toronto Group | Cleveland Public Library | Michigan State University Libraries | University of Illinois at Chicago Library | University of Illinois at Urbana Champaign | Tulane University | University of Alberta | UC Berkeley Libraries	Andrei Zubov. <i>Istoriia Rossii XIX Stoletiia. Tom I</i>. Bratislava: Vidim Books, 2024.	https://tamizdatproject.org/media/publication_images/600x600-11.jpeg	Russian	Andrei Zubov						Vidim Books	
e9f915e8-858b-466b-9f26-6aa49cc133a1	1	https://tamizdatproject.org/publications/iz-iamki-zemlianoi/	iz-iamki-zemlianoi	Из ямки земляной		Iz iamki zemlianoi		2024	Tel Aviv	New York University | Columbia University in the City of New York | Princeton University Library | Yale University Library | University of Pennsylvania Libraries | Harvard University | Library of Congress | Austin Public Library | Multnomah County Library | LA COUNTY LIBRARY | Universitäts- und Stadtbibliothek Köln, Hauptabteilung | Freie Universität Berlin, Universitätsbibliothek, Zentralbibliothek | Humboldt-Universität zu Berlin, Universitätsbibliothek, Jacob-und-Wilhelm-Grimm-Zentrum | Bayerische Staatsbibliothek	Sveta Ben’. <i>Iz iamki zemlianoi</i>. Tel Aviv: Babel Books Tel Aviv, 2024.	https://tamizdatproject.org/media/publication_images/iz-iamki-zemlianoi_Az0rJg1.jpg	Russian	Sveta Ben’						Babel Books Tel Aviv	
690cb8b4-190f-4fd3-932e-ad9585a75449		https://tamizdatproject.org/publications/iziatie-stikhotvoreniia-1973-2023/	iziatie-stikhotvoreniia-1973-2023	Изъятие. Стихотворения. 1973–2023		Iz'iatie. Stikhotvoreniia. 1973-2023		2024	Frankfurt am Main	New York University | Queens Public Library | Princeton University Library | Ramapo Catskill Library System | Yale University Library | University of Pennsylvania Libraries | Baltimore County Public Library | Minuteman Library Network | Harvard University | Broward County Libraries | Sunnyvale Public Library | Deutsche Nationalbibliothek Frankfurt am Main | Deutsche Nationalbibliothek Leipzig | Humboldt-Universität zu Berlin, Universitätsbibliothek, Jacob-und-Wilhelm-Grimm-Zentrum	Vladimir Gandelsman. <i>Iz'iatie. Stikhotvoreniia. 1973-2023</i>. Frankfurt am Main: Esterum Publishing, 2024.	https://tamizdatproject.org/media/publication_images/ramka_gandelsman.jpg	Russian	Vladimir Gandelsman						Esterum Publishing	
39962525-7fc1-4a5d-bd30-59590e2321c7		https://tamizdatproject.org/publications/jak-ja-bya-malalietkaj/	jak-ja-bya-malalietkaj	Як я была малалеткай		Jak ja była malalietkaj		2024	Vilnius	None	Virginija Kulvinskaitė. <i>Jak ja była malalietkaj</i>. Vilnius: Pflaŭmbaŭm, 2024.	https://tamizdatproject.org/media/publication_images/yak_ya_byla.png	Belarusian	Virginija Kulvinskaitė						Pflaŭmbaŭm	
f602d64d-5d8e-4e00-9459-04b927266ecd	1	https://tamizdatproject.org/publications/kak-nam-eto-perezhit/	kak-nam-eto-perezhit	Как нам это пережить		Kak nam eto perezhit'		2024	Petrograd [Place of publication listed on title page is fictitious. Actual place of publication is unknown]	New York University | Princeton University Library | University of Pennsylvania Libraries | Minuteman Library Network | University of Toronto Group | University of North Carolina at Chapel Hill. University Libraries | Emory University | University of British Columbia Library | Yolo County Library | UC Berkeley Libraries | San Francisco Public Library | Columbia University in the City of New York | Yale University Library | Library of Congress | University of Illinois at Urbana Champaign | Vanderbilt University Library | University of Minnesota, Twin Cities | University of California, Los Angeles | BNUS - Bibliotheque Nationale Universitaire de Strasbourg	<i>Kak nam eto perezhit'</i>. Edited by Tatiana Bonch-Osmolovskaia. Translated by Maria Bloshtein. Petrograd: Freedom Letters, 2024.	https://tamizdatproject.org/media/publication_images/kak-nam-eto-perezhit_oXDU0AW.jpeg	Russian; English			Tatiana Bonch-Osmolovskaia		Maria Bloshtein		Freedom Letters	
1e2e6b1d-c316-4bf9-b15b-35ed0cd6c74d		https://tamizdatproject.org/publications/kali-ja-vyjdu-na-voliu/	kali-ja-vyjdu-na-voliu	Калі я выйду на волю		Kali ja vyjdu na voliu		2024	London	Harvard University | Library of Congress | University of Michigan | University of Chicago Library | The Library of Trinity College Dublin, the University of Dublin | Zentralbibliothek Zürich | Freie Universität Berlin, Universitätsbibliothek, Zentralbibliothek | Staatsbibliothek zu Berlin - Preußischer Kulturbesitz, Haus Potsdamer Straße | University of Cambridge	Hanna Komar. <i>Kali ja vyjdu na voliu</i>. London: Skaryna Press, 2024.	https://tamizdatproject.org/media/publication_images/Screenshot_2025-11-15_at_23.01.05.png	Belarusian | Russian	Hanna Komar						Skaryna Press	
003fa096-57cd-4d7e-9433-738551697d00		https://tamizdatproject.org/publications/khol/	khol	Холь		Khol'		2024	Tel Aviv	New York University | Princeton University Library | University of Pennsylvania Libraries | Harvard University | Staats- und Universitätsbibliothek Bremen | Bayerische Staatsbibliothek	Boris Leibov. <i>Khol'</i>. Tel Aviv: Babel Books Tel Aviv, 2024.	https://tamizdatproject.org/media/publication_images/Leibov_Khol.jpg	Russian	Boris Leibov						Babel Books Tel Aviv	
8d402cb9-423c-43b8-976f-1797618684ae		https://tamizdatproject.org/publications/knihi-jakuba/	knihi-jakuba	Кнігі Якуба		Knihi Jakuba		2024	Vilnius	Institut für die Wissenschaften vom Menschen	Olga Tokarczuk. <i>Knihi Jakuba</i>. Vilnius: Pflaŭmbaŭm, 2024.	https://tamizdatproject.org/media/publication_images/knihi_yakuba.png	Belarusian	Olga Tokarczuk						Pflaŭmbaŭm	
a356c543-cacc-417e-8e8e-f30632234d03		https://tamizdatproject.org/publications/kogda-ty-verneshsia-v-moskvu/	kogda-ty-verneshsia-v-moskvu	Когда ты вернешься в Москву?		Kogda ty verneshsia v Moskvu?		2024	[Place Unidentified]	None	Daria Tikhonova. <i>Kogda ty verneshsia v Moskvu?</i> [Place Unidentified]: BAbook, 2024.	https://tamizdatproject.org/media/publication_images/kogda-ty-verneshsia-v-moskvu.jpg	Russian	Daria Tikhonova						BAbook	
c8ac9631-4a99-4360-ac6f-40e340b27e77	1	https://tamizdatproject.org/publications/kolybelnaia-po-mariupoliu/	kolybelnaia-po-mariupoliu	Колыбельная по Мариуполю		Kolybelnaia po Mariupoliu		2024	London [Place of publication listed on title page is fictitious. Actual place of publication is unknown]	New York University | New York Public Library | Columbia University in the City of New York | Princeton University Library | Yale University Library | University of Pennsylvania Libraries | Library of Congress | Cleveland Public Library | University of North Carolina at Chapel Hill. University Libraries | University of Illinois at Urbana Champaign | Vanderbilt University Library | University of Alberta | University of Arizona Libraries | University of British Columbia Library | University of California, Los Angeles | San Francisco Public Library | LIBRIS | Universitätsbibliothek Würzburg | Universitätsbibliothek Bern | Zentralbibliothek Zürich | Staatsbibliothek zu Berlin - Preußischer Kulturbesitz, Haus Potsdamer Straße | Humboldt-Universität zu Berlin, Universitätsbibliothek, Jacob-und-Wilhelm-Grimm-Zentrum | Bayerische Staatsbibliothek	Aleksandra Krashevskaia. <i>Kolybelnaia po Mariupoliu</i>. London: Freedom Letters, 2024.	https://tamizdatproject.org/media/publication_images/kolybelnaia-po-mariupoliu_TQcU1Gt.jpeg	Russian	Aleksandra Krashevskaia						Freedom Letters	
c55b055a-b9b9-4da6-afcd-35aa7539cf97	1	https://tamizdatproject.org/publications/konets-svobodnoi-epokhi-golosa-rossiiskogo-feminizma/	konets-svobodnoi-epokhi-golosa-rossiiskogo-feminizma	Конец свободной эпохи: голоса российского феминизма		Konets svobodnoi epokhi: golosa rossiiskogo feminizma		2024	Moscow [Place of publication listed on title page is fictitious. Actual place of publication is unknown]	New York University | New York Public Library | Columbia University in the City of New York | Princeton University Library | Yale University Library | University of Pennsylvania Libraries | Boston College | Harvard University | Library of Congress | Cleveland Public Library | University of North Carolina at Chapel Hill. University Libraries | Michigan State University Libraries | Indiana University | University of Chicago Library | University of Illinois at Urbana Champaign | Vanderbilt University Library | University of Wisconsin - Madison General Library System | University of Minnesota, Twin Cities | UC Berkeley Libraries | Stanford University | San Francisco Public Library | Bayerische Staatsbibliothek | Sciences Po Paris | Staats- und Universitätsbibliothek Hamburg Carl von Ossietzky | BNUS - Bibliotheque Nationale Universitaire de Strasbourg | Universitätsbibliothek Bern	<i>Konets svobodnoi epokhi: golosa rossiiskogo feminizma</i>. Edited by Anastasia Polozkova. Moscow: Freedom Letters, 2024.	https://tamizdatproject.org/media/publication_images/konets-svobodnoi-epokhi-golosa-rossiiskogo-feminiz_WTuVosM.jpeg	Russian			Anastasia Polozkova				Freedom Letters	
c449498e-3495-4e7f-9982-8ecff6bf5995	1	https://tamizdatproject.org/publications/kratkaia-istoriia-rossii-uvidennaia-s-ee-kontsa/	kratkaia-istoriia-rossii-uvidennaia-s-ee-kontsa	Краткая История России, Увиденная С Ее Конца		Kratkaia Istoriia Rossii, Uvidennaia S Ee Kontsa		2024	Hamburg	University of North Carolina at Chapel Hill. University Libraries | Yolo County Library | LIBRIS | Auckland Libraries | Staats- und Universitätsbibliothek Hamburg Carl von Ossietzky | Deutsche Nationalbibliothek Frankfurt am Main | Deutsche Nationalbibliothek Leipzig	Olaf Kühl. <i>Kratkaia Istoriia Rossii, Uvidennaia S Ee Kontsa</i>. Translated by Elena Krabat. Hamburg: Stein Publishing, 2024.	https://tamizdatproject.org/media/publication_images/600x600-20.jpeg	Russian	Olaf Kühl				Elena Krabat		Stein Publishing	
cde35dd4-08b5-447e-924c-4987a4f89573		https://tamizdatproject.org/publications/kremulatar/	kremulatar	Крэмулятар		Kremulatar		2024	Kraków	Princeton University Library | Yale University Library | Harvard University | Library of Congress | University of British Columbia Library | National Library of Poland, Biblioteka Narodowa | LIBRIS | Staatsbibliothek zu Berlin - Preußischer Kulturbesitz, Haus Potsdamer Straße | Uniwersytet Lodzki, Biblioteka Glowna	Sasha Filipenko. <i>Kremulatar</i>. Kraków: Gutenberg, 2024.	https://tamizdatproject.org/media/publication_images/20294.jpg	Belarusian	Sasha Filipenko						Gutenberg	
f27fc8c5-48d9-43e6-98ff-8b7fe7bf28af	1	https://tamizdatproject.org/publications/kvartal/	kvartal	Квартал		Kvartal		2024	Rochester [Place of publication listed on title page is fictitious. Actual place of publication is unknown]	New York University | Princeton University Library | University of Pennsylvania Libraries | Carnegie Library of Pittsburgh | Skokie Public Library | San Francisco Public Library	Dmitry Bykov. <i>Kvartal</i>. Rochester: Freedom Letters, 2024.	https://tamizdatproject.org/media/publication_images/kvartal_y2IB3zS.jpeg	Russian	Dmitry Bykov						Freedom Letters	
05b0f813-bc60-4da6-86f7-b235a8fc1c81	1	https://tamizdatproject.org/publications/kvinskie-idillii-i-drugoe/	kvinskie-idillii-i-drugoe	Квинсские идиллии и другое		Kvinskie idillii i drugoe		2024	Tel Aviv	New York University | Princeton University Library | Yale University Library | University of Pennsylvania Libraries | Harvard University | LA COUNTY LIBRARY | The British Library, St. Pancras | Universitätsbibliothek der LMU München | Bayerische Staatsbibliothek | LIBRIS	Aleksei Tsvetkov. <i>Kvinskie idillii i drugoe</i>. Tel Aviv: Babel Books Tel Aviv, 2024.	https://tamizdatproject.org/media/publication_images/Tsvetkov_Kvinskie_idillii.webp	Russian	Aleksei Tsvetkov						Babel Books Tel Aviv	
102693fc-174a-459f-8a94-2143b495717d	1	https://tamizdatproject.org/publications/lego/	lego	Лего		Lego		2024	Riga	New York University | Princeton University Library | Free Library of Philadelphia | University of Pennsylvania Libraries | Minuteman Library Network | Harvard University | Library of Congress | University of Toronto Group | Chicago Public Library | Skokie Public Library | Niles Maine District Library | Arlington Heights Memorial Library | Sarasota County Library System | Miami Dade Public Library System | King County Library System | Multnomah County Library | Burbank Public Library | University of California, Santa Barbara | San Mateo County Library | Bibliothèque nationale de France | Royal Danish Library - (DKB) | BNUS - Bibliotheque Nationale Universitaire de Strasbourg | LIBRIS | Staats- und Universitätsbibliothek Bremen | Humboldt-Universität zu Berlin, Universitätsbibliothek, Jacob-und-Wilhelm-Grimm-Zentrum | Bayerische Staatsbibliothek	Boris Akunin. <i>Lego</i>. Riga: BAbook, 2024.	https://tamizdatproject.org/media/publication_images/lego_wSfGMOI.jpg	Russian	Boris Akunin						BAbook	
825a0b0d-1273-4124-906e-dc4062009d3b	С расшифровкой	https://tamizdatproject.org/publications/leviafan/	leviafan	Левиафан		Leviafan		2024	Riga	New York University | BCCLS | Princeton University Library | Skokie Public Library | Niles Maine District Library | Miami Dade Public Library System | Los Alamos County Library System | San Diego Public Library | Contra Costa County Library | Redwood City Public Library | Bayerische Staatsbibliothek | LIBRIS	Boris Akunin. <i>Leviafan</i>. Riga: BAbook, 2024.	https://tamizdatproject.org/media/publication_images/leviafan_zJWlwRE.jpg	Russian	Boris Akunin						BAbook	
544341eb-d3c7-4ecf-9297-d9d09510ff76	1	https://tamizdatproject.org/publications/list-pered-travoi/	list-pered-travoi	Лист перед травой		List pered travoi		2024	Ozolnieki | New York	New York University | Princeton University Library | University of Pennsylvania Libraries | Staatsbibliothek zu Berlin - Preußischer Kulturbesitz, Haus Potsdamer Straße	Sergy Mushtatov. <i>List pered travoi</i>. Ozolnieki - New York: Literature without Borders, 2024.	https://tamizdatproject.org/media/publication_images/list-pered-travoi_8r3z8fi.jpg	Russian	Sergy Mushtatov						Literature without Borders	
c532a9be-88b0-47e7-80d0-40fa2b131e17	1	https://tamizdatproject.org/publications/lost-and-found/	lost-and-found	Lost and Found		Lost and Found		2024	Bratislava	New York University | New York Public Library | Columbia University in the City of New York | Princeton University Library | University of Pennsylvania Libraries | Library of Congress | University of Toronto Group | Cleveland Public Library | University of North Carolina at Chapel Hill. University Libraries | University of Michigan | Michigan State University Libraries | Indiana University | University of Illinois at Urbana Champaign | Macalester College | University of California, Los Angeles | Staats- und Universitätsbibliothek Hamburg Carl von Ossietzky | BNUS - Bibliotheque Nationale Universitaire de Strasbourg | LIBRIS | Zentralbibliothek Zürich | Bayerische Staatsbibliothek	Vera Polozkova. <i>Lost and Found</i>. Bratislava: Vidim Books, 2024.	https://tamizdatproject.org/media/publication_images/lost-n-found_3sVT7Cq.jpg	Russian	Vera Polozkova						Vidim Books	
435c4943-ddea-4358-aff8-4b576b20a8db	1	https://tamizdatproject.org/publications/malenkii-rai/	malenkii-rai	Маленький рай		Malenkii rai		2024	Herceg Novi [Place of publication listed on title page is fictitious. Actual place of publication is unknown]	New York University | New York Public Library | Brooklyn Public Library | Columbia University in the City of New York | Princeton University Library | Yale University Library | University of Pennsylvania Libraries | Minuteman Library Network | Library of Congress | University of North Carolina at Chapel Hill. University Libraries | University of Illinois at Urbana Champaign | Vanderbilt University Library | University of California, Los Angeles | San Francisco Public Library | San Mateo County Library | BNUS - Bibliotheque Nationale Universitaire de Strasbourg | LIBRIS	Ksenia Buksha. <i>Malenkii rai</i>. Herceg Novi: Freedom Letters, 2024.	https://tamizdatproject.org/media/publication_images/malenkii-rai_Go9lFad.jpeg	Russian	Ksenia Buksha						Freedom Letters	
ce1d3867-97e3-4c63-9761-001b43e522f8	1	https://tamizdatproject.org/publications/mechtateli-protiv-kosmonavtov-otvaga-i-tragediia-antiputinskogo-protesta/	mechtateli-protiv-kosmonavtov-otvaga-i-tragediia-antiputinskogo-protesta	Мечтатели против космонавтов. Отвага и трагедия антипутинского протеста		Mechtateli protiv kosmonavtov. Otvaga i tragediia antiputinskogo protesta		2024	Riga	New York University | Princeton University Library | Harvard University | Library of Congress | UC Berkeley Libraries | San Mateo County Library | Universitätsbibliothek Bern | BNUS - Bibliotheque Nationale Universitaire de Strasbourg | LIBRIS	Evgeny Feldman. <i>Mechtateli protiv kosmonavtov. Otvaga i tragediia antiputinskogo protesta</i>. Riga: BAbook, 2024.	https://tamizdatproject.org/media/publication_images/e60ad42afd766e1cc9f07bafc15e257d.jpeg	Russian	Evgeny Feldman						BAbook	
052384c2-9f02-4f5f-8740-2e49bc427e6e	1	https://tamizdatproject.org/publications/medvezhii-ushi-iantarnyi-chelovek/	medvezhii-ushi-iantarnyi-chelovek	Медвежьи уши.  Янтарный человек		Medvezhii ushi. Iantarnyi chelovek		2024	Riga	New York University | New York Public Library | Princeton University Library | University of Pennsylvania Libraries | Harvard University | Montgomery County Public Libraries, MD | Library of Congress | University of Michigan | San Mateo County Library	Maria Makeeva. <i>Medvezhii ushi. Iantarnyi chelovek</i>. Riga: Jūra&Laiki, 2024.	https://tamizdatproject.org/media/publication_images/600x600-24.jpeg	Russian	Maria Makeeva						Jūra&Laiki	
6e7ba2da-b980-4895-abbf-9bb68c360968	1	https://tamizdatproject.org/publications/memorial-otniatyi-dom/	memorial-otniatyi-dom	«Мемориал».  Отнятый дом		«Memorial». Otniatyi dom		2024	Bratislava	New York University | New York Public Library | Brooklyn Public Library | Columbia University in the City of New York | Princeton University Library | Yale University Library | University of Pennsylvania Libraries | Boston College | Harvard University | Library of Congress | University of Toronto Group | Michigan State University Libraries | Indiana University | University of Illinois at Urbana Champaign | Vanderbilt University Library | Tulane University | University of Alberta | University of Arizona Libraries | University of California, Los Angeles | San Mateo County Library | International Institute of Social History (IISG) | Universitätsbibliothek Würzburg | Zentralbibliothek Zürich | Freie Universität Berlin, Universitätsbibliothek, Zentralbibliothek | Staatsbibliothek zu Berlin - Preußischer Kulturbesitz, Haus Potsdamer Straße | Bayerische Staatsbibliothek | LIBRIS	Boris Belenkin. <i>«Memorial». Otniatyi dom</i>. Bratislava: Vidim Books, 2024.	https://tamizdatproject.org/media/publication_images/600x600-16.jpeg	Russian	Boris Belenkin						Vidim Books	
1666e80d-dcf3-45d4-813b-5b06b067012c	1	https://tamizdatproject.org/publications/menshee-zlo/	menshee-zlo	Меньшее зло		Men'shee zlo		2024	[Place Unidentified]	New York University | Princeton University Library | University of Pennsylvania Libraries | Cleveland Public Library | University of North Carolina at Chapel Hill. University Libraries | Arapahoe Libraries | King County Library System | Multnomah County Library | San Francisco Public Library | Humboldt-Universität zu Berlin, Universitätsbibliothek, Jacob-und-Wilhelm-Grimm-Zentrum | Universitätsbibliothek Regensburg | Bayerische Staatsbibliothek | New York Public Library | Library of Congress | University of Illinois at Urbana Champaign | Vanderbilt University Library | University of Kansas | University of California, Los Angeles | University of Glasgow	Yuli Dubov. <i>Men'shee zlo</i>. [Place Unidentified]: Freedom Letters, 2024.	https://tamizdatproject.org/media/publication_images/menshee-zlo_AHWHh1s.jpeg	Russian	Yuli Dubov						Freedom Letters	
bc79dcc9-0a53-49dd-9fea-65a09e39962c	1	https://tamizdatproject.org/publications/moi-esse-o-russkoi-literature/	moi-esse-o-russkoi-literature	МОИ. Эссе о русской литературе		MOI. Esse o russkoi literature		2024	[Place Unidentified]	New York University | New York Public Library | Brooklyn Public Library | Princeton University Library | Yale University Library | University of Pennsylvania Libraries | Minuteman Library Network | Boston College | University of Toronto Group | Cleveland Public Library | Ela Area Public Library District | King County Library System | Yolo County Library | University of California, Santa Barbara | Sunnyvale Public Library | Palo Alto City Library | Universitäts- und Stadtbibliothek Köln, Hauptabteilung | Staats- und Universitätsbibliothek Bremen | Verbundzentrale des Gemeinsamen Bibliotheksverbundes | Dezentrale Bibliotheken der Universität Heidelberg | Universitätsbibliothek Heidelberg | Zentralbibliothek Zürich | Staatsbibliothek zu Berlin - Preußischer Kulturbesitz, Haus Potsdamer Straße | Bayerische Staatsbibliothek | Tamkang University Library (TKUL) | Sorbonne Université | Bibliothèque nationale de France | BNUS - Bibliotheque Nationale Universitaire de Strasbourg | Bryn Mawr College | LIBRIS	Mikhail Shishkin. <i>MOI. Esse o russkoi literature</i>. [Place Unidentified]: BAbook, 2024.	https://tamizdatproject.org/media/publication_images/Shishkin_Moi.webp	Russian	Mikhail Shishkin						BAbook	
c652ae91-7bf0-476b-804f-f705c646cf87	1	https://tamizdatproject.org/publications/moi-kalendari/	moi-kalendari	Мой календарь		Moi kalendar'		2024	Riga	New York University | Princeton University Library | University of Pennsylvania Libraries | LIBRIS | Bayerische Staatsbibliothek	Boris Akunin. <i>Moi kalendar'</i>. Riga: BAbook, 2024.	https://tamizdatproject.org/media/publication_images/moi-kalendari_hYdSGmi.jpg	Russian	Boris Akunin						BAbook	
c0990355-11a6-4c74-b012-4d39ae277bea	С расшифровкой	https://tamizdatproject.org/publications/moskva-sintszin/	moskva-sintszin	Москва-Синьцзин		Moskva-Sintszin		2024	[Place Unidentified]	New York University | New York Public Library | Brooklyn Public Library | Princeton University Library | Yale University Library | Free Library of Philadelphia | University of Pennsylvania Libraries | C/W MARS | Minuteman Library Network | Harvard University | Library of Congress | Cleveland Public Library | The Indianapolis Public Library | Skokie Public Library | Indian Trails Public Library District | Arlington Heights Memorial Library | Downers Grove Public Library | Milwaukee Public Library | Broward County Libraries | Winnipeg Public Library | Austin Public Library | Las Vegas-Clark County Library District | King County Library System | Sno-Isle Libraries | Multnomah County Library | Washington County Cooperative Library Services | Yolo County Library | University of California, Santa Barbara | Palo Alto City Library | San Francisco Public Library | San Mateo County Library | Bibliothèque nationale de France | Bibliotheek Universiteit van Amsterdam | Staats- und Universitätsbibliothek Bremen | Humboldt-Universität zu Berlin, Universitätsbibliothek, Jacob-und-Wilhelm-Grimm-Zentrum | Bayerische Staatsbibliothek | LIBRIS	Boris Akunin. <i>Moskva-Sintszin</i>. [Place Unidentified]: BAbook, 2024.	https://tamizdatproject.org/media/publication_images/moskva-sintszin_xOCDtK4.jpg	Russian	Boris Akunin						BAbook	
dc7e4b40-b362-4bcf-ae90-33be9c0264fb	1	https://tamizdatproject.org/publications/my-dnevnik-padeniia/	my-dnevnik-padeniia	Мы.  Дневник падения		My. Dnevnik padeniia		2024	Bratislava	New York University | Brooklyn Public Library | Columbia University in the City of New York | The Ferguson Library | Princeton University Library | Bucks County Free Library | Yale University Library | Free Library of Philadelphia | Minuteman Library Network | Cornell University Library | Boston College | Onondaga County Public Library | Library of Congress | University of Toronto Group | Cleveland Public Library | Michigan State University Libraries | University of Illinois at Urbana Champaign | Vanderbilt University Library | Hennepin County Library | Tulane University | University of Arizona Libraries | Las Vegas-Clark County Library District | King County Library System | Fort Vancouver Regional Library District | University of California, Los Angeles | Yolo County Library | UC Berkeley Libraries | Sunnyvale Public Library | San Mateo County Library | Bibliotheek Universiteit van Amsterdam | Staats- und Universitätsbibliothek Bremen | Staats- und Universitätsbibliothek Hamburg Carl von Ossietzky | Universitätsbibliothek Freiburg | Universitätsbibliothek Würzburg | LIBRIS | Zentralbibliothek Zürich | Freie Universität Berlin, Universitätsbibliothek, Zentralbibliothek | Staatsbibliothek zu Berlin - Preußischer Kulturbesitz, Haus Potsdamer Straße | Humboldt-Universität zu Berlin, Universitätsbibliothek, Jacob-und-Wilhelm-Grimm-Zentrum | Bayerische Staatsbibliothek | Sorbonne Université | Bibliothèque nationale de France | BNUS - Bibliotheque Nationale Universitaire de Strasbourg	Dmitry Glukhovsky. <i>My. Dnevnik padeniia</i>. Bratislava: Vidim Books, 2024.	https://tamizdatproject.org/media/publication_images/paden.png	Russian	Dmitry Glukhovsky						Vidim Books	
92a523e8-35c8-4d4b-8ccc-7dfa3add76c7	2	https://tamizdatproject.org/publications/mysh/	mysh	Мышь		Mysh		2024	Tbilisi [Place of publication listed on title page is fictitious. Actual place of publication is unknown]	Toronto Public Library | Mid-Columbia Libraries | New York University | New York Public Library | Columbia University in the City of New York | Princeton University Library | University of Pennsylvania Libraries | Library of Congress | Cleveland Public Library | Indiana University | University of Illinois at Urbana Champaign | Vanderbilt University Library | University of Minnesota, Twin Cities | University of California, Los Angeles | University of Glasgow | Carnegie Library of Pittsburgh | University of North Carolina at Chapel Hill. University Libraries | Skokie Public Library | Anoka County Library | Los Alamos County Library System | Multnomah County Library | Fort Vancouver Regional Library District | San Francisco Public Library | Royal Danish Library - (DKB) | LIBRIS | Zentralbibliothek Zürich | Université Toulouse Jean Jaurès | Universitätsbibliothek Kiel, Zentralbibliothek | BNUS - Bibliotheque Nationale Universitaire de Strasbourg | Staatsbibliothek zu Berlin - Preußischer Kulturbesitz, Haus Potsdamer Straße	Ivan Filippov. <i>Mysh</i>. Tbilisi: Freedom Letters, 2024.	https://tamizdatproject.org/media/publication_images/mysh_7oVU6t5.jpeg	Russian	Ivan Filippov						Freedom Letters	
0b67a3aa-f604-4ded-8820-720d4107736a		https://tamizdatproject.org/publications/my-vse-popravili-1/	my-vse-popravili-1	Мы все поправили	Книга новых стихов	My vse popravili	Kniga novykh stikhov	2024	Tel Aviv	New York University | Princeton University Library | University of Pennsylvania Libraries | Universitätsbibliothek der LMU München | Bayerische Staatsbibliothek	Fedor Svarovsky. <i>My vse popravili</i>. Tel Aviv: Babel Books Tel Aviv, 2024.	https://tamizdatproject.org/media/publication_images/cover-svarovsky2_page-0001.jpg	Russian	Fedor Svarovsky						Babel Books Tel Aviv	
5e3bdf7e-267f-4c4e-93ef-83e885670f49	1	https://tamizdatproject.org/publications/nash-biznes-smert-1/	nash-biznes-smert-1	Наш бизнес -- смерть		Nash biznes – smert’		2024	Riga	New York University | New York Public Library | Brooklyn Public Library | Princeton University Library | Yale University Library | University of Pennsylvania Libraries | Harvard University | Library of Congress | University of Pittsburgh | University of Toronto Group | University of North Carolina at Chapel Hill. University Libraries | University of Michigan | Indiana University | University of Illinois at Urbana Champaign | University of Wisconsin - Madison General Library System | Hennepin County Library | Tulane University | Las Vegas-Clark County Library District | Seattle Public Library | Fort Vancouver Regional Library District | Reed College Library | Yolo County Library | UC Berkeley Libraries | Stanford University | San Mateo County Library | Bibliotheek Universiteit van Amsterdam | Universitätsbibliothek Bern | Universitätsbibliothek Erlangen-Nürnberg, Hauptbibliothek Erlangen | Bayerische Staatsbibliothek	Ilya Barabanov, Denis Korotkov. <i>Nash biznes – smert’</i>. Riga: Meduza, 2024.	https://tamizdatproject.org/media/publication_images/nash-biznes-smert-1_rZp6k77.png	Russian	Ilya Barabanov | Denis Korotkov						Meduza	
dd06347e-5c90-4145-8acf-87282086ce6a	1	https://tamizdatproject.org/publications/nashe-serdtse-betsia-za-vsekh/	nashe-serdtse-betsia-za-vsekh	Наше сердце бьется за всех		Nashe serdtse b'etsia za vsekh		2024	Riga	New York University | New York Public Library | STELLA-Sharing & Technology Enhancing Local Library Access | Princeton University Library | Yale University Library | University of Pennsylvania Libraries | Harvard University | Montgomery County Public Libraries, MD | Library of Congress | University of Toronto Group | University of Michigan | Michigan State University Libraries | Indiana University | Las Vegas-Clark County Library District | Reed College Library | San Mateo County Library | Bayerische Staatsbibliothek | LIBRIS	Konstantin Zarubin. <i>Nashe serdtse b'etsia za vsekh</i>. Riga: Meduza, 2024.	https://tamizdatproject.org/media/publication_images/Zarubin_Nashe_serdtse....png		Konstantin Zarubin						Meduza	
3570be2f-cb07-41b8-8e73-4b5b4e12b4df	1	https://tamizdatproject.org/publications/nasledie/	nasledie	Наследие		Nasledie		2024	Berlin [Place of publication listed on title page is fictitious. Actual place of publication is unknown]	New York University | Brooklyn Public Library | Princeton University Library | University of Pennsylvania Libraries | Carnegie Library of Pittsburgh | University of Toronto Group | Cleveland Public Library | Charlotte Mecklenburg Library | Skokie Public Library | Emory University | Anoka County Library | University of Alberta | King County Library System | University of British Columbia Library | Placer County Library | San Francisco Public Library | San Mateo County Library | Université Toulouse Jean Jaurès | BNUS - Bibliotheque Nationale Universitaire de Strasbourg | LIBRIS | New York Public Library | Columbia University in the City of New York | Library of Congress | University of Arizona Libraries	Vladimir Sorokin. <i>Nasledie</i>. Berlin: Freedom Letters, 2024.	https://tamizdatproject.org/media/publication_images/nasledie_fBWGob9.jpeg	Russian	Vladimir Sorokin						Freedom Letters	
bb32d06c-bc65-4cd0-a5e2-425477df17a8	1	https://tamizdatproject.org/publications/neliubov/	neliubov	Нелюбовь		Neliubov'		2024	Riga	New York University | Princeton University Library | University of Pennsylvania Libraries | Harvard University | University of Pittsburgh | University of Toronto Group | University of North Carolina at Chapel Hill. University Libraries | University of Michigan | Michigan State University Libraries | University of Illinois at Urbana Champaign | Fort Vancouver Regional Library District | Reed College Library | San Mateo County Library | University of Cambridge | LIBRIS | Freie Universität Berlin, Universitätsbibliothek, Zentralbibliothek | Bayerische Staatsbibliothek | Tamkang University Library (TKUL) | Université Bordeaux Montaigne | BNUS - Bibliotheque Nationale Universitaire de Strasbourg | Universitätsbibliothek Basel | Universitätsbibliothek Bern | Zentralbibliothek Zürich | Staatsbibliothek zu Berlin - Preußischer Kulturbesitz, Haus Potsdamer Straße	Aleksandr Rodniansky. <i>Neliubov'</i>. Edited by Ivan Filippov. Riga: Meduza, 2024.	https://tamizdatproject.org/media/publication_images/Rodniansky_nelyubov-o-putinskoj-rossii-v-devyati-filmah.jpg	Russian	Aleksandr Rodniansky		Ivan Filippov				Meduza	
93bed456-1181-4c74-a36f-94b694ede8a1	1	https://tamizdatproject.org/publications/ne-o-voine/	ne-o-voine	(Не) о войне		(Ne) o voine		2024	Riga	New York University | New York Public Library | Princeton University Library | Yale University Library | University of Pennsylvania Libraries | Harvard University | Library of Congress | University of Michigan | Indiana University | Morton Grove Public Library | Las Vegas-Clark County Library District | Reed College Library | Yolo County Library | San Mateo County Library | Universitätsbibliothek Bern | Freie Universität Berlin, Universitätsbibliothek, Zentralbibliothek | Humboldt-Universität zu Berlin, Universitätsbibliothek, Jacob-und-Wilhelm-Grimm-Zentrum | Bayerische Staatsbibliothek | BM Lyon	Zhenia Berezhnaia. <i>(Ne) o voine</i>. Riga: Meduza, 2024.	https://tamizdatproject.org/media/publication_images/ne-o-voine_LIWFsY0.jpg	Russian	Zhenia Berezhnaia						Meduza	
0bef4afc-017f-4231-8eed-105a14d70140	2	https://tamizdatproject.org/publications/neposlednie-slova-rechi-obviniaemykh-i-politzakliuchennykh/	neposlednie-slova-rechi-obviniaemykh-i-politzakliuchennykh	Непоследние слова: Речи обвиняемых и политзаключенных		Neposlednie slova: Rechi obviniaemykh i politzakliuchennykh		2024	New York [Place of publication listed on title page is fictitious. Actual place of publication is unknown]	New York University | New York Public Library | Brooklyn Public Library | Princeton University Library | University of Pennsylvania Libraries | Boston College | Library of Congress | Carnegie Library of Pittsburgh | Cleveland Public Library | University of North Carolina at Chapel Hill. University Libraries | King County Library System | Multnomah County Library | Fort Vancouver Regional Library District | Los Angeles Public Library | Yolo County Library | San Francisco Public Library | University of Glasgow | Universitäts- und Stadtbibliothek Köln, Hauptabteilung | BNUS - Bibliotheque Nationale Universitaire de Strasbourg	<i>Neposlednie slova: Rechi obviniaemykh i politzakliuchennykh</i>. Edited by Maria Miloserdova. New York: Freedom Letters, 2024.	https://tamizdatproject.org/media/publication_images/neposlednie-slova-rechi-obviniaemykh-i-politzakliu_iIY3ikI.jpeg	Russian			Maria Miloserdova				Freedom Letters	
73e07514-31c9-4837-81bc-114c7a938cd7		https://tamizdatproject.org/publications/neskolko-istorii/	neskolko-istorii	Несколько историй		Neskol'ko istorii		2024	Tel Aviv	New York University | Columbia University in the City of New York | Princeton University Library | University of Pennsylvania Libraries | Harvard University | Miami Dade Public Library System | Bayerische Staatsbibliothek	Mikhail Kaluzhsky. <i>Neskol'ko istorii</i>. Tel Aviv: Babel Books Tel Aviv, 2024.	https://tamizdatproject.org/media/publication_images/neskolko-istorii.png	Russian	Mikhail Kaluzhsky						Babel Books Tel Aviv	
3cf45d0a-4db4-4e1c-843a-52a6d705d08d	1	https://tamizdatproject.org/publications/ne-trogai-nas/	ne-trogai-nas	Не трогай нас		Ne trogai nas		2024	Stockholm	New York University | Princeton University Library | Yale University Library | University of Pennsylvania Libraries	Mikhail Aizenberg. <i>Ne trogai nas</i>. Stockholm: Hyperboreus and Babel Books Berlin, 2024.	https://tamizdatproject.org/media/publication_images/ne-trogai-nas_Pm4ZnVz.jpg	Russian	Mikhail Aizenberg						Hyperboreus | Babel Books Berlin	
1bff95fa-5462-4d44-9c6a-f479f5504918	1	https://tamizdatproject.org/publications/neudobnoe-mesto/	neudobnoe-mesto	Неудобное место		Neudobnoe mesto		2024	Riga	New York University | Princeton University Library | Yale University Library | University of Pennsylvania Libraries | Harvard University | Cleveland Public Library | University of North Carolina at Chapel Hill. University Libraries | Indiana University | University of Wisconsin - Madison General Library System | Reed College Library | UC Berkeley Libraries | Universitätsbibliothek Bern | LIBRIS | Universitätsbibliothek Erlangen-Nürnberg, Hauptbibliothek Erlangen	Jonathan Littell, Antoine d’Agata. <i>Neudobnoe mesto</i>. Translated by Mikhail Tsvilinev. Riga: Meduza, 2024.	https://tamizdatproject.org/media/publication_images/neudobnoe-mesto_TtqYC4I.jpg	Russian	Jonathan Littell | Antoine d’Agata				Mikhail Tsvilinev		Meduza	
9f251f46-7f97-48c7-9515-f63194678e52	1	https://tamizdatproject.org/publications/nevolnyi-chizhik-a-captive-finch/	nevolnyi-chizhik-a-captive-finch	Невольный чижик / A Captive Finch		Nevolnyi chizhik / A Captive Finch		2024	Tsarskoe Selo [Place of publication listed on title page is fictitious. Actual place of publication is unknown]	Columbia University in the City of New York | Yale University Library | Library of Congress | Vanderbilt University Library | University of California, Los Angeles | Universitätsbibliothek Würzburg | New York University | Princeton University Library | University of Pennsylvania Libraries | University of North Carolina at Chapel Hill. University Libraries | San Francisco Public Library	Aleksandr Pushkin. <i>Nevolnyi chizhik / A Captive Finch</i>. Translated by Leonid Bershidsky. Tsarskoe Selo: Freedom Letters, 2024.	https://tamizdatproject.org/media/publication_images/nevolnyi-chizhik-a-captive-finch_v0tKtoU.jpeg	Russian | English	Aleksandr Pushkin				Leonid Bershidsky		Freedom Letters	
c1c5dbb2-281f-40f9-b3bd-727a65d90808		https://tamizdatproject.org/publications/nichego-khoroshego/	nichego-khoroshego	Ничего хорошего		Nichego khoroshego		2024	Leipzig	New York University | New York Public Library | Princeton University Library | University of Pennsylvania Libraries | Minuteman Library Network | Harvard University | Library of Congress | Cleveland Public Library | University of Alberta | Multnomah County Library | Yolo County Library | San Jose Public Library | University of Cambridge | Deutsche Nationalbibliothek Frankfurt am Main | Deutsche Nationalbibliothek Leipzig | Staatsbibliothek zu Berlin - Preußischer Kulturbesitz, Haus Potsdamer Straße | Bayerische Staatsbibliothek | Sorbonne Université | LIBRIS	Oleg Kashin. <i>Nichego khoroshego</i>. Leipzig: ISIA Media Verlag, 2024.	https://tamizdatproject.org/media/publication_images/nichego-khoroshego.jpg	Russian	Oleg Kashin						ISIA Media Verlag	
39722e1a-2f4e-4633-ac89-c4379657ae72	1	https://tamizdatproject.org/publications/nichego-podobnogo/	nichego-podobnogo	Ничего подобного		Nichego podobnogo		2024	Tel Aviv	New York University | Columbia University in the City of New York | Princeton University Library | Yale University Library | University of Pennsylvania Libraries | Minuteman Library Network | Harvard University | University of Michigan | Freie Universität Berlin, Universitätsbibliothek, Zentralbibliothek | Bayerische Staatsbibliothek | University of Haifa | LIBRIS	Anna Narinskaia. <i>Nichego podobnogo</i>. Tel Aviv: Babel Books Tel Aviv, 2024.	https://tamizdatproject.org/media/publication_images/Narinskaia_Nichego_podobnogo.jpeg	Russian	Anna Narinskaia						Babel Books Tel Aviv	
d6a8fc51-fad6-4068-bf30-66c1d7a63c66	1	https://tamizdatproject.org/publications/nineviia/	nineviia	Ниневия		Nineviia		2024	London [Place of publication listed on title page is fictitious. Actual place of publication is unknown]	New York University | Columbia University in the City of New York | Princeton University Library | Yale University Library | University of Pennsylvania Libraries | Library of Congress | Cleveland Public Library | University of North Carolina at Chapel Hill. University Libraries | University of Illinois at Urbana Champaign | University of Wisconsin - Madison General Library System | University of Alberta | University of British Columbia Library | University of California, Los Angeles | San Francisco Public Library | BNUS - Bibliotheque Nationale Universitaire de Strasbourg	Maria Galina. <i>Nineviia</i>. London: Freedom Letters, 2024.	https://tamizdatproject.org/media/publication_images/nineviia_kvc21xx.jpeg	Russian	Maria Galina						Freedom Letters	
a29af8ce-619d-4441-b3b5-fe06b826f8f0		https://tamizdatproject.org/publications/nothing-unfrightening/	nothing-unfrightening	Нічога нястрашнага		Nothing unfrightening		2024	Berlin	Princeton University Library | Yale University Library | Harvard University | Library of Congress | Universitätsbibliothek Bern | LIBRIS	Siarhiej Pryłucki. <i>Nothing unfrightening</i>. Edited by Natalia Rusiecka. Berlin: hochroth Minsk, 2024.	https://tamizdatproject.org/media/publication_images/Siarhiej-Prylucki-3.jpeg	Belarusian	Siarhiej Pryłucki		Natalia Rusiecka				hochroth Minsk	
aa59a56c-cb1f-4caf-943c-c6a0f322b9d4	1	https://tamizdatproject.org/publications/novaia-realnost/	novaia-realnost	Новая реальность		Novaia realnost'		2024	New York [Place of publication listed on title page is fictitious. Actual place of publication is unknown]	New York University | New York Public Library | Columbia University in the City of New York | Princeton University Library | University of Pennsylvania Libraries | Library of Congress | Cleveland Public Library | University of North Carolina at Chapel Hill. University Libraries | University of Illinois at Urbana Champaign | Vanderbilt University Library | University of Alberta | University of California, Los Angeles | San Francisco Public Library | Bayerische Staatsbibliothek	Konstantin Kupriyanov. <i>Novaia realnost'</i>. New York: Freedom Letters, 2024.	https://tamizdatproject.org/media/publication_images/novaia-realnost_u8OaqPC.jpeg	Russian	Konstantin Kupriyanov						Freedom Letters	
ff42e172-ed31-4df3-8b0a-89faf8bce77d		https://tamizdatproject.org/publications/novyi-mirovoi-besporiadok-v-ozhidanii-kontsa-istorii/	novyi-mirovoi-besporiadok-v-ozhidanii-kontsa-istorii	Новый мировой (бес)порядок. В ожидании конца истории		Novyi mirovoi (bes)poriadok. V ozhidanii kontsa istorii		2024	Vilnius	New York University | New York Public Library | Yale University Library | Harvard University | University of Michigan	Andrei Kolesnikov. <i>Novyi mirovoi (bes)poriadok. V ozhidanii kontsa istorii</i>. Vilnius: Kust Press, 2024.	https://tamizdatproject.org/media/publication_images/novyi-mirovoi-besporiadok-v-ozhidanii-kontsa-istor.png	Russian	Andrei Kolesnikov						Kust Press	
c6fe5e1d-716e-4337-9c41-101d96a060d5		https://tamizdatproject.org/publications/nu-chto-s-togo-chto-ia-tam-byl-putevoditel-po-kptsr/	nu-chto-s-togo-chto-ia-tam-byl-putevoditel-po-kptsr	Ну что с того, что я там был:\\nпутеводитель по КПТСР		Nu chto s togo, chto ia tam byl: putevoditel' po KPTSR		2024	Neukirchen-Vluyn	Deutsche Nationalbibliothek Frankfurt am Main | Deutsche Nationalbibliothek Leipzig | Staatsbibliothek zu Berlin - Preußischer Kulturbesitz, Haus Potsdamer Straße	Anastasia Zhichkina. <i>Nu chto s togo, chto ia tam byl: putevoditel' po KPTSR</i>. Neukirchen-Vluyn: Fresh Verlag, 2024.	https://tamizdatproject.org/media/publication_images/nu-chto-s-togo-chto-ia-tam-byl-putevoditel-po-kpts.jpg	Russian	Anastasia Zhichkina						Fresh Verlag	
a502a73e-f73b-4fb9-9791-e4d5b3d6d24d	1	https://tamizdatproject.org/publications/obeshchanie/	obeshchanie	Обещание		Obeshchanie		2024	Paris	New York University | Princeton University Library | Yale University Library | University of Pennsylvania Libraries | Harvard University | Library of Congress	Dmitry Vedeniapin. <i>Obeshchanie</i>. Paris: Éditions Tourgueneff, 2024.	https://tamizdatproject.org/media/publication_images/obeshchanie_TgIHvNC.png	Russian	Dmitry Vedeniapin						Éditions Tourgueneff	
cdbfaefb-fc58-4170-a9ee-234ee5d78427		https://tamizdatproject.org/publications/orange/	orange	Аранжавы		Orange		2024	Berlin	Princeton University Library | Harvard University | Indiana University | Universitätsbibliothek Bern | Staatsbibliothek zu Berlin - Preußischer Kulturbesitz, Haus Potsdamer Straße	Viktar Žybul. <i>Orange</i>. Berlin: hochroth Minsk, 2024.	https://tamizdatproject.org/media/publication_images/Viktar-Zybul-1-3.jpg	Belarusian	Viktar Žybul						hochroth Minsk	
e01acc18-dd91-4629-841c-cba6789ab6b9	1	https://tamizdatproject.org/publications/orkovy-polia/	orkovy-polia	Орковы поля		Orkovy polia		2024	Tel Aviv	New York University | Princeton University Library | University of Pennsylvania Libraries | Harvard University | The British Library, St. Pancras | Bayerische Staatsbibliothek	Yuli Gugolev. <i>Orkovy polia</i>. Tel Aviv: Babel Books Tel Aviv, 2024.	https://tamizdatproject.org/media/publication_images/Gugolev_Orkovy_polia.jpeg	Russian	Yuli Gugolev						Babel Books Tel Aviv	
60778cf9-8289-432a-8af9-86e4eb9b0a3a	С расшифровкой	https://tamizdatproject.org/publications/osobye-porucheniia/	osobye-porucheniia	Особые поручения		Osobye porucheniia		2024	Riga	New York University | Princeton University Library | Skokie Public Library | Milwaukee Public Library | Redwood City Public Library | Bayerische Staatsbibliothek	Boris Akunin. <i>Osobye porucheniia</i>. Riga: BAbook, 2024.	https://tamizdatproject.org/media/publication_images/osobye-porucheniia_D7RniWl.jpg	Russian	Boris Akunin						BAbook	
6a08346d-ee57-43a1-baf6-7100280754e8		https://tamizdatproject.org/publications/ot-andegraunda-do-auktsionizma-russkii-kontekst/	ot-andegraunda-do-auktsionizma-russkii-kontekst	От андеграунда до аукционизма: русский контекст		Ot andegraunda do auktsionizma: russkii kontekst		2024	Sevojno	New York University | Princeton University Library | Yale University Library | University of Pennsylvania Libraries | Johns Hopkins University | Harvard University | Indiana University | University of Illinois at Urbana Champaign | UC Berkeley Libraries | Stanford University | Universitäts- und Stadtbibliothek Köln, Hauptabteilung | Bayerische Staatsbibliothek	<i>Ot andegraunda do auktsionizma: russkii kontekst</i>. Edited by Kornelija Ičin. Sevojno: Grafičar, 2024.	https://tamizdatproject.org/media/publication_images/ot_andegraunda.png	English | Russian			Kornelija Ičin				Grafičar	
8d3d5de7-2a64-4335-8b97-f7fef17aaa18	1	https://tamizdatproject.org/publications/ot-voiny-do-voiny/	ot-voiny-do-voiny	От войны до войны		Ot voiny do voiny		2024	London [Place of publication listed on title page is fictitious. Actual place of publication is unknown]	New York University | New York Public Library | Brooklyn Public Library | Columbia University in the City of New York | Princeton University Library | Yale University Library | Library of Congress | Carnegie Library of Pittsburgh | Cleveland Public Library | University of North Carolina at Chapel Hill. University Libraries | Emory University | University of Illinois at Urbana Champaign | Vanderbilt University Library | University of Alberta | University of Arizona Libraries | University of California, Los Angeles | San Francisco Public Library	Andrei Movchan. <i>Ot voiny do voiny</i>. London: Freedom Letters, 2024.	https://tamizdatproject.org/media/publication_images/ot-voiny-do-voiny_YhAl0PN.jpeg	Russian	Andrei Movchan						Freedom Letters	
26e75be0-ed26-4918-a671-6dc0d06d7589		https://tamizdatproject.org/publications/pa-sto-idzies-vouca/	pa-sto-idzies-vouca	Па што ідзеш, воўча?		Pa što idzieš, voŭča?		2024	Vilnius	BNUS - Bibliotheque Nationale Universitaire de Strasbourg | Freie Universität Berlin, Universitätsbibliothek, Zentralbibliothek | Staatsbibliothek zu Berlin - Preußischer Kulturbesitz, Haus Potsdamer Straße | Humboldt-Universität zu Berlin, Universitätsbibliothek, Jacob-und-Wilhelm-Grimm-Zentrum | Bayerische Staatsbibliothek | LIBRIS | Zentralbibliothek Zürich | Harvard University | Library of Congress | The British Library, St. Pancras	Jeva Viežnaviec. <i>Pa što idzieš, voŭča?</i> Vilnius: Pflaŭmbaŭm, 2024.	https://tamizdatproject.org/media/publication_images/pa_shto.png	Belarusian	Jeva Viežnaviec						Pflaŭmbaŭm	
dd64fc72-2bd4-46b2-97a1-144f5687d28b	1	https://tamizdatproject.org/publications/patriot/	patriot	Патриот		Patriot		2024	[Place Unidentified]	New York University | New York Public Library | Brooklyn Public Library | Columbia University in the City of New York | BCCLS | M.A.I.N. Network Service | The Ferguson Library | Princeton University Library | Yale University Library | University of Pennsylvania Libraries | Worcester Public Library | Minuteman Library Network | Harvard University | Boston Public Library | Library of Congress | Dartmouth Library | University of Pittsburgh | McGill Libraries | Toronto Public Library | University of Toronto Group | Cleveland Public Library | University of North Carolina at Chapel Hill. University Libraries | University of Michigan | Michigan State University Libraries | Indiana University | Indian Trails Public Library District | Naperville Public Library | University of Illinois at Urbana Champaign | University of Minnesota, Twin Cities | Hennepin County Library | Tulane University | NORTH CENTRAL WASHINGTON LIBRARIES | King County Library System | Sno-Isle Libraries | Mount Vernon City Library | Seattle Public Library | Whatcom County Library System | Multnomah County Library | Fort Vancouver Regional Library District | Los Angeles Public Library | University of Oregon Libraries | Yolo County Library | University of California, Santa Barbara | Alameda County Library | UC Berkeley Libraries | South San Francisco Public Library | University of St Andrews | University of Cambridge | Bibliotheek Rotterdam | European Parliament | Zentralbibliothek Zürich | Tamkang University Library (TKUL) | Sorbonne Université | Sciences Po Paris | BNUS - Bibliotheque Nationale Universitaire de Strasbourg | Humboldt-Universität zu Berlin, Universitätsbibliothek, Jacob-und-Wilhelm-Grimm-Zentrum | Bayerische Staatsbibliothek	Alexei Navalny. <i>Patriot</i>. [Place Unidentified]: One Book Publishing, 2024.	https://tamizdatproject.org/media/publication_images/patriot_oS1Ij3I.webp	Russian	Alexei Navalny						One Book Publishing	
53340cee-0afc-44f8-9e4d-33cab91be743		https://tamizdatproject.org/publications/philosophia/	philosophia	PhiloSophia	Istanbul 1921	PhiloSophia	Istanbul 1921	2024	Helsinki	Bibliothèque Kandinsky-Centre Pompidou - Centre de documentation et de recherche du Musée national d'art moderne - Centre de création industrielle	Ilya Zdanevich. <i>PhiloSophia</i>. Edited by Sezgin Boynik. Translated by Thomas Kitson. Helsinki: Rab-Rab Press, 2024.	https://tamizdatproject.org/media/publication_images/philosophia.png	English	Ilya Zdanevich		Sezgin Boynik		Thomas Kitson		Rab-Rab Press	
5417e84e-d1bc-46c3-b143-f6e1647ea085	1	https://tamizdatproject.org/publications/piat-esse-o-voine-i-bolezni/	piat-esse-o-voine-i-bolezni	Пять эссе о войне и болезни		Piat' esse o voine i bolezni		2024	Tel Aviv	New York University | Princeton University Library | Yale University Library | University of Pennsylvania Libraries | Cornell University Library | Harvard University | Library of Congress | LA COUNTY LIBRARY | San Mateo County Library | Universitäts- und Stadtbibliothek Köln, Hauptabteilung | Freie Universität Berlin, Universitätsbibliothek, Zentralbibliothek | Bayerische Staatsbibliothek	Kirill Kobrin. <i>Piat' esse o voine i bolezni</i>. Tel Aviv: Babel Books Tel Aviv, 2024.	https://tamizdatproject.org/media/publication_images/Kobrin_Piat_esse.jpeg	Russian	Kirill Kobrin						Babel Books Tel Aviv	
5f9ca22f-1c59-4d0c-bc1e-d318442da48f	1	https://tamizdatproject.org/publications/piat-pies-o-voine/	piat-pies-o-voine	Пять пьес о войне		Piat’ pies o voine		2024	Liubimovka [Place of publication listed on title page is fictitious. Actual place of publication is unknown]	New York University | Columbia University in the City of New York | Princeton University Library | Yale University Library | University of Pennsylvania Libraries | Library of Congress | University of Toronto Group | Cleveland Public Library | University of North Carolina at Chapel Hill. University Libraries | University of Illinois at Urbana Champaign | Vanderbilt University Library | University of Arizona Libraries | University of British Columbia Library | Multnomah County Library | University of California, Los Angeles | San Francisco Public Library | Bayerische Staatsbibliothek	<i>Piat’ pies o voine</i>. Edited by Sergei Davydov. Liubimovka: Freedom Letters, 2024.	https://tamizdatproject.org/media/publication_images/piat-pies-o-voine_8F4xbl7.jpeg	Russian			Sergei Davydov				Freedom Letters	
173b4374-fc4e-4c9e-8438-9c4338fb5091		https://tamizdatproject.org/publications/pieramiena-miescau/	pieramiena-miescau	Перамена месцаў		Pieramiena miescaŭ		2024	Vilnius	Harvard University | Library of Congress | UC Berkeley Libraries | Freie Universität Berlin, Universitätsbibliothek, Zentralbibliothek | Zentralbibliothek Zürich | Universität Potsdam, Universitätsbibliothek	Juhasia Kaliada. <i>Pieramiena miescaŭ</i>. Vilnius: Pflaŭmbaŭm, 2024.	https://tamizdatproject.org/media/publication_images/peremena.png	Belarusian	Juhasia Kaliada						Pflaŭmbaŭm	
04efc9fa-d5d5-49ca-b9bc-f830ef3b452c		https://tamizdatproject.org/publications/piesni-dlia-miortvych-i-uvaskreslych/	piesni-dlia-miortvych-i-uvaskreslych	Песні для мёртвых і ўваскрэслых		Piesni dlia miortvych i ŭvaskreslych		2024	Vilnius	Harvard University | Library of Congress | University of Michigan | Indiana University | LIBRIS	Valzhyna Mort. <i>Piesni dlia miortvych i ŭvaskreslych</i>. Vilnius: Pflaŭmbaŭm, 2024.	https://tamizdatproject.org/media/publication_images/piesni-dlia-miortvych-i-uvaskreslych.png	Belarusian	Valzhyna Mort						Pflaŭmbaŭm	
e4191579-fc2f-4529-a631-69f2f1ea786b	1	https://tamizdatproject.org/publications/pitomtsy/	pitomtsy	Питомцы		Pitomtsy		2024	Berlin	New York University | New York Public Library | Brooklyn Public Library | Princeton University Library | Yale University Library | University of Pennsylvania Libraries | Minuteman Library Network | Cornell University Library | Harvard University | Library of Congress | Cleveland Public Library | University of Michigan | Indiana University | Skokie Public Library | Carleton College Library | King County Library System | Reed College Library | San Mateo County Library | University of Cambridge | Bibliotheek Universiteit van Amsterdam | Université Bordeaux Montaigne | Sorbonne Université | Staats- und Universitätsbibliothek Bremen | BNUS - Bibliotheque Nationale Universitaire de Strasbourg | Staatsbibliothek zu Berlin - Preußischer Kulturbesitz, Haus Potsdamer Straße | Royal Danish Library - (DKB) | LIBRIS | Università di Padova - Biblioteca Beato Pellegrino di Studi Letterari, Linguistici, Pedagogici e dello Spettacolo	Evgenia Berkovich. <i>Pitomtsy</i>. Berlin: Babel Books Berlin, 2024.	https://tamizdatproject.org/media/publication_images/pitomtsy_mr5jFVJ.jpg	Russian	Evgenia Berkovich						Babel Books Berlin	
d8bc8c34-ef69-4fb4-98d7-0116781b0b61	1	https://tamizdatproject.org/publications/pkhentz-1/	pkhentz-1	Пхенц		Pkhentz		2024	New York	New York University | New York Public Library | Princeton University Library | Yale University Library | University of Massachusetts Amherst | Pennsylvania State University Libraries | University of Michigan | University of Chicago Library | University of Oregon Libraries | University of Cambridge | Zentralbibliothek Zürich | Universität Konstanz, Kommunikations-, Informations-, Medienzentrum (KIM)	Andrei Sinyavsky. <i>Pkhentz</i>. Translated by Ainsley Morse, Kevin Reese. New York: Tamizdat Project, 2024.	https://tamizdatproject.org/media/publication_images/pkhentz-1_c8v15lS.jpg	English | Russian	Andrei Sinyavsky				Ainsley Morse | Kevin Reese		Tamizdat Project	
325191c7-da52-4fbb-ab6c-8cbca1e98a82	1	https://tamizdatproject.org/publications/plokhie-russkie/	plokhie-russkie	Плохие русские		Plokhie russkie		2024	Riga	New York University | New York Public Library | Brooklyn Public Library | Columbia University in the City of New York | Princeton University Library | Yale University Library | University of Pennsylvania Libraries | Wesleyan University | Minuteman Library Network | Boston College | Harvard University | Library of Congress | University of Pittsburgh | McGill Libraries | University of Toronto Group | University of North Carolina at Chapel Hill. University Libraries | University of Michigan | Michigan State University Libraries | Indiana University | University of Illinois at Urbana Champaign | University of Wisconsin - Madison General Library System | King County Library System | Reed College Library | UC Berkeley Libraries | San Mateo County Library | University of Cambridge | Staats- und Universitätsbibliothek Hamburg Carl von Ossietzky | Royal Danish Library - (DKB) | Universitätsbibliothek Bern | Zentralbibliothek Zürich | Universitätsbibliothek Erlangen-Nürnberg, Hauptbibliothek Erlangen | Freie Universität Berlin, Universitätsbibliothek, Zentralbibliothek | Humboldt-Universität zu Berlin, Universitätsbibliothek, Jacob-und-Wilhelm-Grimm-Zentrum | Bayerische Staatsbibliothek | Waseda University Library | Tamkang University Library (TKUL) | LIBRIS | Sciences Po Paris | BNUS - Bibliotheque Nationale Universitaire de Strasbourg	Anton Dolin. <i>Plokhie russkie</i>. Riga: Meduza, 2024.	https://tamizdatproject.org/media/publication_images/Dolin_Plokhie_russkie.webp	Russian	Anton Dolin						Meduza	
cfd7be9d-4108-4bf4-a435-09f0fc9bbbee	1	https://tamizdatproject.org/publications/pobeda-budet-za-nami/	pobeda-budet-za-nami	Победа будет за нами		Pobeda budet za nami		2024	Petrograd [Place of publication listed on title page is fictitious. Actual place of publication is unknown]	New York University | New York Public Library | Columbia University in the City of New York | Princeton University Library | University of Pennsylvania Libraries | Library of Congress | University of North Carolina at Chapel Hill. University Libraries | Emory University | University of Illinois at Urbana Champaign | Vanderbilt University Library | University of California, Los Angeles | San Francisco Public Library	M. Petrovich. <i>Pobeda budet za nami</i>. Petrograd: Freedom Letters, 2024.	https://tamizdatproject.org/media/publication_images/pobeda-budet-za-nami_4cZ0SBd.jpeg	Russian	M. Petrovich						Freedom Letters	
ddea4764-c711-491e-891b-92964e3e6b50	1	https://tamizdatproject.org/publications/podvig-perevodchika-vospominaniia/	podvig-perevodchika-vospominaniia	Подвиг переводчика. Воспоминания		Podvig perevodchika. Vospominaniia		2024	Leipzig	Deutsche Nationalbibliothek Frankfurt am Main | Deutsche Nationalbibliothek Leipzig | Staatsbibliothek zu Berlin - Preußischer Kulturbesitz, Haus Potsdamer Straße | Sächsische Landesbibliothek - Staats- und Universitätsbibliothek Dresden | New York University | New York Public Library | Princeton University Library | University of Pennsylvania Libraries | Minuteman Library Network | Chicago Public Library | Milwaukee Public Library | Broward County Libraries | Austin Public Library | Multnomah County Library | Los Angeles Public Library | San Jose Public Library | Auckland Libraries	Nikita Krivoshein. <i>Podvig perevodchika. Vospominaniia</i>. Leipzig: ISIA Media Verlag, 2024.	https://tamizdatproject.org/media/publication_images/podvig-perevodchika-vospominaniia_H8B77hh.jpg	Russian	Nikita Krivoshein						ISIA Media Verlag	
c99c7406-40c8-4a9c-a102-5b2861a6c493		https://tamizdatproject.org/publications/pod-zapretom-zin-s-istoriiami-o-diskriminatsii-transgendernykh-liudei-v-rossii-v-2024-godu/	pod-zapretom-zin-s-istoriiami-o-diskriminatsii-transgendernykh-liudei-v-rossii-v-2024-godu	Под запретом. Зин с историями о дискриминации трансгендерных людей в России в 2024 году		Pod zapretom. Zin s istoriiami o diskriminatsii transgendernykh liudei v Rossii v 2024 godu		2024	[Place Unidentified]		<i>Pod zapretom. Zin s istoriiami o diskriminatsii transgendernykh liudei v Rossii v 2024 godu</i>. [Place Unidentified]: Tsentr T, 2024.	https://tamizdatproject.org/media/publication_images/pod-zapretom-zin-s-istoriiami-o-diskriminatsii-tra.png	Russian							Tsentr T	
8e2916c4-1834-472b-a8e1-6c8161768011		https://tamizdatproject.org/publications/stikhotvoreniia-1-2-3-4-5/	stikhotvoreniia-1-2-3-4-5	Поэтические тексты		Poeticheskie teksty		2024	Tel Aviv	New York University | Princeton University Library | University of Pennsylvania Libraries | Universitäts- und Stadtbibliothek Köln, Hauptabteilung | Bayerische Staatsbibliothek	Yakov Druskin, Leonid Lipavsky. <i>Poeticheskie teksty</i>. Tel Aviv: Babel Books Tel Aviv, 2024.	https://tamizdatproject.org/media/publication_images/Screen_Shot_2025-11-10_at_11.16.14_PM.png	Russian	Yakov Druskin | Leonid Lipavsky						Babel Books Tel Aviv	
a29ef51b-b521-4b5a-a5b2-afb08fbfa625	1	https://tamizdatproject.org/publications/pokaiannye-dni/	pokaiannye-dni	Покаянные дни		Pokaiannye dni		2024	Riga	New York University | New York Public Library | Princeton University Library | University of Pennsylvania Libraries | Minuteman Library Network | Harvard University | Library of Congress | Cleveland Public Library | Niles Maine District Library | King County Library System | Multnomah County Library | Fort Vancouver Regional Library District | Yolo County Library | San Mateo County Library | Bibliotheek Universiteit van Amsterdam | Zentralbibliothek Zürich | Bayerische Staatsbibliothek | BNUS - Bibliotheque Nationale Universitaire de Strasbourg | LIBRIS	Oleg Radzinsky. <i>Pokaiannye dni</i>. Riga: BAbook, 2024.	https://tamizdatproject.org/media/publication_images/pokaiannye-dni_yohe26d.png	Russian	Oleg Radzinsky						BAbook	
6efd5f5b-ed3f-48d6-aa41-6a94d61b5c4b		https://tamizdatproject.org/publications/pokazaniia-barometra/	pokazaniia-barometra	Показания барометра		Pokazaniia barometra		2024	Berlin	Harvard University | Princeton University Library	Vladimir Glazov. <i>Pokazaniia barometra</i>. Berlin: hochroth Minsk, 2024.	https://tamizdatproject.org/media/publication_images/Снимок-экрана-2024-12-09-в-19.33.41.png	Russian	Vladimir Glazov						hochroth Minsk	
2cb35afa-278e-4bc9-a010-a06cddf1b8eb		https://tamizdatproject.org/publications/poslednikh-russkikh-videli-v-belgrade/	poslednikh-russkikh-videli-v-belgrade	Последних русских видели в Белграде		Poslednikh russkikh videli v Belgrade		2024	Vilnius	New York University | New York Public Library | Brooklyn Public Library | Princeton University Library | University of Pennsylvania Libraries | Library of Congress | University of Pittsburgh | University of Toronto Group | University of North Carolina at Chapel Hill. University Libraries | University of Michigan | Indiana University | University of Illinois at Urbana Champaign | University of California, Los Angeles | University of Cambridge | Zentralbibliothek Zürich	Elena Selinskaia. <i>Poslednikh russkikh videli v Belgrade</i>. Vilnius: Kust Press, 2024.	https://tamizdatproject.org/media/publication_images/poslednikh-russkikh-videli-v-belgrade.png	Russian	Elena Selinskaia						Kust Press	
539a8948-9aa5-415f-8347-be3d04a884cf		https://tamizdatproject.org/publications/posle-iskhoda-rossiia-bez-evropy/	posle-iskhoda-rossiia-bez-evropy	После исхода. Россия без Европы		Posle iskhoda. Rossiia bez Evropy		2024	Vilnius	New York University | New York Public Library | Princeton University Library | Yale University Library | University of Pennsylvania Libraries | Harvard University | University of Michigan | University of Alberta | University of California, Los Angeles | University of Cambridge	Efim Sorkin. <i>Posle iskhoda. Rossiia bez Evropy</i>. Vilnius: Kust Press, 2024.	https://tamizdatproject.org/media/publication_images/posle-iskhoda-rossiia-bez-evropy.jpg	Russian	Efim Sorkin						Kust Press	
c392ee5e-ce75-4d80-af45-b4a384b2e74f	1	https://tamizdatproject.org/publications/post-printum/	post-printum	Post Printum		Post Printum		2024	London [Place of publication listed on title page is fictitious. Actual place of publication is unknown]	New York University | New York Public Library | Columbia University in the City of New York | Princeton University Library | University of Pennsylvania Libraries | Library of Congress | University of Toronto Group | Cleveland Public Library | University of North Carolina at Chapel Hill. University Libraries | University of Illinois at Urbana Champaign | University of Arizona Libraries | University of British Columbia Library | University of California, Los Angeles | San Francisco Public Library | Staatsbibliothek zu Berlin - Preußischer Kulturbesitz, Haus Potsdamer Straße | Bayerische Staatsbibliothek	Boris Khersonsky. <i>Post Printum</i>. London: Freedom Letters, 2024.	https://tamizdatproject.org/media/publication_images/post-printum_pGxsEip.jpeg	Russian	Boris Khersonsky						Freedom Letters	
01830abf-bd48-4c92-96e4-d8c1bb587af7		https://tamizdatproject.org/publications/postsovetskii-chelovek-i-ego-vremia/	postsovetskii-chelovek-i-ego-vremia	Постсоветский человек и его время		Postsovetskii chelovek i ego vremia		2024	Riga	None	Mikhail Minakov. <i>Postsovetskii chelovek i ego vremia</i>. Riga: Svobodnyi Universitet, 2024.	https://tamizdatproject.org/media/publication_images/postsovetskii-chelovek-i-ego-vremia.png	Russian	Mikhail Minakov						Svobodnyi Universitet	
9a67f64b-d3bf-4fad-81f8-ef7601688726		https://tamizdatproject.org/publications/prevratnosti-metodov/	prevratnosti-metodov	Превратности методов	Книга эссе о людях слова	Prevratnosti metodov	Kniga esse o liudiakh slova	2024	Frankfurt am Main	New York University | Queens Public Library | Princeton University Library | Ramapo Catskill Library System | Free Library of Philadelphia | University of Pennsylvania Libraries | Baltimore County Public Library | Minuteman Library Network | Harvard University | Broward County Libraries | Sunnyvale Public Library | Deutsche Nationalbibliothek Frankfurt am Main | Deutsche Nationalbibliothek Leipzig	Kirill Kobrin. <i>Prevratnosti metodov</i>. Frankfurt am Main: Esterum Publishing, 2024.	https://tamizdatproject.org/media/publication_images/prevratnosti-metodov_PkvRSPq.jpg	Russian	Kirill Kobrin						Esterum Publishing	
fa67cada-045f-46dc-812a-250484e70715		https://tamizdatproject.org/publications/progulki-s-brodskim-i-tak-dalee/	progulki-s-brodskim-i-tak-dalee	Прогулки с Бродским и так далее	Иосиф Бродский в фильме Алексея Шишова и Елены Якович	Progulki s Brodskim i tak dalee	Iosif Brodskii v fil'me Alekseia Shishova i Eleny Yakovich	2024	Tel Aviv	New York Public Library | Brooklyn Public Library | Yale University Library | Universitäts- und Stadtbibliothek Köln, Hauptabteilung	Elena Yakovich. <i>Progulki s Brodskim i tak dalee</i>. Tel Aviv: Babel Books Tel Aviv, 2024.	https://tamizdatproject.org/media/publication_images/Yakovich_Progulki_s_Brodskim.jpg	Russian	Elena Yakovich						Babel Books Tel Aviv	
80abe8ae-f74f-4262-b380-63e8c09beb68		https://tamizdatproject.org/publications/pro-ne-vse/	pro-ne-vse	Про не всё		Pro ne vse		2024	Neukirchen-Vluyn	New York University | Columbia University in the City of New York | Princeton University Library | University of Pennsylvania Libraries | University of California, Los Angeles | Deutsche Nationalbibliothek Frankfurt am Main	Artur Givargizov. <i>Pro ne vse</i>. Neukirchen-Vluyn: Fresh Verlag, 2024.	https://tamizdatproject.org/media/publication_images/pro-ne-vse.jpg	Russian	Artur Givargizov						Fresh Verlag	
657ac7fe-9f61-4354-b05a-5909fde20b34	1	https://tamizdatproject.org/publications/pro-padenie-propadom/	pro-padenie-propadom	Про падение пропадом		Pro padenie propadom		2016	Leipzig	New York University | Queens Public Library | BCCLS | Princeton University Library | Bucks County Free Library | Harvard University | University of North Carolina at Chapel Hill. University Libraries | Boca Raton Public Library | Miami Dade Public Library System | Sno-Isle Libraries | Multnomah County Library | Glendale Library, Arts & Culture | UC Berkeley Libraries | Redwood City Public Library | University of Cambridge | Universitäts- und Stadtbibliothek Köln, Hauptabteilung | Zentralbibliothek Zürich | Bayerische Staatsbibliothek | Deutsche Nationalbibliothek Frankfurt am Main | Deutsche Nationalbibliothek Leipzig	Dmitry Bakin. <i>Pro padenie propadom</i>. Leipzig: ISIA Media Verlag, 2016.	https://tamizdatproject.org/media/publication_images/pro-padenie-propadom_tGIVRyi.jpg	Russian	Dmitry Bakin						ISIA Media Verlag	
d9b3ff71-3092-4acd-aff1-5eb8ad0acb78		https://tamizdatproject.org/publications/prostaia-proza/	prostaia-proza	Простая проза		Prostaia proza		2024	Neukirchen-Vluyn	Deutsche Nationalbibliothek Frankfurt am Main | Deutsche Nationalbibliothek Leipzig | New York University | Columbia University in the City of New York | Princeton University Library | Yale University Library | University of Pennsylvania Libraries | Library of Congress | Vanderbilt University Library | University of California, Los Angeles	Vera Reznik. <i>Prostaia proza</i>. Neukirchen-Vluyn: Fresh Verlag, 2024.	https://tamizdatproject.org/media/publication_images/prostaia-proza.jpg	Russian	Vera Reznik						Fresh Verlag	
5ac8aa45-5286-43ae-8345-fffa8862d10c		https://tamizdatproject.org/publications/rajcentr/	rajcentr	Райцэнтр		Rajcentr		2024	Vilnius	None	Tania Skarynkina. <i>Rajcentr</i>. Vilnius: Pflaŭmbaŭm, 2024.	https://tamizdatproject.org/media/publication_images/rajcentr.jpg	Belarusian	Tania Skarynkina						Pflaŭmbaŭm	
7c92eaf3-7d95-4ada-8644-81c12d51c4a4		https://tamizdatproject.org/publications/razgovory-z-bezdnoi/	razgovory-z-bezdnoi	Разговоры с бездной		Razgovory z bezdnoi		2024	Frankfurt am Main	New York University | New York Public Library | Queens Public Library | Princeton University Library | University of Pennsylvania Libraries | Baltimore County Public Library | Minuteman Library Network | Harvard University | Milwaukee Public Library | UC Berkeley Libraries | Sunnyvale Public Library | Palo Alto City Library | Deutsche Nationalbibliothek Frankfurt am Main | Deutsche Nationalbibliothek Leipzig | Humboldt-Universität zu Berlin, Universitätsbibliothek, Jacob-und-Wilhelm-Grimm-Zentrum	Viktor Beilis. <i>Razgovory z bezdnoi</i>. Frankfurt am Main: Esterum Publishing, 2024.	https://tamizdatproject.org/media/publication_images/razgovory-z-bezdnoi_9uhapzf.jpg	Russian	Viktor Beilis						Esterum Publishing	
fbcbc393-f56a-4ea7-aa36-50fbb812ecab	1	https://tamizdatproject.org/publications/razrushenie-i-voskreshenie-imperii-leninsko-stalinskii-period-19171953-10-tom-istorii-rossiiskogo-gosudarstva/	razrushenie-i-voskreshenie-imperii-leninsko-stalinskii-period-19171953-10-tom-istorii-rossiiskogo-gosudarstva	Разрушение и воскрешение империи. Ленинско-сталинский период 1917-1953 (10 том Истории Российского государства)		Razrushenie i voskreshenie imperii. Leninsko-stalinskii period 1917–1953 (10 tom Istorii Rossiiskogo gosudarstva)		2024	Riga	New York University | New York Public Library | Brooklyn Public Library | Queens Public Library | BCCLS | Princeton University Library | Free Library of Philadelphia | University of Pennsylvania Libraries | C/W MARS | Minuteman Library Network | Harvard University | Merrimack Valley Library Consortium | Library of Congress | Cleveland Public Library | Skokie Public Library | Arlington Heights Memorial Library | Milwaukee Public Library | University of Minnesota, Twin Cities | Miami Dade Public Library System | King County Library System | University of British Columbia Library | Multnomah County Library | Washington County Cooperative Library Services | Yolo County Library | University of California, Santa Barbara | Sunnyvale Public Library | Palo Alto City Library | Redwood City Public Library | San Francisco Public Library | Bayerische Staatsbibliothek | Sophia University Library | Keio University Libraries | Bibliothèque nationale de France	Boris Akunin. <i>Razrushenie i voskreshenie imperii. Leninsko-stalinskii period 1917–1953 (10 tom Istorii Rossiiskogo gosudarstva)</i>. Riga: BAbook, 2024.	https://tamizdatproject.org/media/publication_images/razrushenie-i-voskreshenie-imperii-leninsko-stalin_rbRrFCX.jpg	Russian	Boris Akunin						BAbook	
61cac658-d643-4e20-a5ac-8ed41fd4631f	1	https://tamizdatproject.org/publications/razryv/	razryv	Разрыв		Razryv		2024	Riga	New York University | STELLA-Sharing & Technology Enhancing Local Library Access | Princeton University Library | Yale University Library | University of Pennsylvania Libraries | Harvard University | Library of Congress | University of Michigan | Indiana University | Las Vegas-Clark County Library District | Reed College Library | San Mateo County Library | Bayerische Staatsbibliothek | BNUS - Bibliotheque Nationale Universitaire de Strasbourg | LIBRIS	Daniil Turovsky. <i>Razryv</i>. Riga: Meduza, 2024.	https://tamizdatproject.org/media/publication_images/Turovsky_Razryv.png		Daniil Turovsky						Meduza	
a699af1f-7756-470c-b1af-fe2c15811f74	1	https://tamizdatproject.org/publications/rekvizitor/	rekvizitor	Реквизитор		Rekvizitor		2024	New York [Place of publication listed on title page is fictitious. Actual place of publication is unknown]	New York University | New York Public Library | Columbia University in the City of New York | Princeton University Library | Yale University Library | University of Pennsylvania Libraries | Library of Congress | University of Toronto Group | Cleveland Public Library | University of North Carolina at Chapel Hill. University Libraries | University of Illinois at Urbana Champaign | Vanderbilt University Library | University of Arizona Libraries | University of British Columbia Library | Los Angeles Public Library | University of California, Los Angeles | San Francisco Public Library | University of Glasgow	Yuri Smirnov. <i>Rekvizitor</i>. New York: Freedom Letters, 2024.	https://tamizdatproject.org/media/publication_images/rekvizitor_Cm0mLYV.jpeg	Russian	Yuri Smirnov						Freedom Letters	
d95d008f-b958-4351-bee1-5648090779e7		https://tamizdatproject.org/publications/roditelskii-den/	roditelskii-den	Родительский день		Roditel'skii den’		2024	Vilnius	New York University | New York Public Library | Brooklyn Public Library | Queens Public Library | BCCLS | Princeton University Library | Bucks County Free Library | Yale University Library | University of Pennsylvania Libraries | Minuteman Library Network | Harvard University | Chicago Public Library | Niles Maine District Library | Ela Area Public Library District | Dakota County Library | Hennepin County Library | Broward County Libraries | Multnomah County Library | Washington County Cooperative Library Services | University of California, Los Angeles | Sunnyvale Public Library | University of Cambridge	Dmitry Petrov. <i>Roditel'skii den’</i>. Vilnius: Kust Press, 2024.	https://tamizdatproject.org/media/publication_images/roditelskii-den.jpg	Russian	Dmitry Petrov						Kust Press	
73c1263e-9bb9-4ee2-b620-5a935acceb7d	1	https://tamizdatproject.org/publications/rossiia-protiv-sovremennosti/	rossiia-protiv-sovremennosti	Россия Против Современности		Rossiia Protiv Sovremennosti		2024	Riga	New York University | Princeton University Library | Harvard University | Library of Congress | Cleveland Public Library | Las Vegas-Clark County Library District | Fort Vancouver Regional Library District | San Mateo County Library | Freie Universität Berlin, Universitätsbibliothek, Zentralbibliothek | Bayerische Staatsbibliothek	Aleksandr Etkind. <i>Rossiia Protiv Sovremennosti</i>. Translated by Aleksandra Litvinova. Riga: Überbau, 2024.	https://tamizdatproject.org/media/publication_images/600x600-15.jpeg	Russian	Aleksandr Etkind				Aleksandra Litvinova		Überbau	
d1efee5e-70ea-4216-8898-bd89fdf7d7c3		https://tamizdatproject.org/publications/rossiiskoe-obshchestvennoe-mnenie-v-usloviiakh-voennogo-konflikta-20222023/	rossiiskoe-obshchestvennoe-mnenie-v-usloviiakh-voennogo-konflikta-20222023	Российское общественное мнение в условиях военного конфликта, 2022–2023		Rossiiskoe obshchestvennoe mnenie v usloviiakh voennogo konflikta, 2022–2023		2024	Chișinău	New York University | Princeton University Library | Yale University Library | University of Pennsylvania Libraries | Harvard University | University of North Carolina at Chapel Hill. University Libraries | University of Michigan | University of Wisconsin - Madison General Library System | University of Alberta	Vladimir Zvonovsky, Aleksandr Khodykin. <i>Rossiiskoe obshchestvennoe mnenie v usloviiakh voennogo konflikta, 2022–2023</i>. Chișinău: The Historical Expertise, 2024.	https://tamizdatproject.org/media/publication_images/rossiiskoe-obshchestvennoe-mnenie-v-usloviiakh-voe.jpg	Russian	Vladimir Zvonovsky | Aleksandr Khodykin						The Historical Expertise	
09636b02-974b-42c9-9f8a-305618d6c77e	1	https://tamizdatproject.org/publications/russkaia-narezka/	russkaia-narezka	Русская нарезка		Russkaia narezka		2024	Leipzig	New York University | New York Public Library | Brooklyn Public Library | STELLA-Sharing & Technology Enhancing Local Library Access | Monmouth County Library | Princeton University Library | Yale University Library | Free Library of Philadelphia | University of Pennsylvania Libraries | Baltimore County Public Library | Minuteman Library Network | Chicago Public Library | Milwaukee Public Library | Ela Area Public Library District | Dakota County Library | Broward County Libraries | UC Berkeley Libraries | Université Toulouse Jean Jaurès | Deutsche Nationalbibliothek Frankfurt am Main | LIBRIS | Deutsche Nationalbibliothek Leipzig	Pavel Kushnir. <i>Russkaia narezka</i>. Leipzig: ISIA Media Verlag, 2024.	https://tamizdatproject.org/media/publication_images/russkaia-narezka_eI7VEta.jpg	Russian	Pavel Kushnir						ISIA Media Verlag	
b1134b67-2a98-4bc0-bfcc-b32f412a5375		https://tamizdatproject.org/publications/sabaki-europy/	sabaki-europy	Сабакі Эўропы		Sabaki Éŭropy		2024	Ząbki	National Library of Poland, Biblioteka Narodowa | Universitätsbibliothek Regensburg | Universitätsbibliothek Freiburg	Alhierd Bacharevič. <i>Sabaki Éŭropy</i>. Ząbki: Yanushkevich Publishing, 2024.	https://tamizdatproject.org/media/publication_images/Screenshot_2025-11-16_at_14.27.59.png	Belarusian	Alhierd Bacharevič						Yanushkevich Publishing	
9782eeb9-dd43-422b-af7f-38c36e42c5cf	1	https://tamizdatproject.org/publications/samoe-bolshoe-chertovo-koleso/	samoe-bolshoe-chertovo-koleso	Самое большое чертово колесо		Samoe bolshoe chertovo koleso		2024	Bratislava	New York University | New York Public Library | Columbia University in the City of New York | Princeton University Library | Yale University Library | University of Pennsylvania Libraries | Library of Congress | University of Michigan | Michigan State University Libraries | Vanderbilt University Library | University of Alberta | University of Arizona Libraries | Fort Vancouver Regional Library District | University of California, Los Angeles | San Mateo County Library | Bayerische Staatsbibliothek | Université Bordeaux Montaigne	Vasily Zorky. <i>Samoe bolshoe chertovo koleso</i>. Bratislava: Vidim Books, 2024.	https://tamizdatproject.org/media/publication_images/1400x1400-2.jpeg	Russian	Vasily Zorky						Vidim Books	
2ca6e17c-8858-478e-8085-efb5d1653a95	1	https://tamizdatproject.org/publications/schaste-nabokov-v-berline-letom-1926-goda/	schaste-nabokov-v-berline-letom-1926-goda	Счастье. Набоков в Берлине летом 1926 года		Schast’e. Nabokov v Berline letom 1926 goda		2024	Tel Aviv	New York University | Columbia University in the City of New York | Princeton University Library | Yale University Library | University of Pennsylvania Libraries | Minuteman Library Network | Library of Congress | Multnomah County Library | Universitäts- und Stadtbibliothek Köln, Hauptabteilung | Universitätsbibliothek Basel | Bayerische Staatsbibliothek	Vyacheslav Kuritsyn. <i>Schast’e. Nabokov v Berline letom 1926 goda</i>. Tel Aviv: Babel Books Tel Aviv, 2024.	https://tamizdatproject.org/media/publication_images/schaste-nabokov-v-berline-letom-1926-goda_XfyMIEW.jpg	Russian	Vyacheslav Kuritsyn						Babel Books Tel Aviv	
8ae5b380-ab4f-46f2-9819-721b8f12bc00	1	https://tamizdatproject.org/publications/shats/	shats	Шатц		Shats		2024	Berlin [Place of publication listed on title page is fictitious. Actual place of publication is unknown]	New York University | New York Public Library | Columbia University in the City of New York | Princeton University Library | University of Pennsylvania Libraries | Library of Congress | Cleveland Public Library | University of North Carolina at Chapel Hill. University Libraries | Emory University | Vanderbilt University Library | University of Arizona Libraries | University of British Columbia Library | University of California, Los Angeles | San Francisco Public Library | San Mateo County Library	Yuri Troitsky. <i>Shats</i>. Berlin: Freedom Letters, 2024.	https://tamizdatproject.org/media/publication_images/shats_UaHaHU1.jpeg	Russian	Yuri Troitsky						Freedom Letters	
c8552ceb-4bb9-475e-a79a-746f132c2856	1	https://tamizdatproject.org/publications/skazki-starogo-novogo-i-inogo-sveta/	skazki-starogo-novogo-i-inogo-sveta	Сказки Старого, Нового и Иного Света		Skazki Starogo, Novogo i Inogo Sveta		2024	Riga	New York University | Princeton University Library | University of Pennsylvania Libraries | Cleveland Public Library	Boris Akunin. <i>Skazki Starogo, Novogo i Inogo Sveta</i>. Riga: BAbook, 2024.	https://tamizdatproject.org/media/publication_images/skazki-starogo-novogo-i-inogo-sveta_3p8zTxS.png	Russian	Boris Akunin						BAbook	
c779f07d-8a80-4fd6-b6a5-21a00656e327	1	https://tamizdatproject.org/publications/slishkom-chernaia-sobaka/	slishkom-chernaia-sobaka	Слишком чёрная собака		Slishkom chernaia sobaka		2024	Tel Aviv [Place of publication listed on title page is fictitious. Actual place of publication is unknown]	New York University | Columbia University in the City of New York | Princeton University Library | Yale University Library | University of Pennsylvania Libraries | Library of Congress | University of Toronto Group | Cleveland Public Library | University of North Carolina at Chapel Hill. University Libraries | Emory University | Vanderbilt University Library | Tulane University | University of Arizona Libraries | University of California, Los Angeles | San Francisco Public Library	Vadim Zhuk. <i>Slishkom chernaia sobaka</i>. Tel Aviv: Freedom Letters, 2024.	https://tamizdatproject.org/media/publication_images/slishkom-chernaia-sobaka_XhdSqPz.jpeg	Russian	Vadim Zhuk						Freedom Letters	
8fd3bd2b-1605-4680-9595-9861e5bd4325	1	https://tamizdatproject.org/publications/smeiushchiisia-krasnyi/	smeiushchiisia-krasnyi	Смеющийся красный		Smeiushchiisia krasnyi		2024	Riga [Place of publication listed on title page is fictitious. Actual place of publication is unknown]	New York University | New York Public Library | Columbia University in the City of New York | Princeton University Library | University of Pennsylvania Libraries | Library of Congress | University of North Carolina at Chapel Hill. University Libraries | Vanderbilt University Library | University of California, Los Angeles | San Francisco Public Library | Universitätsbibliothek Würzburg | Bayerische Staatsbibliothek	Igor Narovsky. <i>Smeiushchiisia krasnyi</i>. Riga: Freedom Letters, 2024.	https://tamizdatproject.org/media/publication_images/smeiushchiisia-krasnyi_Z4CJ0pN.jpeg	Russian	Igor Narovsky						Freedom Letters	
c0eaf62e-8cc4-43ba-9756-5c57b2214533	1	https://tamizdatproject.org/publications/smert-akhillesa/	smert-akhillesa	Смерть Ахиллеса		Smert’ Akhillesa		2024	Riga	New York University | Princeton University Library | Los Alamos County Library System | Redwood City Public Library | Bayerische Staatsbibliothek | Humboldt-Universität zu Berlin, Universitätsbibliothek, Jacob-und-Wilhelm-Grimm-Zentrum	Boris Akunin. <i>Smert’ Akhillesa</i>. Riga: BAbook, 2024.	https://tamizdatproject.org/media/publication_images/smert-akhillesa_FcPMik1.jpg	Russian	Boris Akunin						BAbook	
ea6a1fcc-8e60-4a19-b84b-406fe71fdb84	1	https://tamizdatproject.org/publications/snegovik/	snegovik	Снеговик		Snegovik		2024	Tel Aviv	New York University | Princeton University Library | Yale University Library | University of Pennsylvania Libraries | Staats- und Universitätsbibliothek Bremen | Bayerische Staatsbibliothek | LIBRIS	Vadik Korolev. <i>Snegovik</i>. Tel Aviv: Babel Books Tel Aviv, 2024.	https://tamizdatproject.org/media/publication_images/Korolev_Snegovik.jpeg	Russian	Vadik Korolev						Babel Books Tel Aviv	
079ab8b2-138b-4e88-a063-f0522c875729		https://tamizdatproject.org/publications/starosvetskie-skanery/	starosvetskie-skanery	Старосветские сканеры		Starosvetskie skanery		2024	Neukirchen-Vluyn	New York University | Columbia University in the City of New York | Princeton University Library | University of Pennsylvania Libraries | University of California, Los Angeles | Deutsche Nationalbibliothek Frankfurt am Main | Deutsche Nationalbibliothek Leipzig	Yuri Smirnov. <i>Starosvetskie skanery</i>. Neukirchen-Vluyn: Fresh Verlag, 2024.	https://tamizdatproject.org/media/publication_images/starosvetskie-skanery.jpg	Russian	Yuri Smirnov						Fresh Verlag	
ccb41672-fff8-465e-b8b2-0a6ba4ad6c74	С расшифровкой	https://tamizdatproject.org/publications/statskii-sovetnik/	statskii-sovetnik	Статский советник		Statskii sovetnik		2024	Riga	New York University | Princeton University Library | Minuteman Library Network | Skokie Public Library | Los Alamos County Library System | Redwood City Public Library | Bayerische Staatsbibliothek	Boris Akunin. <i>Statskii sovetnik</i>. Riga: BAbook, 2024.	https://tamizdatproject.org/media/publication_images/statskii-sovetnik_vmjWfaM.jpg	Russian	Boris Akunin						BAbook	
0d773ea2-3cf5-4c9d-8464-2bd0162ccbf5	1	https://tamizdatproject.org/publications/status-svoboden/	status-svoboden	Статус: Свободен		Status: Svoboden		2024	Bratislava	New York University | Columbia University in the City of New York | The Ferguson Library | Princeton University Library | Yale University Library | University of Pennsylvania Libraries | Minuteman Library Network | Cornell University Library | Library of Congress | University of Toronto Group | University of Illinois at Urbana Champaign | Vanderbilt University Library | Tulane University | University of Arizona Libraries | King County Library System | University of California, Los Angeles | UC Berkeley Libraries | Universitäts- und Stadtbibliothek Köln, Hauptabteilung | Universitätsbibliothek Würzburg | Freie Universität Berlin, Universitätsbibliothek, Zentralbibliothek | Bayerische Staatsbibliothek	Sergei Nikolaevich. <i>Status: Svoboden</i>. Bratislava: Vidim Books, 2024.	https://tamizdatproject.org/media/publication_images/600x600-2.png	Russian	Sergei Nikolaevich						Vidim Books	
e859674d-5705-40b5-b53b-8cf7135de83d	1	https://tamizdatproject.org/publications/stikhi-spiaschie-po-chuzhim-komnatam/	stikhi-spiaschie-po-chuzhim-komnatam	Стихи, спящие по чужим комнатам		Stikhi, spiaschie po chuzhim komnatam		2024	Paris	Harvard University | Bibliothèque nationale de France	Evgeny Soia. <i>Stikhi, spiaschie po chuzhim komnatam</i>. Paris: Éditions Tourgueneff, 2024.	https://tamizdatproject.org/media/publication_images/stikhi-spiaschie-po-chuzhim-komnatam_RTYKsm5.jpg	Russian	Evgeny Soia						Éditions Tourgueneff	
76837e70-f70c-45e8-a7bc-431b1fe06973	1	https://tamizdatproject.org/publications/strashnoe-poetika-trillera/	strashnoe-poetika-trillera	Страшное: Поэтика триллера		Strashnoe: Poetika trillera		2024	Ithaca [Place of publication listed on title page is fictitious. Actual place of publication is unknown]	New York University | Columbia University in the City of New York | Princeton University Library | Yale University Library | University of Pennsylvania Libraries | Library of Congress | University of North Carolina at Chapel Hill. University Libraries | University of Illinois at Urbana Champaign | Vanderbilt University Library | Tulane University | University of California, Los Angeles | San Francisco Public Library | Universitäts- und Stadtbibliothek Köln, Hauptabteilung | LIBRIS | Humboldt-Universität zu Berlin, Universitätsbibliothek, Jacob-und-Wilhelm-Grimm-Zentrum | Bayerische Staatsbibliothek	Dmitry Bykov. <i>Strashnoe: Poetika trillera</i>. Ithaca: Freedom Letters, 2024.	https://tamizdatproject.org/media/publication_images/strashnoe-poetika-trillera_1SD9fbT.jpeg	Russian	Dmitry Bykov						Freedom Letters	
bc759032-59c0-4a03-85e3-52beca0ad3eb	1	https://tamizdatproject.org/publications/tainyi-khod/	tainyi-khod	Тайный ход		Tainyi khod		2024	Stockholm - Berlin	New York University | Yale University Library | University of Pennsylvania Libraries | LIBRIS	Lev Rubinshtein. <i>Tainyi khod</i>. Edited by Nikolai Tolokonnikov. Stockholm - Berlin: Hyperboreus and Babel Books Berlin, 2024.	https://tamizdatproject.org/media/publication_images/tainyi-khod_AEm5VQy.jpg	Russian	Lev Rubinshtein		Nikolai Tolokonnikov				Hyperboreus | Babel Books Berlin	
9b479722-7c3a-4b3f-a437-fe110e460fb9		https://tamizdatproject.org/publications/tak-my-uchilis-govorit-o-smerti-dnevnik-20222023-godov/	tak-my-uchilis-govorit-o-smerti-dnevnik-20222023-godov	Так мы учились говорить о смерти. Дневник 2022–2023 годов		Tak my uchilis’ govorit’ o smerti. Dnevnik 2022–2023 godov		2024	Chișinău	New York University | Princeton University Library | Harvard University | University of North Carolina at Chapel Hill. University Libraries | University of Michigan | University of Alberta | Universitätsbibliothek Bern | Freie Universität Berlin, Universitätsbibliothek, Zentralbibliothek | Bayerische Staatsbibliothek | Yale University Library | University of California, Los Angeles	Mikhail Nemtsev. <i>Tak my uchilis’ govorit’ o smerti. Dnevnik 2022–2023 godov</i>. Chișinău: The Historical Expertise, 2024.	https://tamizdatproject.org/media/publication_images/tak-my-uchilis-govorit-o-smerti-dnevnik-20222023-g.jpg	Russian	Mikhail Nemtsev						The Historical Expertise	
4e400c69-6bd7-4485-985e-7753611db06b		https://tamizdatproject.org/publications/the-decembrists/	the-decembrists	The Decembrists		The Decembrists		2024	Helsinki	Universitätsbibliothek Basel	Larisa Reisner. <i>The Decembrists</i>. Translated by Cathy Porter. Helsinki: Rab-Rab Press, 2024.	https://tamizdatproject.org/media/publication_images/decembrists2_copy.jpg	English	Larisa Reisner				Cathy Porter		Rab-Rab Press	
4f62661f-0913-474d-8696-d9d92023d964		https://tamizdatproject.org/publications/there-behind-the-wall/	there-behind-the-wall	Там, за сцяной		There, behind the wall		2024	Berlin	UC Berkeley Libraries	Taciana Niadbaj. <i>There, behind the wall</i>. Berlin: hochroth Minsk, 2024.	https://tamizdatproject.org/media/publication_images/Снимок-экрана-2024-10-03-в-10.37.06-1.png	Belarusian	Taciana Niadbaj						hochroth Minsk	
de5da5e6-b7ca-4136-8cb0-f8d68ce83981	1	https://tamizdatproject.org/publications/the-scar-we-know/	the-scar-we-know	The Scar We Know		The Scar We Know		2020	New York	New York University | New York Public Library | Princeton University Library | University of Pennsylvania Libraries | Swarthmore College | Wesleyan University | Franklin & Marshall College | State University of New York, Binghamton University Libraries | UMBC | Boston College | Harvard University | Syracuse University | Dartmouth Library | University of Richmond | SUNY at Buffalo | Marietta College | University of North Carolina at Chapel Hill. University Libraries | Oberlin College Libraries | College of Charleston | Indiana University | University of Chicago Library | Northwestern University | University of Wisconsin - Madison General Library System | University of Alabama | University of Kansas | University of Manitoba Libraries | Rice University | University of Denver, University Libraries | Brigham Young University | University of Arizona Libraries | University of Washington Libraries | University of British Columbia Library | University of California, Merced | UC Berkeley Libraries | Stanford University | Staatsbibliothek zu Berlin - Preußischer Kulturbesitz, Haus Potsdamer Straße	Lidia Yusupova. <i>The Scar We Know</i>. Edited by Ainsley Morse. Translated by Sibelan Forrester, Martha Kelly, Brendan Kiernan, Madeline Kinkel, Hilah Kohen, Stephanie Sandler, Joseph Schlegel, Bela Shayevich. New York: Cicada Press, 2020.	https://tamizdatproject.org/media/publication_images/the-scar-we-know_QiLdH0U.jpg	English | Russian	Lidia Yusupova		Ainsley Morse		Sibelan Forrester | Martha Kelly | Brendan Kiernan | Madeline Kinkel | Hilah Kohen | Stephanie Sandler | Joseph Schlegel | Bela Shayevich		Cicada Press	
a03a4485-efa0-4b42-91c5-a2efd0bce415	1	https://tamizdatproject.org/publications/tikhi-dron/	tikhi-dron	Тихий дрон		Tikhi dron		2024	New York [Place of publication listed on title page is fictitious. Actual place of publication is unknown]	New York University | Columbia University in the City of New York | Princeton University Library | Yale University Library | University of Pennsylvania Libraries | Library of Congress | University of Toronto Group | Cleveland Public Library | University of North Carolina at Chapel Hill. University Libraries | University of Illinois at Urbana Champaign | Vanderbilt University Library | University of Arizona Libraries | Multnomah County Library | University of California, Los Angeles | San Francisco Public Library	Alina Vitukhnovskaia. <i>Tikhi dron</i>. New York: Freedom Letters, 2024.	https://tamizdatproject.org/media/publication_images/tikhi-dron_yfvPbl7.jpeg	Russian	Alina Vitukhnovskaia						Freedom Letters	
800baca9-8e2d-4075-86fe-8a00d0020229	1	https://tamizdatproject.org/publications/travma-emigratsii-sluchai-vladislava-khodasevicha/	travma-emigratsii-sluchai-vladislava-khodasevicha	Травма эмиграции. Случай Владислава Ходасевича		Travma emigratsii. Sluchai Vladislava Khodasevicha		2024	Paris	New York University | Princeton University Library | Yale University Library | University of Pennsylvania Libraries | Harvard University | Library of Congress | Bibliothèque nationale de France | BNUS - Bibliotheque Nationale Universitaire de Strasbourg	Pavel Uspensky. <i>Travma emigratsii. Sluchai Vladislava Khodasevicha</i>. Paris: Éditions Tourgueneff, 2024.	https://tamizdatproject.org/media/publication_images/travma-emigratsii-sluchai-vladislava-khodasevicha_7tWDrmE.jpg	Russian	Pavel Uspensky						Éditions Tourgueneff	
debddc58-ab3e-4e9c-b6f9-30881c860033	1	https://tamizdatproject.org/publications/turetskii-gambit/	turetskii-gambit	Турецкий гамбит		Turetskii gambit		2024	Riga	New York University | Princeton University Library | Bucks County Free Library | Minuteman Library Network | Skokie Public Library | Redwood City Public Library | Bayerische Staatsbibliothek | LIBRIS	Boris Akunin. <i>Turetskii gambit</i>. Riga: BAbook, 2024.	https://tamizdatproject.org/media/publication_images/2_ТУРЕЦКИЙ_ГАМБИТ_0.jpg	Russian	Boris Akunin						BAbook	
e454eb2e-3bd1-4edc-98a3-7caa87068571		https://tamizdatproject.org/publications/two-languages-one-soul/	two-languages-one-soul	Дзве мовы аднае душы		Two languages, one soul		2024	Berlin	Princeton University Library | Harvard University | Library of Congress | Universitätsbibliothek Bern | Zentralbibliothek Zürich | LIBRIS	Felix Batoryn. <i>Two languages, one soul</i>. Berlin: hochroth Minsk, 2024.	https://tamizdatproject.org/media/publication_images/Feliks-Batoryn-5.png	Belarusian | Yiddish	Felix Batoryn						hochroth Minsk	
48c5f3df-4e58-4e19-a189-14c959cde8b4	1	https://tamizdatproject.org/publications/ty-dozhivesh/	ty-dozhivesh	Ты доживёшь		Ty dozhivesh		2024	Tbilisi [Place of publication listed on title page is fictitious. Actual place of publication is unknown]	New York University | Columbia University in the City of New York | Princeton University Library | Yale University Library | University of Pennsylvania Libraries | Library of Congress | Carnegie Library of Pittsburgh | University of Toronto Group | Cleveland Public Library | University of North Carolina at Chapel Hill. University Libraries | Emory University | University of Illinois at Urbana Champaign | Vanderbilt University Library | University of Arizona Libraries | University of British Columbia Library | University of California, Los Angeles | San Francisco Public Library	Tatiana Voltskaia. <i>Ty dozhivesh</i>. Tbilisi: Freedom Letters, 2024.	https://tamizdatproject.org/media/publication_images/ty-dozhivesh_yc2nQkk.jpeg	Russian	Tatiana Voltskaia						Freedom Letters	
74e26e07-a59f-4d87-984f-d4b0022683b8	1	https://tamizdatproject.org/publications/ubavliaite-zvuk/	ubavliaite-zvuk	Убавляйте звук		Ubavliaite zvuk		2024	Tel Aviv	New York University | Princeton University Library | Cornell University Library | Harvard University | Bayerische Staatsbibliothek	Lena Berson. <i>Ubavliaite zvuk</i>. Tel Aviv: Babel Books Tel Aviv, 2024.	https://tamizdatproject.org/media/publication_images/Berson_Ubavliaite_zvuk.webp	Russian	Lena Berson						Babel Books Tel Aviv	
f362cdea-489f-489f-bdbf-715001eff6c0	1	https://tamizdatproject.org/publications/uekhat-nelzia-ostatsia-iz-semeinoi-perepiski-burliukov-i-delone/	uekhat-nelzia-ostatsia-iz-semeinoi-perepiski-burliukov-i-delone	Уехать нельзя остаться. Из семейной переписки Бурлюков и Делоне		Uekhat' nel'zia ostat'sia. Iz semeinoi perepiski Burliukov i Delone		2024	Tel Aviv	New York University | Columbia University in the City of New York | Princeton University Library | Yale University Library | University of Pennsylvania Libraries | University of Alberta | LA COUNTY LIBRARY | Harvard University | Staats- und Universitätsbibliothek Bremen | Bayerische Staatsbibliothek | LIBRIS	Evgeny Demenok. <i>Uekhat' nel'zia ostat'sia. Iz semeinoi perepiski Burliukov i Delone</i>. Tel Aviv: Babel Books Tel Aviv, 2024.	https://tamizdatproject.org/media/publication_images/Demenok_Uekhat_nelzia_ostatsia.webp	Russian	Evgeny Demenok						Babel Books Tel Aviv	
9da38252-2267-45eb-a72d-ae01f57d744f		https://tamizdatproject.org/publications/u-kontsa-kraia/	u-kontsa-kraia	У конца края		U kontsa kraia		2024	Berlin	Princeton University Library | Harvard University | Library of Congress | Indiana University | Universitätsbibliothek Bern | LIBRIS	Sabina Brillo. <i>U kontsa kraia</i>. Berlin: hochroth Minsk, 2024.	https://tamizdatproject.org/media/publication_images/Sabina-Brilo-5.jpeg	Russian	Sabina Brillo						hochroth Minsk	
34ea0c96-10c6-403d-8e6e-dd633d49c969	1	https://tamizdatproject.org/publications/u-nas-v-erevane/	u-nas-v-erevane	У нас в Ереване		U nas v Erevane		2024	Yerevan	New York University | Princeton University Library | Yale University Library | University of Pennsylvania Libraries | University of Pittsburgh | University of North Carolina at Chapel Hill. University Libraries | Ohio State University Libraries | University of Michigan | University of Chicago Library | University of Illinois at Urbana Champaign | National Library of Armenia	Yan Shenkman. <i>U nas v Erevane</i>. Yerevan: ARI Press, 2024.	https://tamizdatproject.org/media/publication_images/u-nas-v-erevane_7Kde1KW.png	Russian	Yan Shenkman						ARI Press	
a418fc40-9668-4174-ad08-4371b212c4d1	1	https://tamizdatproject.org/publications/u-rany-est-imia-izbrannye-stikhi-19552022/	u-rany-est-imia-izbrannye-stikhi-19552022	У раны есть имя. Избранные стихи 1955-2022		U rany est’ imia. Izbrannye stikhi 1955–2022		2024	Ozolnieki | New York	New York University | New York Public Library | Princeton University Library | Yale University Library | University of Pennsylvania Libraries | Harvard University | University of Pittsburgh | University of Wisconsin - Madison General Library System	Yuri Tarnavsky. <i>U rany est’ imia. Izbrannye stikhi 1955–2022</i>. Translated by Dmitry Kuzmin. Ozolnieki - New York: Literature without Borders, 2024.	https://tamizdatproject.org/media/publication_images/u-rany-est-imia-izbrannye-stikhi-19552022_Kc6MVkl.jpg	Russian	Yuri Tarnavsky				Dmitry Kuzmin		Literature without Borders	
a905c28e-8fc4-443f-adb4-08bea6502b9e	1	https://tamizdatproject.org/publications/uzkoe-nebo-shirokaia-reka/	uzkoe-nebo-shirokaia-reka	Узкое небо, широкая река		Uzkoe nebo, shirokaia reka		2024	Tel Aviv	New York University | Columbia University in the City of New York | Princeton University Library | Harvard University | Library of Congress | UC Berkeley Libraries | Universitäts- und Stadtbibliothek Köln, Hauptabteilung | Bayerische Staatsbibliothek	Aleksandr Ilichevsky. <i>Uzkoe nebo, shirokaia reka</i>. Tel Aviv: Babel Books Tel Aviv, 2024.	https://tamizdatproject.org/media/publication_images/Ilichevsky_Uzkoe_nebo.jpeg	Russian	Aleksandr Ilichevsky						Babel Books Tel Aviv	
359ec98e-182b-4e19-b937-e4b26c32a11e		https://tamizdatproject.org/publications/varshava/	varshava	Варшава		Varshava		2024	Warsaw	Princeton University Library | University of Pennsylvania Libraries | Harvard University | University of Michigan | University of Chicago Library | Tulane University | UC Berkeley Libraries | National Library of Poland, Biblioteka Narodowa	Vladimir Kozlov. <i>Varshava</i>. Warsaw: Miane Niama, 2024.	https://tamizdatproject.org/media/publication_images/varshava.png	Russian	Vladimir Kozlov						Miane Niama	
c1f0b53f-5008-43fd-ab21-3efa12322de3	1	https://tamizdatproject.org/publications/velikii-gopnik/	velikii-gopnik	Великий Гопник		Velikii Gopnik		2024	Leipzig	New York University | New York Public Library | Brooklyn Public Library | Queens Public Library | BCCLS | Somerset County Library | The Ferguson Library | Princeton University Library | Ramapo Catskill Library System | Bucks County Free Library | Free Library of Philadelphia | University of Pennsylvania Libraries | Minuteman Library Network | Harvard University | Library of Congress | University of Toronto Group | Cleveland Public Library | University of North Carolina at Chapel Hill. University Libraries | The Indianapolis Public Library | Indiana University | Prospect Heights Public Library District | Indian Trails Public Library District | Milwaukee Public Library | Schaumburg Township District Library | Ela Area Public Library District | Anoka County Library | Hennepin County Library | Broward County Libraries | King County Library System | San Diego State University Library | Multnomah County Library | Fort Vancouver Regional Library District | LA COUNTY LIBRARY | Washington County Cooperative Library Services | Sunnyvale Public Library | Redwood City Public Library | San Mateo County Library | Sorbonne Université | Bibliothèque nationale de France | Royal Danish Library - (DKB) | Deutsche Nationalbibliothek Frankfurt am Main | BNUS - Bibliotheque Nationale Universitaire de Strasbourg | LIBRIS | Thüringer Universitäts- und Landesbibliothek | Deutsche Nationalbibliothek Leipzig | Staatsbibliothek zu Berlin - Preußischer Kulturbesitz, Haus Potsdamer Straße | Humboldt-Universität zu Berlin, Universitätsbibliothek, Jacob-und-Wilhelm-Grimm-Zentrum | Universitätsbibliothek Regensburg | Bayerische Staatsbibliothek	Viktor Erofeev. <i>Velikii Gopnik</i>. Leipzig: ISIA Media Verlag, 2024.	https://tamizdatproject.org/media/publication_images/velikii-gopnik_WM7l4g2.jpg	Russian	Viktor Erofeev						ISIA Media Verlag	
96fcb05b-d6dc-460a-b356-03748a8dc907		https://tamizdatproject.org/publications/velosipednaia-ulitsa-51/	velosipednaia-ulitsa-51	Велосипедная улица, 51		Velosipednaia ulitsa, 51		2024	Warsaw	Princeton University Library | University of Pennsylvania Libraries | Harvard University | University of Michigan | Tulane University | National Library of Poland, Biblioteka Narodowa	Kolya Sulima. <i>Velosipednaia ulitsa, 51</i>. Warsaw: Miane Niama, 2024.	https://tamizdatproject.org/media/publication_images/velosipednaya.png	Russian	Kolya Sulima						Miane Niama	
6d461d9f-6080-4ba1-8713-3a0c939f1d9c		https://tamizdatproject.org/publications/poems-for-churches-jails-and-cells/	poems-for-churches-jails-and-cells	Вершы для храмаў, сіза, ічу		Vershy dlya khramau, siza, ichu		2024	Berlin	Princeton University Library | Harvard University | Library of Congress | Indiana University | Universitätsbibliothek Bern	Raman Abramčuk. <i>Vershy dlya khramau, siza, ichu</i>. Berlin: hochroth Minsk, 2024.	https://tamizdatproject.org/media/publication_images/minsk-1-1417x2048-1.jpeg	Belarusian	Raman Abramčuk						hochroth Minsk	
b7ba2732-8c1b-4511-9c0d-97c13da75116	1	https://tamizdatproject.org/publications/viktor-vavich/	viktor-vavich	Виктор Вавич		Viktor Vavich		2024	Tel Aviv	New York University | New York Public Library | Brooklyn Public Library | Princeton University Library | University of Pennsylvania Libraries | Boston Public Library | Universitäts- und Stadtbibliothek Köln, Hauptabteilung	Boris Zhitkov. <i>Viktor Vavich</i>. Tel Aviv: Babel Books Tel Aviv, 2024.	https://tamizdatproject.org/media/publication_images/Zhitkov_viktor_vavich.webp	Russian	Boris Zhitkov						Babel Books Tel Aviv	
0b589a54-7fb8-4e4f-a9be-c454362f099a		https://tamizdatproject.org/publications/vilniusskii-poker/	vilniusskii-poker	Вильнюсский покер		Vilniusskii poker		2024	Vilnius	None	Ričardas Gavelis. <i>Vilniusskii poker</i>. Translated by Jekaterina Jonaitienė. Vilnius: Rewind press, 2024.	https://tamizdatproject.org/media/publication_images/Screen_Shot_2025-12-10_at_11.19.03_AM.png	Russian	Ričardas Gavelis				Jekaterina Jonaitienė		Rewind press	
28373d87-4d1d-4605-a710-cb8962ae46a5	1	https://tamizdatproject.org/publications/voennyi-dnevnik/	voennyi-dnevnik	Военный дневник		Voennyi dnevnik		2024	Sofia [Place of publication listed on title page is fictitious. Actual place of publication is unknown]	New York University | Columbia University in the City of New York | Princeton University Library | Yale University Library | University of Pennsylvania Libraries | Library of Congress | University of North Carolina at Chapel Hill. University Libraries | University of Illinois at Urbana Champaign | Vanderbilt University Library | University of Alberta | University of British Columbia Library | University of California, Los Angeles | Yolo County Library | San Francisco Public Library	Olga Grebennik. <i>Voennyi dnevnik</i>. Sofia: Freedom Letters, 2024.	https://tamizdatproject.org/media/publication_images/voennyi-dnevnik_CxEtKzn.jpeg	Russian	Olga Grebennik						Freedom Letters	
51335866-d233-45e3-96d9-5682f3f1052b		https://tamizdatproject.org/publications/voina-i-intellekt/	voina-i-intellekt	Война и интеллект		Voina i intellekt		2024	Riga	None	Anatoly Akhutin. <i>Voina i intellekt</i>. Riga: Shkola grazhdanskogo prosveshcheniia, 2024.	https://tamizdatproject.org/media/publication_images/voina-i-intellekt.jpg	Russian	Anatoly Akhutin						Shkola grazhdanskogo prosveshcheniia	
690d5e20-ba3f-4457-a5d4-19acca55f59d		https://tamizdatproject.org/publications/voina-telegramnym-stilem-500-dnei-katastrofy/	voina-telegramnym-stilem-500-dnei-katastrofy	Война телеграмным стилем. 500 дней катастрофы		Voina telegramnym stilem. 500 dnei katastrofy		2024	Vilnius	New York University | New York Public Library | Brooklyn Public Library | Princeton University Library | University of Pennsylvania Libraries | Harvard University | Library of Congress | University of Toronto Group | University of North Carolina at Chapel Hill. University Libraries | University of Michigan | Indiana University | Emory University | Tulane University | UC Berkeley Libraries | University of Cambridge | Universitätsbibliothek Bern | Universitätsbibliothek Würzburg | Humboldt-Universität zu Berlin, Universitätsbibliothek, Jacob-und-Wilhelm-Grimm-Zentrum | Bayerische Staatsbibliothek	Vladimir Pastukhov. <i>Voina telegramnym stilem. 500 dnei katastrofy</i>. Vilnius: Kust Press, 2024.	https://tamizdatproject.org/media/publication_images/voina-telegramnym-stilem-500-dnei-katastrofy.png	Russian	Vladimir Pastukhov						Kust Press	
82fe8a59-64fb-4a97-8e45-9afd30546475	2	https://tamizdatproject.org/publications/yasnost-i-radost/	yasnost-i-radost	Ясность и радость		Yasnost' i radost'		2024	Neukirchen-Vluyn	New York University | Columbia University in the City of New York | Princeton University Library | Library of Congress | Vanderbilt University Library | Deutsche Nationalbibliothek Frankfurt am Main | Universitätsbibliothek Basel | Deutsche Nationalbibliothek Leipzig	Mikhail Nemtsev. <i>Yasnost' i radost'</i>. Neukirchen-Vluyn: Fresh Verlag, 2024.	https://tamizdatproject.org/media/publication_images/yasnost-i-radost.jpg	Russian	Mikhail Nemtsev						Fresh Verlag	
79a644b9-1a29-4588-a656-1ba1b3f4ea9a		https://tamizdatproject.org/publications/zalatoje/	zalatoje	Залатое		Zalatoje		2024	Vilnius	None	Natalka Kučmiel. <i>Zalatoje</i>. Vilnius: Pflaŭmbaŭm, 2024.	https://tamizdatproject.org/media/publication_images/zalatoe.png	Belarusian	Natalka Kučmiel						Pflaŭmbaŭm	
8f81e603-2a61-45cd-b74b-c07abeb5a43b	1	https://tamizdatproject.org/publications/za-moikh-liubimykh-for-mina-alskade/	za-moikh-liubimykh-for-mina-alskade	За моих любимых / För mina älskade		Za moikh liubimykh / För mina älskade		2024	[Place Unidentified]	LIBRIS | New York University | Princeton University Library | Yale University Library | University of Pennsylvania Libraries | Harvard University	Elena Fanailova. <i>Za moikh liubimykh / För mina älskade</i>. Translated by Lidia Starodubtseva, Mikael Nydahl. [Place Unidentified]: Hyperboreus, 2024.	https://tamizdatproject.org/media/publication_images/za-moikh-liubimykh-for-mina-alskade_gWjhvG7.jpg	Russian	Elena Fanailova				Lidia Starodubtseva | Mikael Nydahl		Hyperboreus	
3bd1c579-4744-485c-9388-b5e35f295e6a		https://tamizdatproject.org/publications/zancyna-na-nuliavym-punkcie/	zancyna-na-nuliavym-punkcie	Жанчына на нулявым пункце		Žančyna na nuliavym punkcie		2024	Vilnius	UC Berkeley Libraries	Nawal Saadawi. <i>Žančyna na nuliavym punkcie</i>. Translated by Aljaksandra Dzmitranok. Vilnius: Pflaŭmbaŭm, 2024.	https://tamizdatproject.org/media/publication_images/zhanchyna.png	Belarusian	Nawal Saadawi				Aljaksandra Dzmitranok		Pflaŭmbaŭm	
d694ac02-dad4-4cdf-8f9b-df7b7c423dd8	1	https://tamizdatproject.org/publications/zanimatelnaia-rossiia-228-otvetov/	zanimatelnaia-rossiia-228-otvetov	Занимательная Россия. 228 ответов		Zanimatel'naia Rossiia. 228 otvetov		2024	London [Place of publication listed on title page is fictitious. Actual place of publication is unknown]	New York University | New York Public Library | Columbia University in the City of New York | Princeton University Library | Yale University Library | University of Pennsylvania Libraries | Library of Congress | University of North Carolina at Chapel Hill. University Libraries | University of Illinois at Urbana Champaign | Vanderbilt University Library | University of California, Los Angeles | San Francisco Public Library | Royal Danish Library - (DKB) | Universitätsbibliothek Würzburg | Bayerische Staatsbibliothek	Sergei Shelin. <i>Zanimatel'naia Rossiia. 228 otvetov</i>. London: Freedom Letters, 2024.	https://tamizdatproject.org/media/publication_images/zanimatelnaia-rossiia-228-otvetov_F65RcIZ.jpeg	Russian	Sergei Shelin						Freedom Letters	
00001265-4294-4db4-80bd-82d57806b602		https://tamizdatproject.org/publications/zapiski-iz-proshlogo-vremeni/	zapiski-iz-proshlogo-vremeni	Записки из прошлого времени		Zapiski iz proshlogo vremeni		2024	Tel Aviv	New York University | Princeton University Library | University of Pennsylvania Libraries | Harvard University | Universitäts- und Stadtbibliothek Köln, Hauptabteilung | Bayerische Staatsbibliothek	David Markish. <i>Zapiski iz proshlogo vremeni</i>. Tel Aviv: Babel Books Tel Aviv, 2024.	https://tamizdatproject.org/media/publication_images/Markish_Zapiski_iz_proshlogo_vremeni.jpg	Russian	David Markish						Babel Books Tel Aviv	
92fcdbab-57b8-4a58-84fa-a7eb07805980	1	https://tamizdatproject.org/publications/zapiski-iz-temnoty/	zapiski-iz-temnoty	Записки из темноты		Zapiski iz temnoty		2024	Moskva budushchego [Place of publication listed on title page is fictitious. Actual place of publication is unknown]	New York University | Columbia University in the City of New York | Princeton University Library | Yale University Library | University of Pennsylvania Libraries | Library of Congress | University of North Carolina at Chapel Hill. University Libraries | University of Illinois at Urbana Champaign | Vanderbilt University Library | Tulane University | University of Alberta | University of California, Los Angeles | San Francisco Public Library | Bayerische Staatsbibliothek	Ilya Shakursky. <i>Zapiski iz temnoty</i>. Moskva budushchego: Freedom Letters, 2024.	https://tamizdatproject.org/media/publication_images/zapiski-iz-temnoty_Jjkfm3Y.jpeg	Russian	Ilya Shakursky						Freedom Letters	
955ef5aa-c106-415a-be4b-4875d03f2ad8	1	https://tamizdatproject.org/publications/zhar-ptitsa/	zhar-ptitsa	Жар-птица		Zhar-ptitsa		2024	New York [Place of publication listed on title page is fictitious. Actual place of publication is unknown]	New York University | Princeton University Library | University of Pennsylvania Libraries | Library of Congress | University of North Carolina at Chapel Hill. University Libraries | Skokie Public Library | University of California, Los Angeles | San Francisco Public Library | Universitätsbibliothek Bern | Bayerische Staatsbibliothek | Sciences Po Paris	Andrei Kozyrev. <i>Zhar-ptitsa</i>. New York: Freedom Letters, 2024.	https://tamizdatproject.org/media/publication_images/zhar-ptitsa_rImSjGA.jpeg	Russian	Andrei Kozyrev						Freedom Letters	
e96bbf20-2d27-43f4-adbe-132f676841f3	1	https://tamizdatproject.org/publications/zhd/	zhd	ЖД		ZhD		2024	Zhadrunovo [Place of publication listed on title page is fictitious. Actual place of publication is unknown]	New York University | Princeton University Library | University of Pennsylvania Libraries | Carnegie Library of Pittsburgh | University of Toronto Group | Los Angeles Public Library | San Francisco Public Library | San Mateo County Library | Biblioteca comunale di Trento | SISTEMA BIBLIOTECARIO TRENTINO | Trento BCT Via Roma | New York Public Library | Columbia University in the City of New York | Library of Congress | Universitäts- und Stadtbibliothek Köln, Hauptabteilung | University of Glasgow	Dmitry Bykov. <i>ZhD</i>. Zhadrunovo: Freedom Letters, 2024.	https://tamizdatproject.org/media/publication_images/zhd_A50EZ31.jpeg	Russian	Dmitry Bykov						Freedom Letters	
8531df95-3102-4156-a71c-82248b173af5	1	https://tamizdatproject.org/publications/zherar-mortie-opera-izobretennaia-zanovo/	zherar-mortie-opera-izobretennaia-zanovo	Жерар Мортье: опера, изобретенная заново		Zherar Mortie: opera, izobretennaia zanovo		2024	Paris	New York University | Princeton University Library | Yale University Library | University of Pennsylvania Libraries | Bibliothèque nationale de France	Serge Martin. <i>Zherar Mortie: opera, izobretennaia zanovo</i>. Paris: Éditions Tourgueneff, 2024.	https://tamizdatproject.org/media/publication_images/zherar-mortie-opera-izobretennaia-zanovo_MTLZAbM.png	Russian	Serge Martin						Éditions Tourgueneff	
aaaeb619-e6e5-46fc-b673-1a454d861a8f	1	https://tamizdatproject.org/publications/zona-porazheniia/	zona-porazheniia	Зона поражения		Zona porazheniia		2024	Tel Aviv [Place of publication listed on title page is fictitious. Actual place of publication is unknown]	New York University | Princeton University Library | University of Pennsylvania Libraries | Cleveland Public Library | University of North Carolina at Chapel Hill. University Libraries | Emory University | Multnomah County Library | San Francisco Public Library	Demyan Kudriavtsev. <i>Zona porazheniia</i>. Tel Aviv: Freedom Letters, 2024.	https://tamizdatproject.org/media/publication_images/zona-porazheniia_gdBNtqJ.jpeg	Russian	Demyan Kudriavtsev						Freedom Letters	
5665703e-dee1-47fa-9e4c-bfbaf011a7d3	1	https://tamizdatproject.org/publications/zvonok-telefona-v-osennem-lesu/	zvonok-telefona-v-osennem-lesu	Звонок телефона в осеннем лесу		Zvonok telefona v osennem lesu		2024	Tel Aviv	New York University | Brooklyn Public Library | Columbia University in the City of New York | Princeton University Library | Yale University Library | Minuteman Library Network | Harvard University | Skokie Public Library | CW2 Christopher G. Nason Military Intelligence Library | Fort Vancouver Regional Library District | Universitäts- und Stadtbibliothek Köln, Hauptabteilung | Bayerische Staatsbibliothek | LIBRIS	Andrei Makarevich. <i>Zvonok telefona v osennem lesu</i>. Tel Aviv: Babel Books Tel Aviv, 2024.	https://tamizdatproject.org/media/publication_images/Screen_Shot_2025-11-09_at_8.11.09_PM.png	Russian	Andrei Makarevich						Babel Books Tel Aviv	
eaa087cd-f353-4aa7-ad3c-740fa60b7f49		https://tamizdatproject.org/publications/oetic-reportage/	oetic-reportage	Рoetická reportáž		Рoetic Reportage		2024	Berlin	Princeton University Library | Universitätsbibliothek Bern | LIBRIS	Dmitry Strotsev. <i>Рoetic Reportage</i>. Translated by Max Beliavski, Marzia Paton, Helena Vostrý, Max Ščur. Berlin: hochroth Minsk, 2024.	https://tamizdatproject.org/media/publication_images/Dmitrij-Strocev-2-5.jpeg	Czech	Dmitry Strotsev				Max Beliavski | Marzia Paton | Helena Vostrý | Max Ščur		hochroth Minsk	
4a75ac79-ad17-4c93-b1ff-7701be226cb7		https://tamizdatproject.org/publications/a-blue-brick/	a-blue-brick	Синий кирпич	Сборник статей к 80-летию \\nДжона Э. Боулта	A Blue Brick	Festschrift in Honour of John E. Bowlt	2023	Frankfurt am Main	Universitäts- und Stadtbibliothek Köln, Hauptabteilung | Universitätsbibliothek J. C. Senckenberg, Zentralbibliothek (ZB) | Deutsche Nationalbibliothek Frankfurt am Main | Zentralbibliothek Zürich | Deutsche Nationalbibliothek Leipzig | Humboldt-Universität zu Berlin, Universitätsbibliothek, Jacob-und-Wilhelm-Grimm-Zentrum | Universitätsbibliothek der LMU München | Bayerische Staatsbibliothek | Verbundzentrale des Gemeinsamen Bibliotheksverbundes | Testbibliothek HD | Dezentrale Bibliotheken der Universität Heidelberg | Universitätsbibliothek Heidelberg | Staatsbibliothek zu Berlin - Preußischer Kulturbesitz, Haus Potsdamer Straße	<i>A Blue Brick</i>. Edited by Yuri Leving. Frankfurt am Main: Esterum Publishing, 2023.	https://tamizdatproject.org/media/publication_images/a-blue-brick_TyKyu4Y.jpg	English | Russian			Yuri Leving				Esterum Publishing	
e9eefd05-5c51-43f0-9ffd-d143bbcde623	1	https://tamizdatproject.org/publications/akt-nepovinoveniia-filmy-dzhafara-panakhi/	akt-nepovinoveniia-filmy-dzhafara-panakhi	Акт неповиновения. Фильмы Джафара Панахи		Akt nepovinoveniia. Fil’my Jafara Panahi		2023	[Place Unidentified]	LIBRIS	Anton Dolin. <i>Akt nepovinoveniia. Fil’my Jafara Panahi</i>. [Place Unidentified]: Novaya Riga gramatas, 2023.	https://tamizdatproject.org/media/publication_images/dolin-1-1132x1536.png	Russian	Anton Dolin						Novaya Riga gramatas	
694bc70c-52f2-47f0-8433-2f70bbf46e8e		https://tamizdatproject.org/publications/another-name-for-love/	another-name-for-love	Іншае імя любові		Another name for love		2023	Berlin	Princeton University Library | Yale University Library | Harvard University | Universitätsbibliothek Bern | LIBRIS	Serhiy Zhadan. <i>Another name for love</i>. Translated by Andrej Chadanovič. Berlin: hochroth Minsk, 2023.	https://tamizdatproject.org/media/publication_images/Siarhij-Zadan-3.jpeg	Belarusian	Serhiy Zhadan				Andrej Chadanovič		hochroth Minsk	
aa4f04eb-4288-4422-8e19-79638516e2f8		https://tamizdatproject.org/publications/antalohija-paetak/	antalohija-paetak	Анталогія паэтак		Antalohija paetak		2023	Vilnius	Harvard University | Indiana University | King County Library System | UC Berkeley Libraries | Zentralbibliothek Zürich | Staatsbibliothek zu Berlin - Preußischer Kulturbesitz, Haus Potsdamer Straße | LIBRIS	<i>Antalohija paetak</i>. Edited by Valzhyna Mort. Vilnius: Pflaŭmbaŭm, 2023.	https://tamizdatproject.org/media/publication_images/antalogiia_poetok.png	Belarusian			Valzhyna Mort				Pflaŭmbaŭm	
c8a5f268-b8ab-4efb-8863-9d5ee8a87359	1	https://tamizdatproject.org/publications/babie-leto-povesti-posle-kontsa-sveta/	babie-leto-povesti-posle-kontsa-sveta	Бабье лето: Повести после конца света		Babie leto: Povesti posle kontsa sveta		2023	New York [Place of publication listed on title page is fictitious. Actual place of publication is unknown]	New York University | New York Public Library | Columbia University in the City of New York | Princeton University Library | University of Pennsylvania Libraries | Library of Congress | University of Toronto Group | University of North Carolina at Chapel Hill. University Libraries | University of Illinois at Urbana Champaign | Vanderbilt University Library | Los Angeles Public Library | University of California, Los Angeles | San Francisco Public Library | University of Glasgow | Staatsbibliothek zu Berlin - Preußischer Kulturbesitz, Haus Potsdamer Straße | LIBRIS	Valery Bochkov. <i>Babie leto: Povesti posle kontsa sveta</i>. New York: Freedom Letters, 2023.	https://tamizdatproject.org/media/publication_images/babie-leto-povesti-posle-kontsa-sveta_5gWrmhJ.jpeg	Russian	Valery Bochkov						Freedom Letters	
963cd54c-d3b8-46ed-980f-1883c9ab55eb	1	https://tamizdatproject.org/publications/balada-soldativ/	balada-soldativ	Балада солдатiв		Balada soldativ		2023	[Place Unidentified]	New York University | Princeton University Library | University of Pennsylvania Libraries | Cleveland Public Library | University of North Carolina at Chapel Hill. University Libraries | San Francisco Public Library | Bayerische Staatsbibliothek	Oleg Ladyzhensky. <i>Balada soldativ</i>. Translated by Oleg Ladyzhensky. [Place Unidentified]: Freedom Letters, 2023.	https://tamizdatproject.org/media/publication_images/balada-soldativ_hatiOUa.jpeg	Ukrainian	Oleg Ladyzhensky				Oleg Ladyzhensky		Freedom Letters	
48e00151-9d64-4b8a-bb3d-be7248879c35	1	https://tamizdatproject.org/publications/ballada-soldat/	ballada-soldat	Баллада солдат		Ballada soldat		2023	[Place Unidentified]	New York University | New York Public Library | Princeton University Library | Yale University Library | University of Pennsylvania Libraries | Cleveland Public Library | University of North Carolina at Chapel Hill. University Libraries | Multnomah County Library | San Francisco Public Library | Library of Congress | University of Kansas | University of California, Los Angeles | University of Glasgow | The British Library, St. Pancras | Universitätsbibliothek Leipzig | Staatsbibliothek zu Berlin - Preußischer Kulturbesitz, Haus Potsdamer Straße	Oleg Ladyzhensky. <i>Ballada soldat</i>. [Place Unidentified]: Freedom Letters, 2023.	https://tamizdatproject.org/media/publication_images/ballada-soldat_jZIIfSz.jpeg	Russian	Oleg Ladyzhensky						Freedom Letters	
55baf936-90c0-4f9b-bd73-a4f4531d7827		https://tamizdatproject.org/publications/bjaskoncy-dzen/	bjaskoncy-dzen	Бясконцы дзень		Bjaskoncy dzen'		2023	Ząbki	Indiana University | University of Chicago Library | Stanford University | LIBRIS | National Library of Poland, Biblioteka Narodowa | Bayerische Staatsbibliothek	Valeryi Gapeev. <i>Bjaskoncy dzen'</i>. Ząbki: Yanushkevich Publishing, 2023.	https://tamizdatproject.org/media/publication_images/Screenshot_2025-11-15_at_23.44.45.png	Belarusian	Valeryi Gapeev						Yanushkevich Publishing	
8e44d5b9-a716-4b0a-8513-2199de312d2d	1	https://tamizdatproject.org/publications/blistaiushchii-mir/	blistaiushchii-mir	Блистающий мир		Blistaiushchii mir		2023	Zurbagan [Place of publication listed on title page is fictitious. Actual place of publication is unknown]	New York University | Princeton University Library | University of Pennsylvania Libraries | Cleveland Public Library | Multnomah County Library | San Francisco Public Library | Zentralbibliothek Zürich | New York Public Library | Columbia University in the City of New York | Library of Congress | University of Glasgow | Universitätsbibliothek Würzburg | Humboldt-Universität zu Berlin, Universitätsbibliothek, Jacob-und-Wilhelm-Grimm-Zentrum	Aleksandr Grin. <i>Blistaiushchii mir</i>. Zurbagan: Freedom Letters, 2023.	https://tamizdatproject.org/media/publication_images/blistaiushchii-mir_FVakiuA.jpeg	Russian	Aleksandr Grin						Freedom Letters	
903dd6e9-ae99-4f6a-bb15-c54fd9d38615	1	https://tamizdatproject.org/publications/bog-est/	bog-est	Бог есть +/-		Bog est' +/-		2023	Kharkiv [Place of publication listed on title page is fictitious. Actual place of publication is unknown]	New York University | New York Public Library | Columbia University in the City of New York | Princeton University Library | Yale University Library | University of Pennsylvania Libraries | Boston College | Library of Congress | Toronto Public Library | Cleveland Public Library | University of North Carolina at Chapel Hill. University Libraries | Ohio State University Libraries | King County Library System | University of California, Los Angeles | San Francisco Public Library | Universitätsbibliothek Würzburg | Humboldt-Universität zu Berlin, Universitätsbibliothek, Jacob-und-Wilhelm-Grimm-Zentrum | Bayerische Staatsbibliothek | Württembergische Landesbibliothek | Zentralbibliothek Zürich	Andrei Krasniashchikh. <i>Bog est' +/-</i>. Kharkiv: Freedom Letters, 2023.	https://tamizdatproject.org/media/publication_images/bog-est_5kNEhfD.jpeg	Russian	Andrei Krasniashchikh						Freedom Letters	
74f429bc-650b-458e-87cc-fa5b44182dc5	1	https://tamizdatproject.org/publications/bolshinstvo/	bolshinstvo	Боль/шинство		Bol'/shinstvo		2023	[Place Unidentified]	New York University | New York Public Library | Brooklyn Public Library | The Ferguson Library | Princeton University Library | University of Pennsylvania Libraries | University at Albany | Minuteman Library Network | Library of Congress | Cleveland Public Library | University of North Carolina at Chapel Hill. University Libraries | Vanderbilt University Library | University of Wisconsin - Madison General Library System | University of Kansas | Mid-Columbia Libraries | Multnomah County Library | University of California, Los Angeles | Yolo County Library | San Francisco Public Library | San Mateo County Library | Université Bordeaux Montaigne | Universitäts- und Stadtbibliothek Köln, Hauptabteilung | Humboldt-Universität zu Berlin, Universitätsbibliothek, Jacob-und-Wilhelm-Grimm-Zentrum | Universitätsbibliothek Regensburg | Bayerische Staatsbibliothek	Dmitry Bykov. <i>Bol'/shinstvo</i>. [Place Unidentified]: Freedom Letters, 2023.	https://tamizdatproject.org/media/publication_images/bolshinstvo_PZ4VT4C.jpeg	Russian	Dmitry Bykov						Freedom Letters	
55de3447-3a92-4d71-857d-b99750b7806d	1	https://tamizdatproject.org/publications/brodsky-osiia-iosif-joseph/	brodsky-osiia-iosif-joseph	Бродский: Ося, Иосиф, Joseph		Brodsky: Osiia, Iosif, Joseph		2023	New York [Place of publication listed on title page is fictitious. Actual place of publication is unknown]	New York University | New York Public Library | Brooklyn Public Library | The Ferguson Library | Princeton University Library | University of Pennsylvania Libraries | Cleveland Public Library | Multnomah County Library | Los Angeles Public Library | San Francisco Public Library | Library of Congress | University of Kansas | University of California, Los Angeles | University of Glasgow	Ludmila Shtern. <i>Brodsky: Osiia, Iosif, Joseph</i>. New York: Freedom Letters, 2023.	https://tamizdatproject.org/media/publication_images/brodsky-osiia-iosif-joseph_A3GLv9q.jpeg	Russian	Ludmila Shtern						Freedom Letters	
46207c62-e24b-4b54-9685-93a9b3f7e0d4		https://tamizdatproject.org/publications/cas-pustazellia/	cas-pustazellia	Час пустазелля		Čas pustazellia		2023	Ząbki	Yale University Library | Harvard University | University of Michigan | Indiana University | University of Chicago Library | UC Berkeley Libraries | Bayerische Staatsbibliothek | National Library of Poland, Biblioteka Narodowa | LIBRIS | Universität Potsdam, Universitätsbibliothek | Universitätsbibliothek Leipzig | Staatsbibliothek zu Berlin - Preußischer Kulturbesitz, Haus Potsdamer Straße | BNUS - Bibliotheque Nationale Universitaire de Strasbourg	Hanna Jankuta. <i>Čas pustazellia</i>. Ząbki: Yanushkevich Publishing, 2023.	https://tamizdatproject.org/media/publication_images/Screenshot_2025-11-15_at_21.43.12.png	Belarusian	Hanna Jankuta						Yanushkevich Publishing	
27976a97-86d2-41e1-af7e-10fe09ff248d	1	https://tamizdatproject.org/publications/chertan-i-barrikad-zapiski-russkikh-podzemtsev/	chertan-i-barrikad-zapiski-russkikh-podzemtsev	Чертан и Баррикад: Записки русских подземцев		Chertan i Barrikad: Zapiski russkikh podzemtsev		2023	Beskompromissk [Place of publication listed on title page is fictitious. Actual place of publication is unknown]	New York University | New York Public Library | Columbia University in the City of New York | Princeton University Library | University of Pennsylvania Libraries | Library of Congress | Carnegie Library of Pittsburgh | Cleveland Public Library | University of North Carolina at Chapel Hill. University Libraries | Vanderbilt University Library | University of Arizona Libraries | Multnomah County Library | University of California, Los Angeles | San Francisco Public Library | Staatsbibliothek zu Berlin - Preußischer Kulturbesitz, Haus Potsdamer Straße | University of Glasgow	Sergei Mostovshchikov, Aleksei Yablokov. <i>Chertan i Barrikad: Zapiski russkikh podzemtsev</i>. Beskompromissk: Freedom Letters, 2023.	https://tamizdatproject.org/media/publication_images/chertan-i-barrikad-zapiski-russkikh-podzemtsev_0KV8WYn.jpeg	Russian	Sergei Mostovshchikov | Aleksei Yablokov						Freedom Letters	
46650dc9-94ff-4672-a84f-4fa01689091c		https://tamizdatproject.org/publications/chut-svet/	chut-svet	Чуть свет		Chut' svet		2023	Neukirchen-Vluyn	New York University | Columbia University in the City of New York | Princeton University Library | Yale University Library | University of Pennsylvania Libraries | Library of Congress | Vanderbilt University Library | University of California, Los Angeles | Deutsche Nationalbibliothek Frankfurt am Main | Zentralbibliothek Zürich | Deutsche Nationalbibliothek Leipzig | Staatsbibliothek zu Berlin - Preußischer Kulturbesitz, Haus Potsdamer Straße	Feliks Maksimov. <i>Chut' svet</i>. Neukirchen-Vluyn: Fresh Verlag, 2023.	https://tamizdatproject.org/media/publication_images/chut-svet.jpg	Russian	Feliks Maksimov						Fresh Verlag	
4c1c4ea2-f8ad-47e7-95d7-e8b8fb66903c	1	https://tamizdatproject.org/publications/chuzhaia-sperma-akhtyrskii-dnevnik/	chuzhaia-sperma-akhtyrskii-dnevnik	Чужая сперма: Ахтырский дневник		Chuzhaia sperma: Akhtyrskii dnevnik		2023	Sumy [Place of publication listed on title page is fictitious. Actual place of publication is unknown]	New York University | New York Public Library | Columbia University in the City of New York | Princeton University Library | University of Pennsylvania Libraries | Library of Congress | Carnegie Library of Pittsburgh | University of Toronto Group | Cleveland Public Library | University of North Carolina at Chapel Hill. University Libraries | University of California, Los Angeles | San Francisco Public Library | University of Glasgow | Staatsbibliothek zu Berlin - Preußischer Kulturbesitz, Haus Potsdamer Straße | Bayerische Staatsbibliothek	Anatoly Streliany. <i>Chuzhaia sperma: Akhtyrskii dnevnik</i>. Sumy: Freedom Letters, 2023.	https://tamizdatproject.org/media/publication_images/chuzhaia-sperma-akhtyrskii-dnevnik_7lArszd.jpeg	Russian	Anatoly Streliany						Freedom Letters	
c88492dd-9128-4996-9f12-28db16a1cc04		https://tamizdatproject.org/publications/das-bienenhaus/	das-bienenhaus	Das Bienenhaus		Das Bienenhaus		2023	Berlin	Deutsche Nationalbibliothek Frankfurt am Main | Universitätsbibliothek Basel | Universitätsbibliothek Bamberg | Deutsche Nationalbibliothek Leipzig | Staatsbibliothek zu Berlin - Preußischer Kulturbesitz, Haus Potsdamer Straße | Humboldt-Universität zu Berlin, Universitätsbibliothek, Jacob-und-Wilhelm-Grimm-Zentrum | Universitätsbibliothek Bern | Zentralbibliothek Zürich	Dmitry Strotsev. <i>Das Bienenhaus</i>. Translated by Andreas Weihe, Felix Ackermann. Berlin: hochroth Minsk, 2023.	https://tamizdatproject.org/media/publication_images/ulej-frontispiz-web_9BRIFe9.jpeg	German	Dmitry Strotsev				Andreas Weihe | Felix Ackermann		hochroth Minsk	
a2d75282-6a1f-4117-bb5f-e769b0eb268b	1	https://tamizdatproject.org/publications/deti-rakhili/	deti-rakhili	Дети Рахили		Deti Rakhili		2023	New York [Place of publication listed on title page is fictitious. Actual place of publication is unknown]	New York University | New York Public Library | Columbia University in the City of New York | Princeton University Library | University of Pennsylvania Libraries | Library of Congress | Cleveland Public Library | University of North Carolina at Chapel Hill. University Libraries | University of Illinois at Urbana Champaign | University of Iowa Libraries | Multnomah County Library | University of California, Los Angeles | San Francisco Public Library | University of Glasgow	Irina Evsa. <i>Deti Rakhili</i>. New York: Freedom Letters, 2023.	https://tamizdatproject.org/media/publication_images/deti-rakhili_hEVtyyf.jpeg	Russian	Irina Evsa						Freedom Letters	
5c2bfc0d-ef62-43a5-bb28-546577e2ab1c	2	https://tamizdatproject.org/publications/diktatory-obmana-novoe-litso-tiranii-v-xxi-veke/	diktatory-obmana-novoe-litso-tiranii-v-xxi-veke	Диктаторы обмана. Новое лицо тирании в XXI веке		Diktatory obmana. Novoe litso tiranii v XXI veke		2023	[Place Unidentified]	New York University | Queens Public Library | Princeton University Library | University of Pennsylvania Libraries | Minuteman Library Network | Cleveland Public Library | Milwaukee Public Library | LA COUNTY LIBRARY | Palo Alto City Library | LIBRIS	Sergei Guriev, Daniel Treisman. <i>Diktatory obmana. Novoe litso tiranii v XXI veke</i>. [Place Unidentified]: Fond Borisa Nemtsova, 2023.	https://tamizdatproject.org/media/publication_images/diktatory-obmana-novoe-litso-tiranii-v-xxi-veke.png	Russian	Sergei Guriev | Daniel Treisman						Fond Borisa Nemtsova	
9321e322-98f5-4958-b557-77d40faf8e6a	1	https://tamizdatproject.org/publications/dimitrii/	dimitrii	Димитрий		Dimitrii		2023	Baden-Baden [Place of publication listed on title page is fictitious. Actual place of publication is unknown]	New York University | New York Public Library | Brooklyn Public Library | Columbia University in the City of New York | Princeton University Library | University of Pennsylvania Libraries | Library of Congress | Carnegie Library of Pittsburgh | Cleveland Public Library | University of North Carolina at Chapel Hill. University Libraries | Emory University | University of Wisconsin - Madison General Library System | Anoka County Library | CW2 Christopher G. Nason Military Intelligence Library | King County Library System | Multnomah County Library | University of California, Los Angeles | Placer County Library | San Francisco Public Library | BNUS - Bibliotheque Nationale Universitaire de Strasbourg | Humboldt-Universität zu Berlin, Universitätsbibliothek, Jacob-und-Wilhelm-Grimm-Zentrum | Bayerische Staatsbibliothek | Monash University Library | University of Glasgow	Aleksei Makushinsky. <i>Dimitrii</i>. Baden-Baden: Freedom Letters, 2023.	https://tamizdatproject.org/media/publication_images/dimitrii_2Kbzd2p.jpeg	Russian	Aleksei Makushinsky						Freedom Letters	
828dfc9b-d9d7-4770-affe-be09b4640d85		https://tamizdatproject.org/publications/divas-otrasdve-vtorykh/	divas-otrasdve-vtorykh	Divas otrās/Две вторых		Divas otrās/Dve vtorykh		2023	Riga	Princeton University Library | University of Pennsylvania Libraries | Amherst College Library | Dartmouth Library | University of Washington Libraries | Universität Konstanz, Kommunikations-, Informations-, Medienzentrum (KIM)	Semyon Khanin. <i>Divas otrās/Dve vtorykh</i>. Riga: Orbita, 2023.	https://tamizdatproject.org/media/publication_images/divas_otras.png	Latvian | Russian	Semyon Khanin						Orbita	
868a669a-9ed3-46b3-90d0-b550d7d81a5c		https://tamizdatproject.org/publications/dlinnaia-ten-sssr/	dlinnaia-ten-sssr	Длинная тень СССР		Dlinnaia ten' SSSR		2023	Riga	None	Vladimir Ryzhkov. <i>Dlinnaia ten' SSSR</i>. Riga: Shkola grazhdanskogo prosveshcheniia, 2023.	https://tamizdatproject.org/media/publication_images/dlinnaia-ten-sssr.jpg	Russian	Vladimir Ryzhkov						Shkola grazhdanskogo prosveshcheniia	
6dbe97f9-0a44-4032-94d5-a8b4f15ea887	1	https://tamizdatproject.org/publications/dveri-v-zimu/	dveri-v-zimu	Дверi в зиму		Dveri v zimu		2023	[Place Unidentified]	New York University | The Ferguson Library | Princeton University Library | University of Pennsylvania Libraries | Cleveland Public Library | University of North Carolina at Chapel Hill. University Libraries | CW2 Christopher G. Nason Military Intelligence Library | San Diego County Library | University of British Columbia Library | Yolo County Library | San Francisco Public Library | Zentralbibliothek Zürich | Staatsbibliothek zu Berlin - Preußischer Kulturbesitz, Haus Potsdamer Straße | Humboldt-Universität zu Berlin, Universitätsbibliothek, Jacob-und-Wilhelm-Grimm-Zentrum | Universitätsbibliothek Regensburg | Bayerische Staatsbibliothek	Henry Lion Oldie. <i>Dveri v zimu</i>. Translated by Henry Lion Oldie. [Place Unidentified]: Freedom Letters, 2023.	https://tamizdatproject.org/media/publication_images/dveri-v-zimu_4mIhgTx.jpeg	Ukrainian	Henry Lion Oldie				Henry Lion Oldie		Freedom Letters	
f9a8dd90-a8dd-48d5-ad04-06f4418dc122	1	https://tamizdatproject.org/publications/dver-v-zimu/	dver-v-zimu	Дверь в зиму		Dver' v zimu		2023	[Place Unidentified]	New York University | Princeton University Library | Yale University Library | University of Pennsylvania Libraries | Cleveland Public Library | University of North Carolina at Chapel Hill. University Libraries | University of Illinois at Urbana Champaign | University of Wisconsin - Madison General Library System | University of Iowa Libraries | University of Kansas | King County Library System | Multnomah County Library | San Francisco Public Library | The British Library, St. Pancras | University of Glasgow | Staatsbibliothek zu Berlin - Preußischer Kulturbesitz, Haus Potsdamer Straße | Humboldt-Universität zu Berlin, Universitätsbibliothek, Jacob-und-Wilhelm-Grimm-Zentrum | Bayerische Staatsbibliothek	Henry Lion Oldie. <i>Dver' v zimu</i>. [Place Unidentified]: Freedom Letters, 2023.	https://tamizdatproject.org/media/publication_images/dver-v-zimu_eID4zd9.jpeg	Russian	Henry Lion Oldie						Freedom Letters	
05a95cd5-5069-4d4d-82fc-859a4ded7e6a		https://tamizdatproject.org/publications/dziunaja-misija/	dziunaja-misija	Дзіўная місія		Dziunaja misija		2023	Ząbki	Harvard University | University of Toronto Library at Downsview | University of Michigan | University of Chicago Library | UC Berkeley Libraries | LIBRIS | National Library of Poland, Biblioteka Narodowa | Staatsbibliothek zu Berlin - Preußischer Kulturbesitz, Haus Potsdamer Straße | Bayerische Staatsbibliothek	Siarhiej Pliaskač. <i>Dziunaja misija</i>. Ząbki: Yanushkevich Publishing, 2023.	https://tamizdatproject.org/media/publication_images/Screenshot_2025-11-15_at_23.42.32.png	Belarusian	Siarhiej Pliaskač						Yanushkevich Publishing	
dca83c72-d5fe-42cc-9252-c344479036e9		https://tamizdatproject.org/publications/eto-my-bezhentsy/	eto-my-bezhentsy	Это мы, беженцы		Eto my, bezhentsy		2023	Riga	Princeton University Library | University of Pennsylvania Libraries | Boston College | Harvard University | Library of Congress | University of Pittsburgh | University of North Carolina at Chapel Hill. University Libraries | University of Michigan | Michigan State University Libraries | University of Illinois at Urbana Champaign | Stanford University | Universitätsbibliothek Bern | Monash University Library	Valery Paniushkin. <i>Eto my, bezhentsy</i>. Riga: Svobodnyi Universitet, 2023.	https://tamizdatproject.org/media/publication_images/eto-my-bezhentsy.jpg	Russian	Valery Paniushkin						Svobodnyi Universitet	
6bfd76c7-27eb-499d-92be-239defe605b0		https://tamizdatproject.org/publications/frau-i-golemy/	frau-i-golemy	Фрау и големы		Frau i golemy		2023	Neukirchen-Vluyn	New York University | New York Public Library | Princeton University Library | University of Pennsylvania Libraries | Harvard University | Library of Congress | Deutsche Nationalbibliothek Frankfurt am Main | Deutsche Nationalbibliothek Leipzig | Staatsbibliothek zu Berlin - Preußischer Kulturbesitz, Haus Potsdamer Straße	Yuri Smirnov. <i>Frau i golemy</i>. Neukirchen-Vluyn: Fresh Verlag, 2023.	https://tamizdatproject.org/media/publication_images/frau-i-golemy.jpg	Russian	Yuri Smirnov						Fresh Verlag	
d2accacc-9037-4714-a508-2104f798de01		https://tamizdatproject.org/publications/glassless-window-frame/	glassless-window-frame	Шыба без шкла		Glassless window-frame		2023	Berlin	Princeton University Library | Harvard University | Library of Congress | Indiana University | Universitätsbibliothek Bern | LIBRIS	Kasia Ioffe. <i>Glassless window-frame</i>. Berlin: hochroth Minsk, 2023.	https://tamizdatproject.org/media/publication_images/Kasia-Iofie-5.jpeg	Belarusian | Polish | Russian	Kasia Ioffe						hochroth Minsk	
be5b277d-087c-4c2a-b46c-ce5d451e9da8		https://tamizdatproject.org/publications/i-am-the-forbidden-flag-myself/	i-am-the-forbidden-flag-myself	Я і ёсць забаронены сцяг		I am the forbidden flag myself		2023	Berlin	Princeton University Library | Harvard University | Library of Congress | Indiana University | Universitätsbibliothek Bern | LIBRIS	Artur Kamaroŭski. <i>I am the forbidden flag myself</i>. Berlin: hochroth Minsk, 2023.	https://tamizdatproject.org/media/publication_images/Kamarouski.jpeg	Belarusian	Artur Kamaroŭski						hochroth Minsk	
ac468cc9-6891-4968-a531-7fae47c338dc	1	https://tamizdatproject.org/publications/ia-zhelaiu-pepla-svoemu-domu/	ia-zhelaiu-pepla-svoemu-domu	Я желаю пепла своему дому		Ia zhelaiu pepla svoemu domu		2023	Tel Aviv	New York University | Princeton University Library | Yale University Library | University of Pennsylvania Libraries | Williams College | Cornell University Library | Harvard University | Library of Congress | Anoka County Library | Fort Vancouver Regional Library District | LA COUNTY LIBRARY | University of Cambridge | Staats- und Universitätsbibliothek Hamburg Carl von Ossietzky | Universitätsbibliothek Bern | LIBRIS | Freie Universität Berlin, Universitätsbibliothek, Zentralbibliothek | Humboldt-Universität zu Berlin, Universitätsbibliothek, Jacob-und-Wilhelm-Grimm-Zentrum | Universitätsbibliothek der LMU München | Bayerische Staatsbibliothek | Monash University Library | Université Bordeaux Montaigne	Daria Serenko. <i>Ia zhelaiu pepla svoemu domu</i>. Tel Aviv: Babel Books Tel Aviv, 2023.	https://tamizdatproject.org/media/publication_images/ia-zhelaiu-pepla-svoemu-domu_S6gyK1Q.jpg	Russian	Daria Serenko						Babel Books Tel Aviv	
92d235e8-c01e-4964-bcda-677acbf326b0		https://tamizdatproject.org/publications/i-continue/	i-continue	Я працягваю		I continue		2023	Berlin	Princeton University Library | Harvard University | Library of Congress | Indiana University | Universitätsbibliothek Bern | LIBRIS	Nastya Kudasava. <i>I continue</i>. Berlin: hochroth Minsk, 2023.	https://tamizdatproject.org/media/publication_images/Kudasava_illustration2-1.jpeg	Belarusian	Nastya Kudasava						hochroth Minsk	
491b2f7b-5c58-4965-9cc5-b2dac97246d4	1	https://tamizdatproject.org/publications/intriga-est/	intriga-est	Интрига есть		Intriga est'		2023	Tel Aviv	New York University | Princeton University Library | Bayerische Staatsbibliothek	Dmitry Vedeniapin. <i>Intriga est'</i>. Tel Aviv: Babel Books Tel Aviv, 2023.	https://tamizdatproject.org/media/publication_images/Vedeniapin_Intriga_est.jpg	Russian	Dmitry Vedeniapin						Babel Books Tel Aviv	
d8a078f7-d51d-4a69-8015-d6593ca3f8b5		https://tamizdatproject.org/publications/ja-prydu-za-taboj-u-auhuscie/	ja-prydu-za-taboj-u-auhuscie	Я прыду за табой у аўгусце		Ja prydu za taboj u auhuscie		2023	Ząbki	Harvard University | University of Toronto Library at Downsview | University of Michigan | University of Chicago Library | UC Berkeley Libraries | National Library of Poland, Biblioteka Narodowa | LIBRIS	Kamila Cien. <i>Ja prydu za taboj u auhuscie</i>. Ząbki: Yanushkevich Publishing, 2023.	https://tamizdatproject.org/media/publication_images/Screenshot_2025-11-15_at_23.39.16.png	Belarusian	Kamila Cien						Yanushkevich Publishing	
10d94f46-b639-417d-a474-ce58f386393c	1	https://tamizdatproject.org/publications/khadzhi-murat/	khadzhi-murat	Хаджи-Мурат		Khadzhi-Murat		2023	Yasnaya Polyana [Place of publication listed on title page is fictitious. Actual place of publication is unknown]	New York Public Library | Columbia University in the City of New York | Princeton University Library | Library of Congress | University of Glasgow | San Francisco Public Library | Staatsbibliothek zu Berlin - Preußischer Kulturbesitz, Haus Potsdamer Straße | New York University | University of Pennsylvania Libraries	Lev Tolstoi. <i>Khadzhi-Murat</i>. Yasnaya Polyana: Freedom Letters, 2023.	https://tamizdatproject.org/media/publication_images/khadzhi-murat_ytmvevh.jpeg	Russian	Lev Tolstoi						Freedom Letters	
4e0ff0b3-b00a-454a-897d-0b683f49bee3	1	https://tamizdatproject.org/publications/liniia-soprikosnoveniia-1/	liniia-soprikosnoveniia-1	Линия сопрокосновения		Liniia soprikosnoveniia		2023	Tel Aviv	New York University | BCCLS | Princeton University Library | University of Pennsylvania Libraries | Harvard University | Library of Congress | UC Berkeley Libraries | Monash University Library | Bayerische Staatsbibliothek	Konstantin Rubakhin. <i>Liniia soprikosnoveniia</i>. Tel Aviv: Babel Books Tel Aviv, 2023.	https://tamizdatproject.org/media/publication_images/Rubakhin_Liniia.webp	Russian	Konstantin Rubakhin						Babel Books Tel Aviv	
70180c28-8169-43b2-8586-e1a9bf66da46	1	https://tamizdatproject.org/publications/liniia-soprikosnoveniia/	liniia-soprikosnoveniia	Линия соприкосновения		Liniia soprikosnoveniia		2023	New York [Place of publication listed on title page is fictitious. Actual place of publication is unknown]	New York University | New York Public Library | Brooklyn Public Library | Columbia University in the City of New York | Princeton University Library | Yale University Library | University of Pennsylvania Libraries | Library of Congress | Cleveland Public Library | University of North Carolina at Chapel Hill. University Libraries | Multnomah County Library | Los Angeles Public Library | University of California, Los Angeles | San Francisco Public Library | University of Glasgow | The British Library, St. Pancras | Universitätsbibliothek Bern | Universitätsbibliothek Würzburg | Bayerische Staatsbibliothek | Monash University Library | Staats- und Universitätsbibliothek Hamburg Carl von Ossietzky | LIBRIS	Vera Pavlova. <i>Liniia soprikosnoveniia</i>. New York: Freedom Letters, 2023.	https://tamizdatproject.org/media/publication_images/liniia-soprikosnoveniia_HykFLML.jpeg	Russian	Vera Pavlova						Freedom Letters	
8c517d5d-03dd-4ec2-934e-ede2af8d626a	1	https://tamizdatproject.org/publications/liubov/	liubov	Любовь		Liubov'		2023	[Place Unidentified]	New York University | New York Public Library | Princeton University Library | University of Pennsylvania Libraries | Library of Congress | Cleveland Public Library | University of North Carolina at Chapel Hill. University Libraries | Vanderbilt University Library | University of Kansas | Multnomah County Library | Fort Vancouver Regional Library District | University of California, Los Angeles | San Francisco Public Library | The British Library, St. Pancras | Bayerische Staatsbibliothek | Universität Konstanz, Kommunikations-, Informations-, Medienzentrum (KIM)	Ivan Chekalov. <i>Liubov'</i>. [Place Unidentified]: Freedom Letters, 2023.	https://tamizdatproject.org/media/publication_images/liubov_7OyIUrS.jpeg	Russian	Ivan Chekalov						Freedom Letters	
3338bccb-5dc3-453b-98cd-dd869040b928		https://tamizdatproject.org/publications/make-free-or-run/	make-free-or-run	Вызвалі або бяжы		Make free or run		2023	Berlin	Princeton University Library | Yale University Library | Harvard University | Indiana University | Universitätsbibliothek Bern | LIBRIS | Universität Potsdam, Universitätsbibliothek	Hanna Komar. <i>Make free or run</i>. Berlin: hochroth Minsk, 2023.	https://tamizdatproject.org/media/publication_images/Komar.jpeg	Belarusian	Hanna Komar						hochroth Minsk	
df4ad3d6-f870-445a-bd29-d5f75e488223	1	https://tamizdatproject.org/publications/mertvoe-vremia-voennye-pokhorony-v-rossii-i-v-ukraine/	mertvoe-vremia-voennye-pokhorony-v-rossii-i-v-ukraine	Мёртвое время. Военные похороны в России и в Украине		Mertvoe vremia. Voennye pokhorony v Rossii i v Ukraine		2023	Sverdlovsk [Place of publication listed on title page is fictitious. Actual place of publication is unknown]	New York University | New York Public Library | Columbia University in the City of New York | Princeton University Library | University of Pennsylvania Libraries | Library of Congress | Carnegie Library of Pittsburgh | University of Toronto Library at Downsview | Cleveland Public Library | University of North Carolina at Chapel Hill. University Libraries | Emory University | University of Iowa Libraries | Multnomah County Library | University of California, Los Angeles | San Francisco Public Library | Universitätsbibliothek Bern | Universitätsbibliothek Würzburg | Humboldt-Universität zu Berlin, Universitätsbibliothek, Jacob-und-Wilhelm-Grimm-Zentrum | Bayerische Staatsbibliothek | University of Glasgow	Svetlana Eremeeva. <i>Mertvoe vremia. Voennye pokhorony v Rossii i v Ukraine</i>. Sverdlovsk: Freedom Letters, 2023.	https://tamizdatproject.org/media/publication_images/mertvoe-vremia-voennye-pokhorony-v-rossii-i-v-ukra_OeO0Xq6.jpeg	Russian	Svetlana Eremeeva						Freedom Letters	
05d2b5c7-a951-43ff-920e-2eef3733af08		https://tamizdatproject.org/publications/mesapatamia/	mesapatamia	Месапатамія		Mesapatamia		2023	Ząbki	Bayerische Staatsbibliothek | National Library of Poland, Biblioteka Narodowa | LIBRIS	Serhiy Zhadan. <i>Mesapatamia</i>. Translated by Vital' Latysh, Andrej Chadanovič. Ząbki: Yanushkevich Publishing, 2023.	https://tamizdatproject.org/media/publication_images/Screenshot_2025-11-15_at_23.25.43.png	Belarusian	Serhiy Zhadan				Vital' Latysh | Andrej Chadanovič		Yanushkevich Publishing	
f566a7e7-d1b0-48c7-bd69-544951da19f2		https://tamizdatproject.org/publications/miane-nema-rozdumy-na-ruinakh-chalaveka/	miane-nema-rozdumy-na-ruinakh-chalaveka	Мяне няма: роздумы на руінах чалавека		Miane nema: rozdumy na ruinakh chalaveka		2023	Warsaw	Yale University Library | Harvard University | Library of Congress | Indiana University | National Library of Poland, Biblioteka Narodowa	Valiantsin Akudovich. <i>Miane nema: rozdumy na ruinakh chalaveka</i>. Warsaw: Miane Niama, 2023.	https://tamizdatproject.org/media/publication_images/Screen_Shot_2025-12-09_at_12.14.53_PM.png	Belarusian	Valiantsin Akudovich						Miane Niama	
8ed1a7a7-d1bf-4400-9e55-611584eb4d34		https://tamizdatproject.org/publications/miod-i-dym/	miod-i-dym	Мёд і дым		Miod i dym		2023	Vilnius	Library of Congress | Harvard University | University of Michigan | Staatsbibliothek zu Berlin - Preußischer Kulturbesitz, Haus Potsdamer Straße | LIBRIS	Marija Badzej. <i>Miod i dym</i>. Vilnius: Pflaŭmbaŭm, 2023.	https://tamizdatproject.org/media/publication_images/miod_i_dym.png	Belarusian	Marija Badzej						Pflaŭmbaŭm	
b74746c9-19e0-4f00-bb48-7bd83ac5017c	1	https://tamizdatproject.org/publications/moia-liubimaia-strana/	moia-liubimaia-strana	Моя любимая страна		Moia liubimaia strana		2023	Riga	New York University | New York Public Library | Brooklyn Public Library | Princeton University Library | University of Pennsylvania Libraries | Harvard University | Library of Congress | University of Pittsburgh | University of Toronto Group | Cleveland Public Library | University of North Carolina at Chapel Hill. University Libraries | University of Michigan | Indiana University | Skokie Public Library | University of Illinois at Urbana Champaign | University of Wisconsin - Madison General Library System | Los Alamos County Library System | Las Vegas-Clark County Library District | Tacoma Public Library | San Diego State University Library | University of British Columbia Library | Yolo County Library | UC Berkeley Libraries | University of Cambridge | Universitäts- und Stadtbibliothek Köln, Hauptabteilung | Staats- und Universitätsbibliothek Hamburg Carl von Ossietzky | Royal Danish Library - (DKB) | Verbundzentrale des Gemeinsamen Bibliotheksverbundes | Universitätsbibliothek Heidelberg | Universitätsbibliothek Bern | Zentralbibliothek Zürich | Universitätsbibliothek Regensburg | Bayerische Staatsbibliothek | Tamkang University Library (TKUL) | Auckland Libraries | Université Bordeaux Montaigne | Sorbonne Université | LIBRIS	Elena Kostyuchenko. <i>Moia liubimaia strana</i>. Riga: Meduza, 2023.	https://tamizdatproject.org/media/publication_images/Kostyuchenko_Moia_liubimaia_strana.png	Russian	Elena Kostyuchenko						Meduza	
db079c0a-a811-4d04-b215-eadff24b67d6	1	https://tamizdatproject.org/publications/molchanie-o-voine/	molchanie-o-voine	Молчание о войне		Molchanie o voine		2023	Petrograd [Place of publication listed on title page is fictitious. Actual place of publication is unknown]	New York University | New York Public Library | Columbia University in the City of New York | Princeton University Library | University of Pennsylvania Libraries | Library of Congress | Carnegie Library of Pittsburgh | University of Toronto Group | Cleveland Public Library | University of North Carolina at Chapel Hill. University Libraries | Emory University | University of Iowa Libraries | Multnomah County Library | Fort Vancouver Regional Library District | Los Angeles Public Library | University of California, Los Angeles | San Francisco Public Library | Universitätsbibliothek Bern | Universitätsbibliothek Würzburg | Zentralbibliothek Zürich | Humboldt-Universität zu Berlin, Universitätsbibliothek, Jacob-und-Wilhelm-Grimm-Zentrum | Bayerische Staatsbibliothek | University of Glasgow	<i>Molchanie o voine</i>. Edited by Tatiana Vengerskaia. Petrograd: Freedom Letters, 2023.	https://tamizdatproject.org/media/publication_images/molchanie-o-voine_HMnaUZQ.jpeg	Russian			Tatiana Vengerskaia				Freedom Letters	
146a9c15-304d-4ab5-b5d7-779bb2eed35e		https://tamizdatproject.org/publications/na-pryzbie-u-silichach/	na-pryzbie-u-silichach	На прызбе ў Сілічах		Na pryzbie ŭ Silichach		2023	Vilnius	Harvard University | University of Toronto Library at Downsview | Indiana University | Universitätsbibliothek Leipzig | Freie Universität Berlin, Universitätsbibliothek, Zentralbibliothek | LIBRIS	Maryja Vajciašonak. <i>Na pryzbie ŭ Silichach</i>. Vilnius: Pflaŭmbaŭm, 2023.	https://tamizdatproject.org/media/publication_images/na_prysbe.png	Belarusian	Maryja Vajciašonak						Pflaŭmbaŭm	
e298ceed-5e83-403e-bd08-e3b295ad220f		https://tamizdatproject.org/publications/nazad-v-sssr/	nazad-v-sssr	Назад в СССР	Сборник стихов	Nazad v SSSR	Sbornik stikhov	2023	Tel Aviv	New York University | Columbia University in the City of New York | Princeton University Library | University of Pennsylvania Libraries | Harvard University | Bayerische Staatsbibliothek	Sergei Kruglov. <i>Nazad v SSSR</i>. Tel Aviv: Babel Books Tel Aviv, 2023.	https://tamizdatproject.org/media/publication_images/Kruglov_Nazad_v_SSSR.webp	Russian	Sergei Kruglov						Babel Books Tel Aviv	
67e42bef-d80f-473c-9787-4f7554fa54ce	1	https://tamizdatproject.org/publications/ne-uboius-zla/	ne-uboius-zla	Не убоюсь зла		Ne uboius' zla		2023	Jerusalem [Place of publication listed on title page is fictitious. Actual place of publication is unknown]	New York University | Brooklyn Public Library | The Ferguson Library | Princeton University Library | University of Pennsylvania Libraries | Harvard University | Carnegie Library of Pittsburgh | University of Toronto Group | Cleveland Public Library | Skokie Public Library | Emory University | King County Library System | Multnomah County Library | Fort Vancouver Regional Library District | Los Angeles Public Library | Placer County Library | San Francisco Public Library | LIBRIS | Library of Congress | University of Arizona Libraries | University of California, Los Angeles | Universitätsbibliothek Bern | Staatsbibliothek zu Berlin - Preußischer Kulturbesitz, Haus Potsdamer Straße	Natan Shcharansky. <i>Ne uboius' zla</i>. Jerusalem: Freedom Letters, 2023.	https://tamizdatproject.org/media/publication_images/ne-uboius-zla_4iqzUBf.jpeg	Russian	Natan Shcharansky						Freedom Letters	
036e3d18-661e-4448-b023-aca79b381bfd	1	https://tamizdatproject.org/publications/novyi-brauning/	novyi-brauning	Новый Браунинг		Novyi Brauning		2023	Ithaca [Place of publication listed on title page is fictitious. Actual place of publication is unknown]	New York University | New York Public Library | Brooklyn Public Library | Columbia University in the City of New York | Princeton University Library | Yale University Library | University of Pennsylvania Libraries | University at Albany | Library of Congress | Carnegie Library of Pittsburgh | University of Toronto Group | Cleveland Public Library | University of North Carolina at Chapel Hill. University Libraries | Vanderbilt University Library | University of Iowa Libraries | University of Arizona Libraries | Multnomah County Library | University of California, Los Angeles | Yolo County Library | Mountain View Public Library | San Francisco Public Library | San Mateo County Library | University of Glasgow	Dmitry Bykov. <i>Novyi Brauning</i>. Ithaca: Freedom Letters, 2023.	https://tamizdatproject.org/media/publication_images/novyi-brauning_jKEvRZW.jpeg	Russian	Dmitry Bykov						Freedom Letters	
0e55668b-6acb-43b3-a9e4-2700d339b8db		https://tamizdatproject.org/publications/on-the-shore-of-freedom/	on-the-shore-of-freedom	На беразе волі		On the shore of freedom		2023	Berlin	Princeton University Library | Harvard University | Library of Congress | Indiana University | LIBRIS	Andrej Chadanovič. <i>On the shore of freedom</i>. Berlin: hochroth Minsk, 2023.	https://tamizdatproject.org/media/publication_images/Andrej-Chadanovic-3-копия.jpeg	Belarusian	Andrej Chadanovič						hochroth Minsk	
12efb973-8297-46e8-ba8c-67566e9be317		https://tamizdatproject.org/publications/opyt-kommentariia-k-pikovoi-dame/	opyt-kommentariia-k-pikovoi-dame	Опыт комментария к «Пиковой даме»		Opyt kommentariia k "Pikovoi dame"		2023	Frankfurt am Main	New York University | Princeton University Library | University of Pennsylvania Libraries | University of North Carolina at Chapel Hill. University Libraries | Emory University | Reed College Library | UC Berkeley Libraries | Universitäts- und Stadtbibliothek Köln, Hauptabteilung | Deutsche Nationalbibliothek Frankfurt am Main | Verbundzentrale des Gemeinsamen Bibliotheksverbundes | Dezentrale Bibliotheken der Universität Heidelberg | Universitätsbibliothek Heidelberg | Universitätsbibliothek Freiburg | Deutsche Nationalbibliothek Leipzig | Staatsbibliothek zu Berlin - Preußischer Kulturbesitz, Haus Potsdamer Straße | Humboldt-Universität zu Berlin, Universitätsbibliothek, Jacob-und-Wilhelm-Grimm-Zentrum | Universitätsbibliothek der LMU München	Mikhail Bezrodnyi. <i>Opyt kommentariia k "Pikovoi dame"</i>. Frankfurt am Main: Esterum Publishing, 2023.	https://tamizdatproject.org/media/publication_images/opyt-kommentariia-k-pikovoi-dame_CNGp11p.jpg	Russian	Mikhail Bezrodnyi						Esterum Publishing	
49fe040f-0329-4bd7-b8e9-0acd4e9bcd45		https://tamizdatproject.org/publications/oshibka-efrona/	oshibka-efrona	Ошибка Эфрона		Oshibka Efrona		2023	Duisburg	New York University | New York Public Library | Brooklyn Public Library | Columbia University in the City of New York | BCCLS | Princeton University Library | Yale University Library | Harvard University | Library of Congress | University of Michigan | Vanderbilt University Library | University of California, Los Angeles | Bibliotheek Universiteit van Amsterdam | Deutsche Nationalbibliothek Frankfurt am Main | Zentralbibliothek Zürich | Deutsche Nationalbibliothek Leipzig | Staatsbibliothek zu Berlin - Preußischer Kulturbesitz, Haus Potsdamer Straße	Ksenia Kirillova. <i>Oshibka Efrona</i>. Duisburg: Fresh Verlag, 2023.	https://tamizdatproject.org/media/publication_images/oshibka-efrona.jpg	Russian	Ksenia Kirillova						Fresh Verlag	
ee46f745-a943-412f-88a9-36ffd005af3d	1	https://tamizdatproject.org/publications/ot-gulbishch-do-kapishch/	ot-gulbishch-do-kapishch	От гульбищ до капищ		Ot gulbishch do kapishch		2023	Amsterdam	New York Public Library | Columbia University in the City of New York | Princeton University Library | Yale University Library | University of Pennsylvania Libraries | Harvard University | Library of Congress | Vanderbilt University Library | University of California, Los Angeles	Yuli Gugolev. <i>Ot gulbishch do kapishch</i>. Amsterdam: 5th Wave, 2023.	https://tamizdatproject.org/media/publication_images/ot-gulbishch-do-kapishch_Evh6kEr.jpg	Russian	Yuli Gugolev						5th Wave	
24c8fc1d-2e43-48c2-83a2-28e760be70be	1	https://tamizdatproject.org/publications/ot-litsa-ognia/	ot-litsa-ognia	От лица огня		Ot litsa ognia		2023	Kyiv [Place of publication listed on title page is fictitious. Actual place of publication is unknown]	New York University | Princeton University Library | University of Pennsylvania Libraries | Cleveland Public Library | University of North Carolina at Chapel Hill. University Libraries | Multnomah County Library | San Francisco Public Library | Library of Congress | University of California, Los Angeles | University of Glasgow | Toronto Public Library | Staatsbibliothek zu Berlin - Preußischer Kulturbesitz, Haus Potsdamer Straße	Aleksei Nikitin. <i>Ot litsa ognia</i>. Kyiv: Freedom Letters, 2023.	https://tamizdatproject.org/media/publication_images/ot-litsa-ognia_jYDx0OR.jpeg	Russian	Aleksei Nikitin						Freedom Letters	
83fa8480-c67b-4442-bb03-f4d0bbaf075d	1	https://tamizdatproject.org/publications/otsy-i-deti/	otsy-i-deti	Отцы и дети		Otsy i deti		2023	Bougival [Place of publication listed on title page is fictitious. Actual place of publication is unknown]	New York University | Princeton University Library | University of Pennsylvania Libraries | San Francisco Public Library | Staatsbibliothek zu Berlin - Preußischer Kulturbesitz, Haus Potsdamer Straße	Ivan Turgenev. <i>Otsy i deti</i>. Bougival: Freedom Letters, 2023.	https://tamizdatproject.org/media/publication_images/otsy-i-deti_MrY9gmB.jpeg	Russian	Ivan Turgenev						Freedom Letters	
269971c7-7126-48d2-b63b-f3bed2eb089e		https://tamizdatproject.org/publications/peratrus-u-muzei-1/	peratrus-u-muzei-1	Ператрус у музэі		Peratrus u muzei		2023	[Place Unidentified]	Yale University Library | Harvard University | University of Michigan | University of Chicago Library | Stanford University | University of Cambridge | National Library of Poland, Biblioteka Narodowa | LIBRIS | BNUS - Bibliotheque Nationale Universitaire de Strasbourg | Zentralbibliothek Zürich | Universitätsbibliothek Leipzig | Staatsbibliothek zu Berlin - Preußischer Kulturbesitz, Haus Potsdamer Straße | Bayerische Staatsbibliothek	Algerd Bakharevich. <i>Peratrus u muzei</i>. [Place Unidentified]: Knihauka, 2023.	https://tamizdatproject.org/media/publication_images/Screen_Shot_2025-12-10_at_1.10.36_PM_vzQGOfZ.png	Belarusian	Algerd Bakharevich						Knihauka	
6188ed5f-2bfb-40b3-b2f6-408347a08d9d		https://tamizdatproject.org/publications/pered-litsom-katastrofy/	pered-litsom-katastrofy	Перед лицом катастрофы		Pered litsom katastrofy		2023	Berlin	Vanderbilt University Library | University of Wisconsin - Madison General Library System | Universität Marburg, Universitätsbibliothek | Zentralbibliothek Zürich | Università di Torino - Sistema Bibliotecario d'Ateneo | Koc University Library | Boğaziçi University Library | Bilkent University Library | Kırıkkale University | MardinArtuklu University | New York University | Columbia University in the City of New York | Princeton University Library | Yale University Library | University of Pennsylvania Libraries | Boston College | Harvard University | Library of Congress | University of Toronto Library at Downsview | University of Washington Libraries | UC Berkeley Libraries | Sciences Po Paris | Humathèque Condorcet | Royal Danish Library - (DKB) | BNUS - Bibliotheque Nationale Universitaire de Strasbourg | Monash University Library | Universitäts- und Stadtbibliothek Köln, Hauptabteilung | Staats- und Universitätsbibliothek Hamburg Carl von Ossietzky | Deutsche Nationalbibliothek Frankfurt am Main | Niedersächsische Staats- und Universitätsbibliothek Göttingen | Universitätsbibliothek Basel | Universitätsbibliothek Bern | Deutsche Nationalbibliothek Leipzig | Staatsbibliothek zu Berlin - Preußischer Kulturbesitz, Haus Potsdamer Straße | Humboldt-Universität zu Berlin, Universitätsbibliothek, Jacob-und-Wilhelm-Grimm-Zentrum | Universitätsbibliothek Regensburg | Universitätsbibliothek der LMU München | Bayerische Staatsbibliothek | Univerzitet umetnosti u Beogradu, Fakultet muzičke umetnosti | Helmut-Schmidt-Universität, Universität der Bundeswehr Hamburg, Universitätsbibliothek	<i>Pered litsom katastrofy</i>. Edited by Nikolai Plotnikov. Berlin: LIT Verlag, 2023.	https://tamizdatproject.org/media/publication_images/pered-litsom-katastrofy.png	Russian			Nikolai Plotnikov				LIT Verlag	
25a51651-4e3f-4371-98de-df50fa7f8e30	1	https://tamizdatproject.org/publications/piat-pies-o-svobode/	piat-pies-o-svobode	Пять пьес о свободе		Piat' pies o svobode		2023	[Place Unidentified]	New York University | New York Public Library | Princeton University Library | Yale University Library | University of Pennsylvania Libraries | Library of Congress | Cleveland Public Library | University of North Carolina at Chapel Hill. University Libraries | Vanderbilt University Library | University of Kansas | Multnomah County Library | University of California, Los Angeles | San Francisco Public Library | The British Library, St. Pancras | Humboldt-Universität zu Berlin, Universitätsbibliothek, Jacob-und-Wilhelm-Grimm-Zentrum | Universitätsbibliothek Regensburg | Bayerische Staatsbibliothek	Sergei Davydov. <i>Piat' pies o svobode</i>. [Place Unidentified]: Freedom Letters, 2023.	https://tamizdatproject.org/media/publication_images/piat-pies-o-svobode_8MkehQS.jpeg	Russian	Sergei Davydov						Freedom Letters	
f62185da-543c-4de2-a322-f69b02baa83e	1	https://tamizdatproject.org/publications/pravda-li/	pravda-li	Правда ли		Pravda li		2023	[Place Unidentified]	New York University | New York Public Library | Brooklyn Public Library | Princeton University Library | University of Pennsylvania Libraries | University of Toronto Library at Downsview | Cleveland Public Library | University of North Carolina at Chapel Hill. University Libraries | Multnomah County Library | San Francisco Public Library | Library of Congress | University of Kansas | University of Glasgow | Universitätsbibliothek Bern | LIBRIS | Zentralbibliothek Zürich | Bayerische Staatsbibliothek	<i>Pravda li</i>. Edited by Ilya Ber, Yulia Sergeeva. [Place Unidentified]: Freedom Letters, 2023.	https://tamizdatproject.org/media/publication_images/pravda-li_QfNDFas.jpeg	Russian			Ilya Ber; Yulia Sergeeva				Freedom Letters	
f77fdd59-1499-40e7-98f1-19379602d128	1	https://tamizdatproject.org/publications/pravilo-muravchika/	pravilo-muravchika	Правило муравчика		Pravilo muravchika		2023	Kotor [Place of publication listed on title page is fictitious. Actual place of publication is unknown]	New York University | New York Public Library | Columbia University in the City of New York | Princeton University Library | University of Pennsylvania Libraries | Library of Congress | Carnegie Library of Pittsburgh | University of North Carolina at Chapel Hill. University Libraries | Vanderbilt University Library | University of Arizona Libraries | University of California, Los Angeles | San Francisco Public Library | University of Glasgow | Staatsbibliothek zu Berlin - Preußischer Kulturbesitz, Haus Potsdamer Straße	Aleksandr Arkhangelsky. <i>Pravilo muravchika</i>. Kotor: Freedom Letters, 2023.	https://tamizdatproject.org/media/publication_images/pravilo-muravchika_daWvjuq.jpeg	Russian	Aleksandr Arkhangelsky						Freedom Letters	
ccd16081-a230-454b-b5dc-65aa213d2de3		https://tamizdatproject.org/publications/russkie-protiv-voiny-shest-sekund-v-priamom-efire/	russkie-protiv-voiny-shest-sekund-v-priamom-efire	Русские против войны. Шесть секунд в прямом эфире		Russkie protiv voiny. Shest' sekund v priamom efire		2023	Zug	New York University | New York Public Library | Princeton University Library | University of Pennsylvania Libraries | Harvard University | University of Michigan | Indiana University | San Mateo County Library | Zentralbibliothek Zürich | Universitätsbibliothek Regensburg | Bayerische Staatsbibliothek | Monash University Library	Marina Ovsiannikova. <i>Russkie protiv voiny. Shest' sekund v priamom efire</i>. Zug: Sandermoen Publishing, 2023.	https://tamizdatproject.org/media/publication_images/russkie-protiv-voiny-shest-sekund-v-priamom-efire.jpg	Russian	Marina Ovsiannikova						Sandermoen Publishing	
c860097e-e6d1-4714-8475-8f23588f101b		https://tamizdatproject.org/publications/salodkaja-darusia/	salodkaja-darusia	Салодкая Даруся		Salodkaja Darusia		2023	Vilnius	LIBRIS | Zentralbibliothek Zürich	Maria Matios. <i>Salodkaja Darusia</i>. Vilnius: Pflaŭmbaŭm, 2023.	https://tamizdatproject.org/media/publication_images/solodka.png	Belarusian	Maria Matios						Pflaŭmbaŭm	
20792ce5-0f1a-410e-bd96-118064a3b11c	1	https://tamizdatproject.org/publications/shtabnaia-suka/	shtabnaia-suka	Штабная сука		Shtabnaia suka		2023	Kyiv [Place of publication listed on title page is fictitious. Actual place of publication is unknown]	New York University | New York Public Library | Columbia University in the City of New York | Princeton University Library | Yale University Library | University of Pennsylvania Libraries | Library of Congress | Cleveland Public Library | University of North Carolina at Chapel Hill. University Libraries | Ohio State University Libraries | University of Wisconsin - Madison General Library System | University of California, Los Angeles | San Francisco Public Library | University of Glasgow	Valery Primost. <i>Shtabnaia suka</i>. Kyiv: Freedom Letters, 2023.	https://tamizdatproject.org/media/publication_images/shtabnaia-suka_Jzakt0g.jpeg	Russian	Valery Primost						Freedom Letters	
d03530e5-6ec3-4caf-a2df-a202ca699d59		https://tamizdatproject.org/publications/sliunkou-palitycnaja-bijahrafija/	sliunkou-palitycnaja-bijahrafija	Слюнькоў. Палітычная біяграфія		Sliunkou. Palitycnaja bijahrafija		2023	Ząbki	Harvard University | Library of Congress | National Library of Poland, Biblioteka Narodowa | LIBRIS	Dzianis Marcinovich. <i>Sliunkou. Palitycnaja bijahrafija</i>. Ząbki: Yanushkevich Publishing, 2023.	https://tamizdatproject.org/media/publication_images/Screenshot_2025-11-15_at_23.40.54.png	Belarusian	Dzianis Marcinovich						Yanushkevich Publishing	
cc095887-9eb7-4a1f-adae-f5b8fa2fb55c	1	https://tamizdatproject.org/publications/slovo-na-bukvu-v/	slovo-na-bukvu-v	Слово на букву “В”		Slovo na bukvu “V”		2023	Königsberg [Place of publication listed on title page is fictitious. Actual place of publication is unknown]	New York University | New York Public Library | Columbia University in the City of New York | Princeton University Library | Library of Congress | Carnegie Library of Pittsburgh | Cleveland Public Library | University of North Carolina at Chapel Hill. University Libraries | Buncombe County Public Libraries | Multnomah County Library | Fort Vancouver Regional Library District | Los Angeles Public Library | San Francisco Public Library | Universitätsbibliothek Würzburg | Bayerische Staatsbibliothek | University of Glasgow	<i>Slovo na bukvu “V”</i>. Edited by M. Mauzerinks. Königsberg: Freedom Letters, 2023.	https://tamizdatproject.org/media/publication_images/slovo-na-bukvu-v_lXahsTk.jpeg	Russian			M. Mauzerinks				Freedom Letters	
26cdb012-992a-48fa-aed9-d76dc1905803		https://tamizdatproject.org/publications/smirnov-pytaetsia-vspomnit/	smirnov-pytaetsia-vspomnit	Смирнов пытается вспомнить		Smirnov pytaetsia vspomnit’		2023	Tel Aviv	New York University | Princeton University Library | Yale University Library | University of Pennsylvania Libraries | University of North Carolina at Chapel Hill. University Libraries | Bayerische Staatsbibliothek	Aleksandr Delfinov. <i>Smirnov pytaetsia vspomnit’</i>. Tel Aviv: Babel Books Tel Aviv, 2023.	https://tamizdatproject.org/media/publication_images/smirnov-pytaetsia-vspomnit.jpeg	Russian	Aleksandr Delfinov						Babel Books Tel Aviv	
c8684419-8757-4220-a790-3643e9f89152		https://tamizdatproject.org/publications/sny/	sny	Сны		Sny		2023	Tel Aviv	Princeton University Library | University of Pennsylvania Libraries | Harvard University | University of Cambridge | BNUS - Bibliotheque Nationale Universitaire de Strasbourg | Freie Universität Berlin, Universitätsbibliothek, Zentralbibliothek | Humboldt-Universität zu Berlin, Universitätsbibliothek, Jacob-und-Wilhelm-Grimm-Zentrum | Bayerische Staatsbibliothek | Monash University Library	Pavel Zaltsman. <i>Sny</i>. Tel Aviv: Babel Books Tel Aviv, 2023.	https://tamizdatproject.org/media/publication_images/Screen_Shot_2025-11-09_at_8.58.07_PM.png	Russian	Pavel Zaltsman						Babel Books Tel Aviv	
fb290ca4-cbfb-40f8-8cd2-c93a1a0b5d37	1	https://tamizdatproject.org/publications/soprotivlenie-polezno/	soprotivlenie-polezno	Сопротивление полезно		Soprotivlenie polezno		2023	Izhevsk [Place of publication listed on title page is fictitious. Actual place of publication is unknown]	New York University | New York Public Library | Brooklyn Public Library | Columbia University in the City of New York | Princeton University Library | University of Pennsylvania Libraries | C/W MARS | Library of Congress | Carnegie Library of Pittsburgh | Cleveland Public Library | University of North Carolina at Chapel Hill. University Libraries | Skokie Public Library | Emory University | Vanderbilt University Library | Arapahoe Libraries | University of Arizona Libraries | Multnomah County Library | Los Angeles Public Library | University of California, Los Angeles | University of Oregon Libraries | Yolo County Library | San Francisco Public Library | University of Glasgow | Universitäts- und Stadtbibliothek Köln, Hauptabteilung | Universitätsbibliothek Bern | LIBRIS | Zentralbibliothek Zürich | Bayerische Staatsbibliothek | Université Bordeaux Montaigne | BNUS - Bibliotheque Nationale Universitaire de Strasbourg	Ilya Yashin. <i>Soprotivlenie polezno</i>. Izhevsk: Freedom Letters, 2023.	https://tamizdatproject.org/media/publication_images/soprotivlenie-polezno_AKBSn4R.jpeg	Russian	Ilya Yashin						Freedom Letters	
401d4833-7437-4095-8fd9-8a80028f8468	1	https://tamizdatproject.org/publications/springfild/	springfild	Спрингфилд		Springfild		2023	[Place Unidentified]	New York University | New York Public Library | Columbia University in the City of New York | Princeton University Library | University of Pennsylvania Libraries | Wesleyan University | Boston College | Library of Congress | Cleveland Public Library | University of North Carolina at Chapel Hill. University Libraries | University of Kansas | University of Texas Libraries | Multnomah County Library | University of California, Los Angeles | Yolo County Library | UC Berkeley Libraries | San Francisco Public Library | University of Glasgow | University of Hawaii at Manoa | Université Bordeaux Montaigne | LIBRIS | Universität Konstanz, Kommunikations-, Informations-, Medienzentrum (KIM) | Humboldt-Universität zu Berlin, Universitätsbibliothek, Jacob-und-Wilhelm-Grimm-Zentrum | Universitätsbibliothek Regensburg | Bayerische Staatsbibliothek	Sergei Davydov. <i>Springfild</i>. [Place Unidentified]: Freedom Letters, 2023.	https://tamizdatproject.org/media/publication_images/springfild_oJUVQvB.jpeg	Russian	Sergei Davydov						Freedom Letters	
91cd7009-cd4a-47cb-880b-186a305b716a	1	https://tamizdatproject.org/publications/stikhi-iz-rossii-20222023/	stikhi-iz-rossii-20222023	Стихи из России (2022-2023)		Stikhi iz Rossii (2022–2023)		2023	Tel Aviv	New York University | Columbia University in the City of New York | Princeton University Library | Yale University Library | University of Pennsylvania Libraries | UC Berkeley Libraries | Universitätsbibliothek der LMU München | LIBRIS | Bayerische Staatsbibliothek	German Lukomnikov. <i>Stikhi iz Rossii (2022–2023)</i>. Tel Aviv: Babel Books Tel Aviv, 2023.	https://tamizdatproject.org/media/publication_images/stikhi-iz-rossii-20222023_fzDGkZZ.jpg	Russian	German Lukomnikov						Babel Books Tel Aviv	
782e115e-3e96-4eee-a7ee-092b68b3ed4e	1	https://tamizdatproject.org/publications/syn-snegovika/	syn-snegovika	Сын снеговика		Syn snegovika		2023	[Place Unidentified]	New York Public Library | Princeton University Library | Library of Congress | Vanderbilt University Library | University of Kansas | University of California, Los Angeles | University of Glasgow	Aleksandr Kabanov. <i>Syn snegovika</i>. [Place Unidentified]: Freedom Letters, 2023.	https://tamizdatproject.org/media/publication_images/syn-snegovika_HZHX8Qu.jpeg	Russian	Aleksandr Kabanov						Freedom Letters	
1a076e20-60ff-4d84-a8ff-f527cbd39783		https://tamizdatproject.org/publications/tenderness-record/	tenderness-record	Tenderness Record	The Life of Ilya Zdanevich	Tenderness Record	The Life of Ilya Zdanevich	2023	Helsinki	Biblioteca del Museo Reina Sofía | The Metropolitan Museum of Art | University of Pennsylvania Libraries | National Art Library, Victoria and Albert Museum | Bibliothèque Kandinsky-Centre Pompidou - Centre de documentation et de recherche du Musée national d'art moderne - Centre de création industrielle | Universitätsbibliothek Basel	Igor Terentiev. <i>Tenderness Record</i>. Edited by Sezgin Boynik. Helsinki: Rab-Rab Press, 2023.	https://tamizdatproject.org/media/publication_images/tenderness_record.png	English	Igor Terentiev		Sezgin Boynik				Rab-Rab Press	
2a65dce1-2b1a-4e0a-a964-b6136a0f9c9e		https://tamizdatproject.org/publications/the-most-anxious-summer/	the-most-anxious-summer	Самае трывожнае лета		The most anxious summer		2023	Berlin	Princeton University Library | Harvard University | Library of Congress | Indiana University | Universitätsbibliothek Bern | LIBRIS	Kryścina Banduryna. <i>The most anxious summer</i>. Berlin: hochroth Minsk, 2023.	https://tamizdatproject.org/media/publication_images/Banduryna-web.jpeg	Belarusian	Kryścina Banduryna						hochroth Minsk	
9f37806c-ead7-41bb-9fe4-9e607e5b34b3		https://tamizdatproject.org/publications/there-is-only-the-forest-ahead/	there-is-only-the-forest-ahead	Наперадзе толькі лес		There is only the forest ahead		2023	Berlin	Princeton University Library | Harvard University | Indiana University | Universitätsbibliothek Bern | LIBRIS	Volha Złotnikava. <i>There is only the forest ahead</i>. Berlin: hochroth Minsk, 2023.	https://tamizdatproject.org/media/publication_images/Zlotnikava.jpeg	Belarusian | Russian	Volha Złotnikava						hochroth Minsk	
ba0a852b-ca52-4537-bbb1-8f5f5c1c26f5	1	https://tamizdatproject.org/publications/tsifry/	tsifry	Цифры		Tsifry		2023	Belgrade [Place of publication listed on title page is fictitious. Actual place of publication is unknown]	New York University | New York Public Library | Columbia University in the City of New York | Princeton University Library | University of Pennsylvania Libraries | Wesleyan University | Boston College | Library of Congress | Cleveland Public Library | University of North Carolina at Chapel Hill. University Libraries | University of Kansas | University of Texas Libraries | Multnomah County Library | University of California, Los Angeles | Yolo County Library | UC Berkeley Libraries | San Francisco Public Library | University of Glasgow | University of Hawaii at Manoa | Université Bordeaux Montaigne | LIBRIS | Universität Konstanz, Kommunikations-, Informations-, Medienzentrum (KIM) | Humboldt-Universität zu Berlin, Universitätsbibliothek, Jacob-und-Wilhelm-Grimm-Zentrum | Universitätsbibliothek Regensburg | Bayerische Staatsbibliothek	Elena Kozlova. <i>Tsifry</i>. Belgrade: Freedom Letters, 2023.	https://tamizdatproject.org/media/publication_images/tsifry_PzdV2D6.jpeg	Russian	Elena Kozlova						Freedom Letters	
67310dd7-8982-409d-ae4d-366c34eb6d61	1	https://tamizdatproject.org/publications/tuaregi/	tuaregi	Туареги		Tuaregi		2023	[Place Unidentified]	New York University | New York Public Library | Princeton University Library | University of Pennsylvania Libraries | Harvard University | Library of Congress | Cleveland Public Library | University of North Carolina at Chapel Hill. University Libraries | University of Kansas | CW2 Christopher G. Nason Military Intelligence Library | Multnomah County Library | University of California, Los Angeles | San Francisco Public Library | University of Glasgow | The British Library, St. Pancras | Staats- und Universitätsbibliothek Bremen | Universitätsbibliothek Regensburg | Bayerische Staatsbibliothek | Université Bordeaux Montaigne | BNUS - Bibliotheque Nationale Universitaire de Strasbourg	Svetlana Petriichuk. <i>Tuaregi</i>. [Place Unidentified]: Freedom Letters, 2023.	https://tamizdatproject.org/media/publication_images/tuaregi_xPE4vnC.jpeg	Russian	Svetlana Petriichuk						Freedom Letters	
21255116-ee8a-4acf-b8e7-100802c580db	1	https://tamizdatproject.org/publications/u-fashistov-malo-kraski/	u-fashistov-malo-kraski	У фашистов мало краски		U fashistov malo kraski		2023	Gorky [Place of publication listed on title page is fictitious. Actual place of publication is unknown]	New York Public Library | Columbia University in the City of New York | Library of Congress | University of California, Los Angeles | New York University | Princeton University Library | Yale University Library | University of Pennsylvania Libraries | Cleveland Public Library | University of North Carolina at Chapel Hill. University Libraries | Emory University | University of Iowa Libraries | San Francisco Public Library | Universitätsbibliothek Würzburg | Universitätsbibliothek Bamberg | Bayerische Staatsbibliothek | University of Glasgow	**** *******. <i>U fashistov malo kraski</i>. Gorky: Freedom Letters, 2023.	https://tamizdatproject.org/media/publication_images/u-fashistov-malo-kraski_UYoB2Np.jpeg	Russian	**** *******						Freedom Letters	
50c15809-ee19-461f-b8df-b429026ee181	1	https://tamizdatproject.org/publications/unesi-ty-moe-gore-1/	unesi-ty-moe-gore-1	Унеси ты мое горе		Unesi ty moe gore		2023	Riga	New York University | New York Public Library | Princeton University Library | Yale University Library | University of Pennsylvania Libraries | Harvard University | Merrimack Valley Library Consortium | Library of Congress | University of Pittsburgh | University of Toronto Group | University of Toronto Library at Downsview | University of North Carolina at Chapel Hill. University Libraries | Indiana University | University of Illinois at Urbana Champaign | Seattle Public Library | Whatcom County Library System | Pierce County Library System | Vancouver Public Library | Fort Vancouver Regional Library District | Reed College Library | Yolo County Library | UC Berkeley Libraries | San Mateo County Library | University of Cambridge | Royal Danish Library - (DKB) | Tamkang University Library (TKUL) | Auckland Libraries | Skokie Public Library | Universitäts- und Stadtbibliothek Köln, Hauptabteilung | Staats- und Universitätsbibliothek Hamburg Carl von Ossietzky | BNUS - Bibliotheque Nationale Universitaire de Strasbourg | LIBRIS | Universitätsbibliothek Erlangen-Nürnberg, Hauptbibliothek Erlangen | Bayerische Staatsbibliothek | Università di Bologna, Sistema bibliotecario di ateneo	Katerina Gordeeva. <i>Unesi ty moe gore</i>. Riga: Meduza, 2023.	https://tamizdatproject.org/media/publication_images/Gordeeva_Unesi_ty_moe_gore.png		Katerina Gordeeva						Meduza	
f64970d1-3157-491b-af69-9dc1c77063e4	1	https://tamizdatproject.org/publications/v-kintsi-vsi-svitiatsia/	v-kintsi-vsi-svitiatsia	в кінці всі світяться		v kintsi vsi svitiatsia		2023	Dnipro [Place of publication listed on title page is fictitious. Actual place of publication is unknown]	New York University | New York Public Library | Columbia University in the City of New York | Princeton University Library | University of Pennsylvania Libraries | Library of Congress | Cleveland Public Library | University of North Carolina at Chapel Hill. University Libraries | San Diego County Library | University of California, Los Angeles | San Francisco Public Library | University of Glasgow | Universitätsbibliothek Würzburg | Humboldt-Universität zu Berlin, Universitätsbibliothek, Jacob-und-Wilhelm-Grimm-Zentrum | Zentralbibliothek Zürich | Bayerische Staatsbibliothek	Maksym Borodin. <i>v kintsi vsi svitiatsia</i>. Dnipro: Freedom Letters, 2023.	https://tamizdatproject.org/media/publication_images/v-kintsi-vsi-svitiatsia_Ld9H1pQ.jpeg		Maksym Borodin						Freedom Letters	
fdcc15e9-f480-4f56-be30-35bb9e3261cb	1	https://tamizdatproject.org/publications/voina-i-nakazanie-kak-rossiia-unichtozhala-ukrainu/	voina-i-nakazanie-kak-rossiia-unichtozhala-ukrainu	Война и наказание	Как Россия уничтожала Украину	Voina i nakazanie	Kak Rossiia unichtozhala Ukrainu	2023	Riga	New York University | Princeton University Library | University of Pennsylvania Libraries | Harvard University | Library of Congress | University of Pittsburgh | University of North Carolina at Chapel Hill. University Libraries | University of Illinois at Urbana Champaign | University of British Columbia Library | Fort Vancouver Regional Library District | UC Berkeley Libraries | Stanford University | University of Cambridge | Royal Danish Library - (DKB) | Staats- und Universitätsbibliothek Hamburg Carl von Ossietzky | Universitätsbibliothek Bern | Humboldt-Universität zu Berlin, Universitätsbibliothek, Jacob-und-Wilhelm-Grimm-Zentrum | Bayerische Staatsbibliothek	Mikhail Zygar. <i>Voina i nakazanie</i>. Riga: Meduza, 2023.	https://tamizdatproject.org/media/publication_images/voina-i-nakazanie-kak-rossiia-unichtozhala-ukrainu_kgMg0M1.png	Russian	Mikhail Zygar						Meduza	
d1d6514a-49b8-47cf-a426-5599a5242978		https://tamizdatproject.org/publications/vosien-patryjarcha/	vosien-patryjarcha	Восень патрыярха		Vosien patryjarcha		2023	Ząbki	National Library of Poland, Biblioteka Narodowa | LIBRIS	Gabriel García Márquez. <i>Vosien patryjarcha</i>. Translated by Siarhiej Šupa. Ząbki: Yanushkevich Publishing, 2023.	https://tamizdatproject.org/media/publication_images/Screenshot_2025-11-16_at_22.37.20.png	Belarusian	Gabriel García Márquez				Siarhiej Šupa		Yanushkevich Publishing	
8dc94697-a4f8-49dd-9239-4d264cfada0a	1	https://tamizdatproject.org/publications/vozdushnaia-trevoga/	vozdushnaia-trevoga	Воздушная тревога		Vozdushnaia trevoga		2023	Kyiv [Place of publication listed on title page is fictitious. Actual place of publication is unknown]	New York University | New York Public Library | Columbia University in the City of New York | Princeton University Library | University of Pennsylvania Libraries | Library of Congress | Carnegie Library of Pittsburgh | Cleveland Public Library | University of North Carolina at Chapel Hill. University Libraries | Vanderbilt University Library | University of Arizona Libraries | Multnomah County Library | University of California, Los Angeles | San Francisco Public Library | University of Glasgow | Zentralbibliothek Zürich | Staatsbibliothek zu Berlin - Preußischer Kulturbesitz, Haus Potsdamer Straße	<i>Vozdushnaia trevoga</i>. Edited by Polina Lavrova, Stanislav Belsky, Vladimir Zhbankov. Kyiv: Freedom Letters, 2023.	https://tamizdatproject.org/media/publication_images/vozdushnaia-trevoga_l7Ec4Vj.jpeg	Russian			Polina Lavrova | Stanislav Belsky | Vladimir Zhbankov				Freedom Letters	
c1d2ac75-5263-48f2-b14a-e82fdca1a98d		https://tamizdatproject.org/publications/v-pamiat-ob-olege-yurieve-rech-zerkal/	v-pamiat-ob-olege-yurieve-rech-zerkal	В память об Олеге Юрьеве. Речь зеркал		V pamiat' ob Olege Yurieve. Rech’ zerkal		2023	Ozolnieki	New York University | Princeton University Library | University of Pennsylvania Libraries | Harvard University | University of Pittsburgh | University of North Carolina at Chapel Hill. University Libraries | University of Illinois at Urbana Champaign | Bayerische Staatsbibliothek	<i>V pamiat' ob Olege Yurieve. Rech’ zerkal</i>. Ozolnieki: Literature without Borders, 2023.	https://tamizdatproject.org/media/publication_images/v-pamiat-ob-olege-yurieve-rech-zerkal.jpg	Russian							Literature without Borders	
6aa1b819-5239-4245-a5d7-aec90b9e3ec9	1	https://tamizdatproject.org/publications/vtorhnennia/	vtorhnennia	Вторгнення		Vtorhnennia		2023	Kharkiv [Place of publication listed on title page is fictitious. Actual place of publication is unknown]	New York University | Princeton University Library | University of Pennsylvania Libraries | Cleveland Public Library | University of North Carolina at Chapel Hill. University Libraries | San Francisco Public Library | Zentralbibliothek Zürich | Humboldt-Universität zu Berlin, Universitätsbibliothek, Jacob-und-Wilhelm-Grimm-Zentrum | Bayerische Staatsbibliothek | University of Glasgow	Henry Lion Oldie. <i>Vtorhnennia</i>. Kharkiv: Freedom Letters, 2023.	https://tamizdatproject.org/media/publication_images/vtorhnennia_6Ps8aPy.jpeg	Ukrainian	Henry Lion Oldie						Freedom Letters	
dbd5a23a-c651-4bb0-adc7-fba82102e613	1	https://tamizdatproject.org/publications/vtorzhenie/	vtorzhenie	Вторжение		Vtorzhenie		2023	Kharkiv [Place of publication listed on title page is fictitious. Actual place of publication is unknown]	New York University | New York Public Library | Columbia University in the City of New York | The Ferguson Library | Princeton University Library | University of Pennsylvania Libraries | Library of Congress | Cleveland Public Library | University of North Carolina at Chapel Hill. University Libraries | Ohio State University Libraries | Buncombe County Public Libraries | King County Library System | Multnomah County Library | University of California, Los Angeles | San Francisco Public Library | Humboldt-Universität zu Berlin, Universitätsbibliothek, Jacob-und-Wilhelm-Grimm-Zentrum | Universitätsbibliothek Regensburg | University of Glasgow	Henry Lion Oldie. <i>Vtorzhenie</i>. Kharkiv: Freedom Letters, 2023.	https://tamizdatproject.org/media/publication_images/vtorzhenie_ZaakzUz.jpeg	Russian	Henry Lion Oldie						Freedom Letters	
b5510ad5-7afd-47e6-a2b0-9cf0e6a345e2		https://tamizdatproject.org/publications/what-was-said-as-a-poem/	what-was-said-as-a-poem	Тое, што сказалася вершам		What was said as a poem		2023	Berlin	Princeton University Library | Harvard University | Indiana University | Universitätsbibliothek Bern | LIBRIS	Hanna Sieviaryniec. <i>What was said as a poem</i>. Berlin: hochroth Minsk, 2023.	https://tamizdatproject.org/media/publication_images/Sevyarinec.jpeg	Belarusian	Hanna Sieviaryniec						hochroth Minsk	
96479cc9-2680-4c4a-b8e1-c0524c7df288		https://tamizdatproject.org/publications/zabyt-v-elektrichke/	zabyt-v-elektrichke	Забыть в электричке		Zabyt' v elektrichke		2023	Warsaw	University of Pennsylvania Libraries | Uniwersytet Lodzki, Biblioteka Glowna | National Library of Poland, Biblioteka Narodowa	Sergei Kravchenko. <i>Zabyt' v elektrichke</i>. Warsaw: Miane Niama, 2023.	https://tamizdatproject.org/media/publication_images/zabyt_v_elek.png	Russian	Sergei Kravchenko						Miane Niama	
9bab7519-4f02-4a8c-bb1d-c1133715b18d		https://tamizdatproject.org/publications/zapiski-nesostoiavshegosia-khimika/	zapiski-nesostoiavshegosia-khimika	Записки несостоявшегося "химика"		Zapiski nesostoiavshegosia "khimika"		2023	Ząbki	Ohio State University Libraries | University of Michigan | University of Chicago Library | Universitätsbibliothek Leipzig | Staatsbibliothek zu Berlin - Preußischer Kulturbesitz, Haus Potsdamer Straße | Bayerische Staatsbibliothek | National Library of Poland, Biblioteka Narodowa	Aleksandr Demidovich. <i>Zapiski nesostoiavshegosia "khimika"</i>. Ząbki: Yanushkevich Publishing, 2023.	https://tamizdatproject.org/media/publication_images/Screenshot_2025-11-15_at_23.43.37.png	Russian	Aleksandr Demidovich						Yanushkevich Publishing	
193f0ba8-fb44-4ca2-b4f8-cff2bd2ad52b		https://tamizdatproject.org/publications/zaum-for-strangers-1/	zaum-for-strangers-1	Zaum for Strangers	Paris 1921	Zaum for Strangers	Paris 1921	2023	Helsinki	The Metropolitan Museum of Art | Zentralinstitut für Kunstgeschichte, Bibliothek	Ilya Zdanevich. <i>Zaum for Strangers</i>. Edited by Sezgin Boynik. Translated by John Floyd, Pāvels Smišlājevs. Helsinki: Rab-Rab Press, 2023.	https://tamizdatproject.org/media/publication_images/zaum_VSgKxTq.png	English	Ilya Zdanevich		Sezgin Boynik		John Floyd | Pāvels Smišlājevs		Rab-Rab Press	
58a9eb11-7542-4bea-aea5-cd5430531a89		https://tamizdatproject.org/publications/publication-9/	publication-9	«Быть тебе в каталожке…»	Сборник к 80-летию Габриэля Суперфина	«Быть тебе в каталожке…»	Sbornik k 80-letiiu Gabrielia Superfina	2023	Frankfurt am Main	New York University | New York Public Library | Princeton University Library | University of Pennsylvania Libraries | Harvard University | Reed College Library | University of Cambridge | Universitäts- und Stadtbibliothek Köln, Hauptabteilung | Universitätsbibliothek J. C. Senckenberg, Zentralbibliothek (ZB) | LIBRIS | Zentralbibliothek Zürich | Humboldt-Universität zu Berlin, Universitätsbibliothek, Jacob-und-Wilhelm-Grimm-Zentrum | Universitätsbibliothek Bamberg | Bayerische Staatsbibliothek	<i>«Быть тебе в каталожке…»</i>. Edited by Ilya Kukui, Olga Rozenblium. Frankfurt am Main: Esterum Publishing, 2023.	https://tamizdatproject.org/media/publication_images/publication-9_cfR5Uyp.jpg	Russian			Ilya Kukui | Olga Rozenblium				Esterum Publishing	
c7353e6f-7c96-4ade-a5f7-5efd32bbc6c5		https://tamizdatproject.org/publications/1984-1-2/	1984-1-2	1984		1984		2022	Ząbki	King County Library System | LIBRIS	George Orwell. <i>1984</i>. Translated by Siarhiej Šupa. Ząbki: Yanushkevich Publishing, 2022.	https://tamizdatproject.org/media/publication_images/Screenshot_2025-11-16_at_22.34.28.png	Belarusian	George Orwell				Siarhiej Šupa		Yanushkevich Publishing	
70fbb8b6-98ba-4ce7-8663-95a755629c4a	1	https://tamizdatproject.org/publications/advokat-besa-strashnaia-povest/	advokat-besa-strashnaia-povest	Адвокат беса: страшная повесть		Advokat besa: strashnaia povest’		2022	Tel Aviv	New York University | New York Public Library | BCCLS | STELLA-Sharing & Technology Enhancing Local Library Access | M.A.I.N. Network Service | The Ferguson Library | Princeton University Library | Bucks County Free Library | Finger Lakes Library System | Minuteman Library Network | Harvard University | Onondaga County Public Library | Cleveland Public Library | The Indianapolis Public Library | Chicago Public Library | Skokie Public Library | Prospect Heights Public Library District | Indian Trails Public Library District | Fremont Public Library District | Milwaukee Public Library | Ames Public Library | Hennepin County Library | Boca Raton Public Library | Plano Public Library | Austin Public Library | Las Vegas-Clark County Library District | Sno-Isle Libraries | Seattle Public Library | Multnomah County Library | Fort Vancouver Regional Library District | LA COUNTY LIBRARY | Washington County Cooperative Library Services | Eugene Public Library | University of California, Santa Barbara | UC Berkeley Libraries | Redwood City Public Library | Sonoma County Library | University of Cambridge | The British Library, St. Pancras | Bibliotheek Universiteit van Amsterdam | Universitäts- und Stadtbibliothek Köln, Hauptabteilung | Humboldt-Universität zu Berlin, Universitätsbibliothek, Jacob-und-Wilhelm-Grimm-Zentrum | Universitätsbibliothek Regensburg | Bayerische Staatsbibliothek | Auckland Libraries | Monash University Library | Port Phillip Library Service | Sorbonne Université | Boston Public Library | LIBRIS	Boris Akunin. <i>Advokat besa: strashnaia povest’</i>. Tel Aviv: Babel Books Tel Aviv, 2022.	https://tamizdatproject.org/media/publication_images/advokat-besa-strashnaia-povest_RXVDT1M.jpg	Russian	Boris Akunin						Babel Books Tel Aviv	
bdc6deaf-cca8-496b-87cf-c71115c85bc2		https://tamizdatproject.org/publications/anarchy-in-the-ukr/	anarchy-in-the-ukr	Anarchy in the UKR		Anarchy in the UKR		2022	London	University of Cambridge	Serhiy Zhadan. <i>Anarchy in the UKR</i>. Translated by Aleh Žłutka. London: Skaryna Press, 2022.	https://tamizdatproject.org/media/publication_images/Screenshot_2025-11-15_at_23.17.14.png	Belarusian	Serhiy Zhadan				Aleh Žłutka		Skaryna Press	
e4320e14-76ec-4273-8b54-fd059638391a		https://tamizdatproject.org/publications/iliazda-at-the-birthday-party/	iliazda-at-the-birthday-party	Iliazda at the Birthday Party	Autobiographical Lecture, 1922	Iliazda at the Birthday Party	Autobiographical Lecture, 1922	2022	Helsinki	New York University | New York Public Library | New York University, IFA, Stephen Chan Library | The Metropolitan Museum of Art | Bibliothèque Kandinsky-Centre Pompidou - Centre de documentation et de recherche du Musée national d'art moderne - Centre de création industrielle | Biblioteca del Museo Reina Sofía	Ilya Zdanevich. <i>Iliazda at the Birthday Party</i>. Edited by Sezgin Boynik. Translated by Michel Chevalier, Pāvels Smišlājevs. Helsinki: Rab-Rab Press, 2022.	https://tamizdatproject.org/media/publication_images/Screenshot_2026-05-31_at_03.05.54.png	English	Ilya Zdanevich		Sezgin Boynik		Michel Chevalier | Pāvels Smišlājevs		Rab-Rab Press	
22823d0d-a498-4d6c-b2f8-4353982b9846		https://tamizdatproject.org/publications/izbavitelnitsa-ot-smerti-i-izgotoviteli-sendvichei-no-naves-glabejina-un-sendvicu-meistari/	izbavitelnitsa-ot-smerti-i-izgotoviteli-sendvichei-no-naves-glabejina-un-sendvicu-meistari	Избавительница от смерти и изготовители сэндвичей / No nāves glābējiņa un sendviču meistari		Izbavitelnitsa ot smerti i izgotoviteli sendvichei / No nāves glābējiņa un sendviču meistari		2022	Ozolnieki	Princeton University Library | Harvard University | University of Iowa Libraries	Efrat Mishori. <i>Izbavitelnitsa ot smerti i izgotoviteli sendvichei / No nāves glābējiņa un sendviču meistari</i>. Translated by Einārs Pelšs, Gali-Dana Zinger. Ozolnieki: Literature without Borders, 2022.	https://tamizdatproject.org/media/publication_images/izbavitelnitsa-ot-smerti-i-izgotoviteli-sendvichei.jpg	Latvian | Russian	Efrat Mishori				Einārs Pelšs | Gali-Dana Zinger		Literature without Borders	
33522c3e-6536-4e1f-ad76-6051b9dee56d	1	https://tamizdatproject.org/publications/le-degre-41-sinapise/	le-degre-41-sinapise	Le degré 41 sinapisé	Lecture on Pearl Disease, Paris 1922	Le degré 41 sinapisé	Lecture on Pearl Disease, Paris 1922	2022	Helsinki	New York University | New York University, IFA, Stephen Chan Library | University of Pennsylvania Libraries | Tate Library | Bibliothèque Kandinsky-Centre Pompidou - Centre de documentation et de recherche du Musée national d'art moderne - Centre de création industrielle | Biblioteca del Museo Reina Sofía	Ilya Zdanevich. <i>Le degré 41 sinapisé</i>. Edited by Sezgin Boynik. Translated by Pāvels Smišlājevs, Luis Miguel Selvilli. Helsinki: Rab-Rab Press, 2022.	https://tamizdatproject.org/media/publication_images/Screenshot_2026-05-31_at_03.04.36.png	English	Ilya Zdanevich		Sezgin Boynik		Pāvels Smišlājevs | Luis Miguel Selvilli		Rab-Rab Press	
59ecb4e4-fe60-48d1-a051-ee6aa41860ad	1	https://tamizdatproject.org/publications/nachalniku-tishiny/	nachalniku-tishiny	Начальнику тишины	Стихи	Nachal'niku tishiny	Stikhi	2022	Tel Aviv	University of Pennsylvania Libraries | Cornell University Library | Harvard University | Library of Congress | The British Library, St. Pancras | Staatsbibliothek zu Berlin - Preußischer Kulturbesitz, Haus Potsdamer Straße	Lena Berson. <i>Nachal'niku tishiny</i>. Tel Aviv: Babel Books Tel Aviv, 2022.	https://tamizdatproject.org/media/publication_images/Screen_Shot_2025-11-09_at_9.22.09_PM.png	Russian	Lena Berson						Babel Books Tel Aviv	
4c3366b0-9c25-477e-8cd7-005c20fdbb08		https://tamizdatproject.org/publications/piersepolis/	piersepolis	Персеполіс		Piersepolis		2022	Vilnius	LIBRIS	Marjane Satrapi. <i>Piersepolis</i>. Translated by Nadya Kandrusievič. Vilnius: Pflaŭmbaŭm, 2022.	https://tamizdatproject.org/media/publication_images/persepolis.png	Belarusian	Marjane Satrapi				Nadya Kandrusievič		Pflaŭmbaŭm	
8f81d5c7-58ca-4ac3-b01e-bd7765554f88	1	https://tamizdatproject.org/publications/poniatye-i-svideteli-khroniki-voennogo-vremeni/	poniatye-i-svideteli-khroniki-voennogo-vremeni	Понятые и свидетели. Хроники военного времени		Poniatye i svideteli. Khroniki voennogo vremeni		2022	Tel Aviv	New York University | Princeton University Library | University of Pennsylvania Libraries | Cornell University Library | Harvard University	<i>Poniatye i svideteli. Khroniki voennogo vremeni</i>. Edited by Ekaterina Bermant. Tel Aviv: Babel Books Tel Aviv, 2022.	https://tamizdatproject.org/media/publication_images/Screen_Shot_2025-11-09_at_10.00.12_PM.png	Russian			Ekaterina Bermant				Babel Books Tel Aviv	
c39d0d70-62e5-4966-ac90-88f597bc4b5d	1	https://tamizdatproject.org/publications/poniatye-i-svideteli-khroniki-voennogo-vremeni-kniga-vtoraia/	poniatye-i-svideteli-khroniki-voennogo-vremeni-kniga-vtoraia	Понятые и свидетели. Хроники военного времени. Книга вторая		Poniatye i svideteli. Khroniki voennogo vremeni. Kniga vtoraia		2022	Tel Aviv	New York University | Princeton University Library | University of Pennsylvania Libraries | Cornell University Library | Harvard University	<i>Poniatye i svideteli. Khroniki voennogo vremeni. Kniga vtoraia</i>. Edited by Ekaterina Bermant. Tel Aviv: Babel Books Tel Aviv, 2022.	https://tamizdatproject.org/media/publication_images/Screen_Shot_2025-11-09_at_10.00.12_PM_MCnejEo.png	Russian			Ekaterina Bermant				Babel Books Tel Aviv	
b25a85d2-4edd-47a3-8300-6b92ff1b1a45		https://tamizdatproject.org/publications/stikhi-iz-aipada/	stikhi-iz-aipada	Стихи из айпада		Stikhi iz aipada		2022	Tel Aviv	New York University | New York Public Library | Columbia University in the City of New York | Princeton University Library | University of Pennsylvania Libraries | Library of Congress | Cleveland Public Library | University of North Carolina at Chapel Hill. University Libraries | San Diego County Library | University of California, Los Angeles | San Francisco Public Library | University of Glasgow | Universitätsbibliothek Würzburg | Humboldt-Universität zu Berlin, Universitätsbibliothek, Jacob-und-Wilhelm-Grimm-Zentrum | Zentralbibliothek Zürich | Bayerische Staatsbibliothek	Maxim Shrayer. <i>Stikhi iz aipada</i>. Tel Aviv: Babel Books Tel Aviv, 2022.	https://tamizdatproject.org/media/publication_images/Shrayer_Stikhi_iz_aipada.jpg	Russian	Maxim Shrayer						Babel Books Tel Aviv	
f1a0caf3-6a9b-4c20-92b6-55797324610f		https://tamizdatproject.org/publications/su-voda-s-tatarskogo/	su-voda-s-tatarskogo	Cу*: *Вода (с татарского)		Su*: *Voda (s tatarskogo)		2022	Tel Aviv	New York University | Columbia University in the City of New York | Princeton University Library | Harvard University | The British Library, St. Pancras	Dinara Rasuleva. <i>Su*: *Voda (s tatarskogo)</i>. Tel Aviv: Babel Books Tel Aviv, 2022.	https://tamizdatproject.org/media/publication_images/Rasuleva_Su.jpg	German | Russian | Tatar	Dinara Rasuleva						Babel Books Tel Aviv	
37255d97-740a-4505-80d2-65873265a9be		https://tamizdatproject.org/publications/ulei/	ulei	Улей		Ulei		2022	Berlin	New York University | Princeton University Library | Yale University Library | Harvard University | Library of Congress | Universitätsbibliothek Gießen | Deutsche Nationalbibliothek Frankfurt am Main | Universitätsbibliothek Bern | Zentralbibliothek Zürich | Universität Potsdam, Universitätsbibliothek | Universitätsbibliothek Leipzig | Deutsche Nationalbibliothek Leipzig | Staatsbibliothek zu Berlin - Preußischer Kulturbesitz, Haus Potsdamer Straße | LIBRIS	Dmitry Strotsev. <i>Ulei</i>. Berlin: hochroth Minsk, 2022.	https://tamizdatproject.org/media/publication_images/ulej-frontispiz-web.jpeg	Russian	Dmitry Strotsev						hochroth Minsk	
eb16b57f-33fd-47ad-b8a5-4306d1e3f4ac		https://tamizdatproject.org/publications/voina-i-voina/	voina-i-voina	Война и война		Voina i voina		2022	Israel	New York University | Princeton University Library | Harvard University | The British Library, St. Pancras	Aleksandr Delfinov. <i>Voina i voina</i>. Israel: Kniga Sefer, 2022.	https://tamizdatproject.org/media/publication_images/voina-i-voina.png	Russian	Aleksandr Delfinov						Kniga Sefer	
fd72a867-6756-4cb1-aa12-1cf1e4c05cf0		https://tamizdatproject.org/publications/voina-stikhotvoreniia-24-fevralia-24-maiia-2022-goda/	voina-stikhotvoreniia-24-fevralia-24-maiia-2022-goda	Война. Стихотворения 24 февраля – 24 мая 2022 года		Voina. Stikhotvoreniia 24 fevralia - 24 maiia 2022 goda		2022	Berlin	New York Public Library | Columbia University in the City of New York | Princeton University Library | Yale University Library | University of Pennsylvania Libraries | Harvard University | Library of Congress | McGill Libraries | University of North Carolina at Chapel Hill. University Libraries | Vanderbilt University Library | University of California, Los Angeles | The British Library, St. Pancras | Staats- und Universitätsbibliothek Hamburg Carl von Ossietzky | Universitätsbibliothek Gießen | Deutsche Nationalbibliothek Frankfurt am Main | LIBRIS | Zentralbibliothek Zürich | Deutsche Nationalbibliothek Leipzig | Staatsbibliothek zu Berlin - Preußischer Kulturbesitz, Haus Potsdamer Straße | Humboldt-Universität zu Berlin, Universitätsbibliothek, Jacob-und-Wilhelm-Grimm-Zentrum	<i>Voina. Stikhotvoreniia 24 fevralia - 24 maiia 2022 goda</i>. Edited by Lyubov Machina. Berlin: Fresh Verlag, 2022.	https://tamizdatproject.org/media/publication_images/voina-stikhotvoreniia-24-fevralia-24-maiia-2022-go.jpg	Russian			Lyubov Machina				Fresh Verlag	
8c0a8872-8ec0-46ac-89b8-fe8a879ab628		https://tamizdatproject.org/publications/zakrytye-zhizn-gomoseksualov-v-sssr/	zakrytye-zhizn-gomoseksualov-v-sssr	Закрытые. Жизнь гомосексуалов в СССР		Zakrytye. Zhizn' gomoseksualov v SSSR		2025	[Place Unidentified]	BNUS - Bibliotheque Nationale Universitaire de Strasbourg	Rustam Aleksander. <i>Zakrytye. Zhizn' gomoseksualov v SSSR</i>. Translated by Olga Bykova. [Place Unidentified]: Ricochet, 2025.	https://tamizdatproject.org/media/publication_images/Screen_Shot_2025-12-08_at_11.56.48_AM.png	Russian	Rustam Aleksander				Olga Bykova		Ricochet	
47338513-f0df-4cc3-9e5a-5c100f97b0d1		https://tamizdatproject.org/publications/air-raid/	air-raid	Air Raid		Air Raid		2021	New York	New York University | New York Public Library | Columbia University in the City of New York | Queens Public Library | Nassau Community College | Greenwich Library | Princeton University Library | Vassar College | Yale University Library | SUNY at New Paltz | University of Pennsylvania Libraries | Haverford College Libraries | Franklin & Marshall College | Four County Library System | Williams College | Brown University | Cornell University Library | Boston College | Harvard University | MIT Libraries | Syracuse University | Rochester Public Library | Virginia Commonwealth University | SUNY at Buffalo | Carnegie Mellon University | Université d'Ottawa | John Carroll University, Grasselli Library | Duke University Libraries | Oberlin College Libraries | University of Cincinnati - Main Campus | Indiana University | University of Chicago Library | School of The Art Institute of Chicago | Loyola University Chicago | Emory University | University of Wisconsin - Madison General Library System | Washington University in St. Louis | University of Alabama | University of Minnesota, Twin Cities | Iowa State University | Gustavus Adolphus College | University of Kansas | University of Manitoba Libraries | Rice University | University of Texas Libraries | Oklahoma Panhandle State University | University of Denver, University Libraries | Colorado College | University of Alberta | University of Arizona Libraries | Washington State University | University of Washington Libraries | University of California, San Diego | University of California, Santa Barbara | Santa Clara County Library District | UC Berkeley Libraries | Stanford University | San Francisco Public Library | National Library of Scotland | Manchester Metropolitan University Library | Manchester Metropolitan University - TEST INSTITUTION | University of Cambridge | Universitätsbibliothek Kiel, Zentralbibliothek	Polina Barskova. <i>Air Raid</i>. Translated by Valzhyna Mort. New York: Ugly Duckling Presse, 2021.	https://tamizdatproject.org/media/publication_images/air-raid.jpg	English	Polina Barskova				Valzhyna Mort		Ugly Duckling Presse	
3e07d9dc-1fc4-4120-9e21-c16a0fa8c7ff		https://tamizdatproject.org/publications/belarus-oprokinuta/	belarus-oprokinuta	Беларусь опрокинута		Belarus' oprokinuta		2021	[Place Unidentified]	New York University | Princeton University Library | Yale University Library | University of Pennsylvania Libraries | University of Pittsburgh | Duke University Libraries | University of Illinois at Urbana Champaign | University of Kansas | University of Manitoba Libraries | UC Berkeley Libraries | The British Library, St. Pancras	Dmitry Strotsev. <i>Belarus' oprokinuta</i>. Translated by Andrej Chadanovič. [Place Unidentified]: Novye Mekhi, 2021.	https://tamizdatproject.org/media/publication_images/belarus-oprokinuta.png	Belarusian | Polish | Russian | Ukrainian	Dmitry Strotsev				Andrej Chadanovič		Novye Mekhi	
e81e29a9-3c74-4ed8-8642-e384dbf35657		https://tamizdatproject.org/publications/nepolnoe-sobranie-strochek/	nepolnoe-sobranie-strochek	Неполное собрание строчек		Nepolnoe sobranie strochek		2021	Ozolnieki	Princeton University Library | Harvard University | University of Pittsburgh | University of North Carolina at Chapel Hill. University Libraries | UC Berkeley Libraries	Artem Verle. <i>Nepolnoe sobranie strochek</i>. Ozolnieki: Literature without Borders, 2021.	https://tamizdatproject.org/media/publication_images/nepolnoe-sobranie-strochek.jpg	Russian	Artem Verle						Literature without Borders	
8280e9d2-0a37-4e47-bdf5-d703f481633a		https://tamizdatproject.org/publications/o-tebe-skvoz-steklo/	o-tebe-skvoz-steklo	О тебе сквозь стекло		O tebe skvoz’ steklo		2021	Ozolnieki	Columbia University in the City of New York | Princeton University Library | Harvard University | University of Pittsburgh | University of North Carolina at Chapel Hill. University Libraries | University of Illinois at Urbana Champaign | UC Berkeley Libraries | Bayerische Staatsbibliothek	Valery Ledenev. <i>O tebe skvoz’ steklo</i>. Ozolnieki: Literature without Borders, 2021.	https://tamizdatproject.org/media/publication_images/o-tebe-skvoz-steklo.jpg	Russian	Valery Ledenev						Literature without Borders	
88341725-e168-47bb-b9cf-84312ac5a08d		https://tamizdatproject.org/publications/gorod-n/	gorod-n	Город Эн		Gorod N		2020	Tel Aviv	University of Pennsylvania Libraries | Harvard University | Dartmouth Library	Leonid Dobychin. <i>Gorod N</i>. Tel Aviv: Babel Books Tel Aviv, 2020.	https://tamizdatproject.org/media/publication_images/Dobychin_Gorod_N.webp	Russian	Leonid Dobychin						Babel Books Tel Aviv	
64dcbf00-7bba-480b-857f-46bf9fc60139		https://tamizdatproject.org/publications/life-in-space/	life-in-space	Life in Space		Life in Space		2020	New York	New York University | New York Public Library | Columbia University in the City of New York | Princeton University Library | Vassar College | Yale University Library | University of Pennsylvania Libraries | Swarthmore College | Wesleyan University | Mount Holyoke College | Williams College | Johns Hopkins University | Maryland Institute College of Art | Anne Arundel Community College Library | Boston College | Harvard University | Syracuse University | Gallaudet University | Virginia Commonwealth University | SUNY at Buffalo | John Carroll University, Grasselli Library | Marietta College | University of North Carolina at Chapel Hill. University Libraries | Oberlin College Libraries | University of Cincinnati - Main Campus | University of Notre Dame | Indiana University | University of Georgia | University of Chicago Library | School of The Art Institute of Chicago | Loyola University Chicago | Emory University | University of Illinois at Urbana Champaign | Vanderbilt University Library | University of Wisconsin - Madison General Library System | Western Illinois University | University of Florida | University of Alabama | University of Iowa Libraries | University of Minnesota, Twin Cities | Iowa State University | University of Kansas | University of Texas Libraries | University of Denver, University Libraries | Colorado College | University of Utah | University of Alberta | University of Arizona Libraries | NORTH CENTRAL WASHINGTON LIBRARIES | University of Washington Libraries | University of California, San Diego | University of British Columbia Library | University of California, Merced | University of Oregon Libraries | University of California, Santa Barbara | UC Berkeley Libraries | University of Cambridge | The British Library, St. Pancras | LIBRIS | Bibliotheek Midden-Brabant | Freie Universität Berlin, Universitätsbibliothek, Zentralbibliothek	Galina Rymbu. <i>Life in Space</i>. Translated by Joan Brooks. New York: Ugly Duckling Presse, 2020.	https://tamizdatproject.org/media/publication_images/life-in-space.jpg	English	Galina Rymbu				Joan Brooks		Ugly Duckling Presse	
3e12d76e-6645-48db-a971-8ac388b7e8fe		https://tamizdatproject.org/publications/luchshie-kompiuternye-igry/	luchshie-kompiuternye-igry	Лучшие компьютерные игры		Luchshie kompiuternye igry		2020	Ozolnieki	Princeton University Library | Cornell University Library | Harvard University | University of Pittsburgh | University of Illinois at Urbana Champaign	Yanina Vishnevskaia. <i>Luchshie kompiuternye igry</i>. Ozolnieki: Literature without Borders, 2020.	https://tamizdatproject.org/media/publication_images/luchshie-kompiuternye-igry.jpg	Russian	Yanina Vishnevskaia						Literature without Borders	
876af322-0f8a-4c10-ad6c-daba24f1f085		https://tamizdatproject.org/publications/ostansia-brat/	ostansia-brat	Останься, брат		Ostansia, brat		2020	Ozolnieki	Columbia University in the City of New York | Princeton University Library | Harvard University | University of North Carolina at Chapel Hill. University Libraries	Andrei Grishaev. <i>Ostansia, brat</i>. Ozolnieki: Literature without Borders, 2020.	https://tamizdatproject.org/media/publication_images/ostansia-brat.jpg	Russian	Andrei Grishaev						Literature without Borders	
4fa2ed7c-5097-4c5f-81d0-147d3ab6f395		https://tamizdatproject.org/publications/programmnye-radiogrammy/	programmnye-radiogrammy	Программные радиограммы		Programmnye radiogrammy		2020	Ozolnieki	Harvard University | University of Pittsburgh | University of North Carolina at Chapel Hill. University Libraries | University of Illinois at Urbana Champaign	Aleksandr Beliakov. <i>Programmnye radiogrammy</i>. Ozolnieki: Literature without Borders, 2020.	https://tamizdatproject.org/media/publication_images/programmnye-radiogrammy.jpg	Russian	Aleksandr Beliakov						Literature without Borders	
8d35ece8-f58f-46b1-ab5d-98dd0ccd18af		https://tamizdatproject.org/publications/soviet-texts/	soviet-texts	Soviet Texts		Soviet Texts		2020	New York	New York University | New York Public Library | Columbia University in the City of New York | Princeton University Library | Vassar College | Yale University Library | Temple University Libraries | University of Pennsylvania Libraries | Swarthmore College | Johns Hopkins University | Dickinson College Library | Boston College | Harvard University | George Washington University | Georgetown University | Dartmouth Library | Virginia Commonwealth University | SUNY at Buffalo | John Carroll University, Grasselli Library | Duke University Libraries | University of North Carolina at Chapel Hill. University Libraries | University of Cincinnati - Main Campus | University of Kentucky Libraries | University of Notre Dame | Indiana University | University of Chicago Library | School of The Art Institute of Chicago | University of Illinois at Urbana Champaign | Vanderbilt University Library | University of Wisconsin - Madison General Library System | University of Minnesota, Twin Cities | Iowa State University | Rice University | University of Texas Libraries | University of Denver, University Libraries | Denver Public Library | Colorado College | Brigham Young University | University of Arizona Libraries | University of Washington Libraries | University of Oregon Libraries | University of California, Santa Barbara | UC Berkeley Libraries | Stanford University | Manchester Metropolitan University Library | Manchester Metropolitan University - TEST INSTITUTION | University of Sheffield | University of Cambridge | UCL | Thammasat University Library	Dmitry Prigov. <i>Soviet Texts</i>. Translated by Simon Schuchat. New York: Ugly Duckling Presse, 2020.	https://tamizdatproject.org/media/publication_images/soviet-texts.jpg	English	Dmitry Prigov				Simon Schuchat		Ugly Duckling Presse	
a35e45fe-0a67-49e3-a222-ed685b68f329		https://tamizdatproject.org/publications/staub-tanzend/	staub-tanzend	Staub tanzend		Staub tanzend		2020	Berlin	Bibliotheks-und Informationssystem der Carl von Ossietzky Universität Oldenburg (BIS) | Deutsche Nationalbibliothek Frankfurt am Main | Universitätsbibliothek Basel | Universitätsbibliothek Würzburg | Universitätsbibliothek Bamberg | Universität Potsdam, Universitätsbibliothek | Universitätsbibliothek Leipzig | Deutsche Nationalbibliothek Leipzig | Staatsbibliothek zu Berlin - Preußischer Kulturbesitz, Haus Potsdamer Straße | Humboldt-Universität zu Berlin, Universitätsbibliothek, Jacob-und-Wilhelm-Grimm-Zentrum | Universitätsbibliothek Bern | Zentralbibliothek Zürich	Dmitry Strotsev. <i>Staub tanzend</i>. Translated by Andreas Weihe. Berlin: hochroth Minsk, 2020.	https://tamizdatproject.org/media/publication_images/Снимок-экрана-2024-05-11-в-14.30.30-копия-1.jpg	German	Dmitry Strotsev				Andreas Weihe		hochroth Minsk	
dfdff75e-b730-460b-b4a4-998f46573a94		https://tamizdatproject.org/publications/strana/	strana	Страна		Strana		2020	Ozolnieki	Harvard University | University of North Carolina at Chapel Hill. University Libraries	Anne-Marie Albiach. <i>Strana</i>. Translated by Kirill Korchagin. Ozolnieki: Literature without Borders, 2020.	https://tamizdatproject.org/media/publication_images/strana.jpg	Russian	Anne-Marie Albiach				Kirill Korchagin		Literature without Borders	
8debdfe9-c73a-466b-8891-e6462cebb8fd		https://tamizdatproject.org/publications/ustroistvo-utrennikh-moskovskikh-ulits/	ustroistvo-utrennikh-moskovskikh-ulits	Устройство утренних московских улиц		Ustroistvo utrennikh moskovskikh ulits		2020	Ozolnieki	Columbia University in the City of New York | Princeton University Library | Harvard University | University of North Carolina at Chapel Hill. University Libraries | University of Chicago Library | UC Berkeley Libraries | Bayerische Staatsbibliothek	Vladimir Aristov. <i>Ustroistvo utrennikh moskovskikh ulits</i>. Ozolnieki: Literature without Borders, 2020.	https://tamizdatproject.org/media/publication_images/ustroistvo-utrennikh-moskovskikh-ulits.jpg	Russian	Vladimir Aristov						Literature without Borders	
a046fe80-9ed6-460e-b5c9-419b0e087790		https://tamizdatproject.org/publications/chistaia-rech/	chistaia-rech	Чистая речь		Chistaia rech’		2019	Ozolnieki	Harvard University | University of Pittsburgh | University of Illinois at Urbana Champaign | University of Washington Libraries | UC Berkeley Libraries | Stanford University	Vladimir Ermolaev. <i>Chistaia rech’</i>. Ozolnieki: Literature without Borders, 2019.	https://tamizdatproject.org/media/publication_images/chistaia-rech.jpg	Russian	Vladimir Ermolaev						Literature without Borders	
231829bd-8068-4420-9e63-4d77845924ac		https://tamizdatproject.org/publications/ekspeditsiia/	ekspeditsiia	Экспедиция		Ekspeditsiia		2019	Ozolnieki	Harvard University | University of Pittsburgh | University of Illinois at Urbana Champaign | UC Berkeley Libraries	Elena Mikhailik. <i>Ekspeditsiia</i>. Ozolnieki: Literature without Borders, 2019.	https://tamizdatproject.org/media/publication_images/ekspeditsiia.jpg	Russian	Elena Mikhailik						Literature without Borders	
8327d4f1-da7c-4dd1-b5b9-08baea3ef63f		https://tamizdatproject.org/publications/elementary-poetry/	elementary-poetry	Elementary Poetry		Elementary Poetry		2019	New York	New York University | New York Public Library | Museum of Modern Art (MOMA) | Hunter College | New York University, IFA, Stephen Chan Library | Princeton University Library | Vassar College | Yale University Library | Temple University Libraries | University of Pennsylvania Libraries | Haverford College Libraries | State University of New York, Binghamton University Libraries | Colgate University | Boston College | Harvard University | Virginia Commonwealth University | SUNY at Buffalo | University of Pittsburgh | York University, Law Library | York University Libraries | John Carroll University, Grasselli Library | Oberlin College Libraries | Michigan State University Libraries | University of Cincinnati - Main Campus | University of Kentucky Libraries | University of Georgia | University of Chicago Library | School of The Art Institute of Chicago | University of Illinois at Urbana Champaign | University of Wisconsin - Madison General Library System | University of Alabama | University of Minnesota, Twin Cities | Iowa State University | University of South Dakota | University of Oklahoma | Rice University | University of Texas Libraries | University of Denver, University Libraries | Colorado College | Brigham Young University | University of Alberta | University of Arizona Libraries | University of Washington Libraries | University of California, San Diego | University of California, Santa Barbara | UC Berkeley Libraries | Manchester Metropolitan University Library | Manchester Metropolitan University - TEST INSTITUTION | University of Cambridge | UCL | Bibliothèque Kandinsky-Centre Pompidou - Centre de documentation et de recherche du Musée national d'art moderne - Centre de création industrielle | Mid Hudson Library System	Andrei Monastyrsky. <i>Elementary Poetry</i>. Edited by Elena Kalinsky. Translated by Brian Droitcour, Elena Kalinsky. New York: Ugly Duckling Presse, 2019.	https://tamizdatproject.org/media/publication_images/elementary-poetry.jpg	English	Andrei Monastyrsky		Elena Kalinsky		Brian Droitcour | Elena Kalinsky		Ugly Duckling Presse	
a74bd305-ce5a-4a17-b8ac-a0e60603ef19		https://tamizdatproject.org/publications/mashenka/	mashenka	Машенька		Mashen’ka		2019	Ozolnieki	New York University | Princeton University Library | Harvard University | University of Pittsburgh | University of Illinois at Urbana Champaign | University of Washington Libraries | Stanford University	Vasily Borodin. <i>Mashen’ka</i>. Ozolnieki: Literature without Borders, 2019.	https://tamizdatproject.org/media/publication_images/mashenka.jpg	Russian	Vasily Borodin						Literature without Borders	
397b35cb-6f70-4ced-8a8e-faeedf4b7144		https://tamizdatproject.org/publications/stikhi-napisannye-na-pliazhe/	stikhi-napisannye-na-pliazhe	Стихи, написанные на пляже		Stikhi, napisannye na pliazhe		2019	Ozolnieki	Princeton University Library | Harvard University | University of Pittsburgh	Vadim Kalinin. <i>Stikhi, napisannye na pliazhe</i>. Ozolnieki: Literature without Borders, 2019.	https://tamizdatproject.org/media/publication_images/stikhi-napisannye-na-pliazhe.jpg	Russian	Vadim Kalinin						Literature without Borders	
c6215e59-c8c9-4e5c-9d52-6eb92a7a1fff	2	https://tamizdatproject.org/publications/the-russian-version-2nd-edition/	the-russian-version-2nd-edition	The Russian Version		The Russian Version		2019	New York	New York University | New York Public Library | Columbia University in the City of New York | Princeton University Library | Vassar College | Yale University Library | Temple University Libraries | University of Pennsylvania Libraries | Haverford College Libraries | Williams College | Brown University | Johns Hopkins University | Boston College | Boston University Libraries | Harvard University | University of Rochester | Virginia Commonwealth University | SUNY at Buffalo | John Carroll University, Grasselli Library | Duke University Libraries | University of North Carolina at Chapel Hill. University Libraries | Oberlin College Libraries | University of Kentucky Libraries | University of Notre Dame | Jefferson Community & Technical College | Indiana University | University of Chicago Library | School of The Art Institute of Chicago | University of Illinois at Urbana Champaign | University of Wisconsin - Madison General Library System | University of Minnesota, Twin Cities | Iowa State University | University of Kansas | University of South Dakota | University of Manitoba Libraries | University of Texas Libraries | University of Denver, University Libraries | Colorado College | Naropa University | University of Arizona Libraries | University of Washington Libraries | UC Berkeley Libraries | Stanford University | Manchester Metropolitan University Library | Manchester Metropolitan University - TEST INSTITUTION	Elena Fanailova. <i>The Russian Version</i>. Translated by Genya Turovskaya. New York: Ugly Duckling Presse, 2019.	https://tamizdatproject.org/media/publication_images/the-russian-version-2nd-edition.jpg	Russian | English	Elena Fanailova				Genya Turovskaya		Ugly Duckling Presse	
9515b9ae-559c-4cbc-b2c3-a2e175154216		https://tamizdatproject.org/publications/vsenoshchnaia-zver/	vsenoshchnaia-zver	Всенощная зверь		Vsenoshchnaia zver’		2019	Ozolnieki	New York University | University of Washington Libraries | University of California, Los Angeles | UC Berkeley Libraries | Stanford University | University of Oxford | National Library of Israel	Linor Goralik. <i>Vsenoshchnaia zver’</i>. Ozolnieki: Literature without Borders, 2019.	https://tamizdatproject.org/media/publication_images/vsenoshchnaia-zver.jpg	Russian	Linor Goralik						Literature without Borders	
5915ced0-56f6-41f9-9dac-e351a2f5181b		https://tamizdatproject.org/publications/alphabet-for-the-entrants/	alphabet-for-the-entrants	Alphabet for the Entrants		Alphabet for the Entrants		2018	New York	New York University | New York Public Library | Queens College | Vassar College | Yale University Library | Brown University | Harvard University | SUNY at Buffalo | John Carroll University, Grasselli Library | Emory University Library | University of Wisconsin - Madison General Library System | University of Iowa Libraries | University of Minnesota, Twin Cities | Iowa State University | University of Texas Libraries | Colorado College | Naropa University | University of Arizona Libraries | UC Berkeley Libraries | Bibliotheek Universiteit van Amsterdam	Vasilisk Gnedov. <i>Alphabet for the Entrants</i>. Translated by Emilia Loseva, Danny Winkler. New York: Ugly Duckling Presse, 2018.	https://tamizdatproject.org/media/publication_images/alphabet-for-the-entrants.jpg	English	Vasilisk Gnedov				Emilia Loseva | Danny Winkler		Ugly Duckling Presse	
1a899370-4b9d-4670-a211-5b3e108f1e7f		https://tamizdatproject.org/publications/blednye-gospoda-s-chashechkoi-kofe-v-rukakh/	blednye-gospoda-s-chashechkoi-kofe-v-rukakh	Бледные господа с чашечкой кофе в руках		Blednye gospoda s chashechkoi kofe v rukakh		2018	Ozolnieki	Deutsche Nationalbibliothek Leipzig	Herta Müller. <i>Blednye gospoda s chashechkoi kofe v rukakh</i>. Translated by Boris Schapiro. Ozolnieki: Literature without Borders, 2018.	https://tamizdatproject.org/media/publication_images/blednye-gospoda-s-chashechkoi-kofe-v-rukakh.jpg	Russian	Herta Müller				Boris Schapiro		Literature without Borders	
3bc1f303-2e88-43f1-88aa-815c4fd34669		https://tamizdatproject.org/publications/chetyre-goda-vremeni/	chetyre-goda-vremeni	Четыре года времени		Chetyre goda vremeni		2018	Ozolnieki	Princeton University Library | Harvard University | University of Pittsburgh | University of North Carolina at Chapel Hill. University Libraries | University of Iowa Libraries | University of Washington Libraries | UC Berkeley Libraries	Maria Galina. <i>Chetyre goda vremeni</i>. Ozolnieki: Literature without Borders, 2018.	https://tamizdatproject.org/media/publication_images/chetyre-goda-vremeni.jpg	Russian	Maria Galina						Literature without Borders	
78c231de-91f4-46fd-83c9-f8f0f6379d23		https://tamizdatproject.org/publications/cosmos-avenue/	cosmos-avenue	Kosmiskais prospekts		Cosmos Avenue		2018	Ozolnieki	Princeton University Library | UC Berkeley Libraries	Galina Rymbu. <i>Cosmos Avenue</i>. Translated by Einārs Pelšs, Arvis Viguls, Dainis Deigelis. Ozolnieki: Literature without Borders, 2018.	https://tamizdatproject.org/media/publication_images/cosmos-avenue.jpg	Russian | Latvian	Galina Rymbu				Einārs Pelšs | Arvis Viguls | Dainis Deigelis		Literature without Borders	
6bc6ef36-d139-42b3-ab97-846e5a000539		https://tamizdatproject.org/publications/gestures/	gestures	Gestures		Gestures		2018	New York	New York University | New York Public Library | Columbia University in the City of New York | Princeton University Library | Vassar College | Yale University Library | University of Pennsylvania Libraries | Brown University | Johns Hopkins University | Harvard University | Dartmouth Library | SUNY at Buffalo | John Carroll University, Grasselli Library | Duke University Libraries | University of Notre Dame | Indiana University | University of Chicago Library | Emory University Library | University of Illinois at Urbana Champaign | University of Wisconsin - Madison General Library System | University of Iowa Libraries | University of Minnesota, Twin Cities | Iowa State University | University of Texas Libraries | University of Denver, University Libraries | Colorado College | Naropa University | Brigham Young University | University of Alberta | University of Arizona Libraries | University of Washington Libraries | UC Berkeley Libraries | The Library of Trinity College Dublin, the University of Dublin | Manchester Metropolitan University Library | Manchester Metropolitan University - TEST INSTITUTION | University of Cambridge	Artis Ostups. <i>Gestures</i>. Translated by Jayde Will. New York: Ugly Duckling Presse, 2018.	https://tamizdatproject.org/media/publication_images/gestures.jpg	English	Artis Ostups				Jayde Will		Ugly Duckling Presse	
e4f8448e-a4aa-4760-b826-c387d2cf7789		https://tamizdatproject.org/publications/kak-dame-zhit-v-puchke-volos/	kak-dame-zhit-v-puchke-volos	Как даме жить в пучке волос		Kak dame zhit’ v puchke volos		2018	Ozolnieki	Deutsche Nationalbibliothek Leipzig	Herta Müller. <i>Kak dame zhit’ v puchke volos</i>. Translated by Alesha Prokopiev. Ozolnieki: Literature without Borders, 2018.	https://tamizdatproject.org/media/publication_images/kak-dame-zhit-v-puchke-volos.jpg	Russian	Herta Müller				Alesha Prokopiev		Literature without Borders	
375562a9-e679-4e53-b90c-a10ba1db460f		https://tamizdatproject.org/publications/mne-ne-ochen/	mne-ne-ochen	Мне не очень		Mne ne ochen’		2018	Ozolnieki	University of Washington Libraries | Stanford University	Oleg Pashchenko. <i>Mne ne ochen’</i>. Ozolnieki: Literature without Borders, 2018.	https://tamizdatproject.org/media/publication_images/mne-ne-ochen.jpg	Russian	Oleg Pashchenko						Literature without Borders	
85cb818c-c071-4e1e-b6fb-d5255904c842		https://tamizdatproject.org/publications/moss-silver/	moss-silver	Moss & Silver		Moss & Silver		2018	New York	New York University | New York Public Library | Columbia University in the City of New York | Nassau Community College | Westchester Library System | Princeton University Library | Vassar College | Yale University Library | Temple University Libraries | University of Pennsylvania Libraries | Wesleyan University | Four County Library System | Brown University | Johns Hopkins University | Finger Lakes Library System | Harvard University | Dartmouth Library | SUNY at Buffalo | University of Pittsburgh | John Carroll University, Grasselli Library | Duke University Libraries | Grand Rapids Public Library | University of Notre Dame | Indiana University | University of Chicago Library | Chicago Public Library | University of Wisconsin - Milwaukee | Milwaukee Public Library | Emory University Library | University of Illinois at Urbana Champaign | Champaign Public Library | Woodstock Public Library | University of Iowa Libraries | University of Minnesota, Twin Cities | Iowa State University | West Des Moines Public Library | Johnson County Library | University of Texas Libraries | Austin Public Library | University of Denver, University Libraries | Denver Public Library | Colorado College | Brigham Young University | Salt Lake City Public Library | University of Alberta | University of Arizona Libraries | Arizona State University Library | University of Washington Libraries | Los Angeles Public Library | UC Berkeley Libraries | Stanford University | National Library of Scotland | Manchester Metropolitan University Library | Manchester Metropolitan University - TEST INSTITUTION | University of Cambridge | Mestna knjižnica Ljubljana | Narodna in univerzitetna knjiznica | Univerzitetna knjižnica Maribor | National Library Information System of Slovenia, COBIB/COBISS | House of Wisdom	Jure Detela. <i>Moss & Silver</i>. Translated by Raymond Miller, Tatjana Jamnik. New York: Ugly Duckling Presse, 2018.	https://tamizdatproject.org/media/publication_images/moss-silver.jpg	English	Jure Detela				Raymond Miller | Tatjana Jamnik		Ugly Duckling Presse	
11e4d133-8f84-4aeb-8176-96ec94c10721	1	https://tamizdatproject.org/publications/reported-speech/	reported-speech	Reported Speech		Reported Speech		2018	New York	New York University | New York Public Library | Columbia University in the City of New York | University of Pennsylvania Libraries | Haverford College Libraries | University of Delaware Library | Williams College | Brown University | Johns Hopkins University | UMBC | Boston College | Harvard University | Georgetown University | University of Richmond | Duke University Libraries | Wake Forest University - ZSR Library | Michigan State University Libraries | University of Notre Dame | Indiana University | University of Georgia | University of Chicago Library | Vanderbilt University Library | University of Alabama | University of Iowa Libraries | Florida State University | University of Denver, University Libraries | Brigham Young University | University of Washington Libraries | UC Berkeley Libraries | Stanford University | Freie Universität Berlin, Universitätsbibliothek, Zentralbibliothek | Universitätsbibliothek der LMU München	Pavel Arseniev. <i>Reported Speech</i>. Translated by Thomas Campbell. New York: Cicada Press, 2018.	https://tamizdatproject.org/media/publication_images/reported-speech_J05H0vx.jpeg	English | Russian	Pavel Arseniev				Thomas Campbell		Cicada Press	
45ec797c-6b95-4d17-a6e1-6364ac2e0e15		https://tamizdatproject.org/publications/veter-po-chastiam/	veter-po-chastiam	Ветер по частям		Veter po chastiam		2018	Ozolnieki	Princeton University Library | University of Pennsylvania Libraries | UC Berkeley Libraries	Andrei Cherkasov. <i>Veter po chastiam</i>. Ozolnieki: Literature without Borders, 2018.	https://tamizdatproject.org/media/publication_images/veter-po-chastiam.jpg	Russian	Andrei Cherkasov						Literature without Borders	
62b3fdb0-e39a-4b4c-b99d-96aacdd5e8f6		https://tamizdatproject.org/publications/chelovek-bez-knigi/	chelovek-bez-knigi	Человек без книги		Chelovek bez knigi		2017	Ozolnieki	Harvard University	David Shapiro. <i>Chelovek bez knigi</i>. Translated by Gali-Dana Zinger. Ozolnieki: Literature without Borders, 2017.	https://tamizdatproject.org/media/publication_images/chelovek-bez-knigi.jpg	Russian	David Shapiro				Gali-Dana Zinger		Literature without Borders	
1253f6a0-48aa-46d9-9a3e-d5d573cace44		https://tamizdatproject.org/publications/kholin-66-diaries-and-poems/	kholin-66-diaries-and-poems	Kholin 66: Diaries and Poems		Kholin 66: Diaries and Poems		2017	New York	New York University | New York Public Library | Columbia University in the City of New York | Vassar College | Yale University Library | Haverford College Libraries | Amherst College Library | State University of New York, Binghamton University Libraries | Schenectady County Community College | Brown University | Johns Hopkins University | Mid York Library System | Boston College | Harvard University | American University | Dartmouth Library | University of Rochester | University of Richmond | SUNY at Buffalo | John Carroll University, Grasselli Library | Duke University Libraries | Oberlin College Libraries | University of Kentucky Libraries | University of Notre Dame | Indiana University | University of Georgia | University of Chicago Library | Loyola University Chicago | Milwaukee Public Library | Emory University Library | University of Illinois at Urbana Champaign | University of Iowa Libraries | Macalester College | University of Minnesota, Twin Cities | Iowa State University | University of Kansas | Tulane University | University of Manitoba Libraries | University of Oklahoma | Sam Houston State University | University of Texas Libraries | University of Denver, University Libraries | Colorado College | University of Wyoming | The University of Texas at El Paso | University of Arizona Libraries | University of Washington Libraries | The Claremont Colleges | University of California, San Diego | University of California, Los Angeles | University of California, Davis | University of California, Santa Barbara | UC Berkeley Libraries | Stanford University | National Library of Scotland | Manchester Metropolitan University Library | Manchester Metropolitan University - TEST INSTITUTION | UCL | University of Cambridge	Igor Kholin. <i>Kholin 66: Diaries and Poems</i>. Translated by Ainsley Morse, Bela Shayevich. New York: Ugly Duckling Presse, 2017.	https://tamizdatproject.org/media/publication_images/kholin-66-diaries-and-poems.jpg	English	Igor Kholin				Ainsley Morse | Bela Shayevich		Ugly Duckling Presse	
93749303-09de-4136-a962-2f9fb414288c		https://tamizdatproject.org/publications/stikhi-iz-knigi-i-drugie-stikhi/	stikhi-iz-knigi-i-drugie-stikhi	Стихи из книги и другие стихи		Stikhi iz knigi i drugie stikhi		2017	Ozolnieki	Columbia University in the City of New York | Princeton University Library | Harvard University | Library of Congress | University of Pittsburgh | University of North Carolina at Chapel Hill. University Libraries | University of Michigan | University of Chicago Library | University of Texas Libraries | University of Washington Libraries | UC Berkeley Libraries | Stanford University | University of Cambridge | The British Library, St. Pancras | Bayerische Staatsbibliothek | Monash University Library	Stanislav Lvovsky. <i>Stikhi iz knigi i drugie stikhi</i>. Ozolnieki: Literature without Borders, 2017.	https://tamizdatproject.org/media/publication_images/stikhi-iz-knigi-i-drugie-stikhi.jpg	Russian	Stanislav Lvovsky						Literature without Borders	
93ea8d9a-f0c5-4177-9f3a-a0d95cdc7c7a		https://tamizdatproject.org/publications/ulybka-vegenera/	ulybka-vegenera	Улыбка Вегенера		Ulybka Vegenera		2017	Ozolnieki	Columbia University in the City of New York | Princeton University Library | Harvard University | University of Pittsburgh | University of North Carolina at Chapel Hill. University Libraries | Indiana University | University of Illinois at Urbana Champaign | University of Oregon Libraries | UC Berkeley Libraries | The British Library, St. Pancras | Library of Congress | Bayerische Staatsbibliothek	Yan Kaplinsky. <i>Ulybka Vegenera</i>. Ozolnieki: Literature without Borders, 2017.	https://tamizdatproject.org/media/publication_images/ulybka-vegenera.jpg	Russian	Yan Kaplinsky						Literature without Borders	
7b4cc66b-054d-4c1f-a9b9-6fe0332908dd		https://tamizdatproject.org/publications/vozdushnaia-trevoga-1/	vozdushnaia-trevoga-1	Воздушная тревога		Vozdushnaia trevoga		2017	Ozolnieki	New York University | Columbia University in the City of New York | Princeton University Library | University of Pennsylvania Libraries | Boston College | Harvard University | Library of Congress | University of Pittsburgh | University of North Carolina at Chapel Hill. University Libraries | Indiana University | University of Chicago Library | University of Illinois at Urbana Champaign | University of Wisconsin - Madison General Library System | University of Washington Libraries | UC Berkeley Libraries | Stanford University | University of Oxford | The British Library, St. Pancras | Universitätsbibliothek der LMU München | Bayerische Staatsbibliothek	Polina Barskova. <i>Vozdushnaia trevoga</i>. Ozolnieki: Literature without Borders, 2017.	https://tamizdatproject.org/media/publication_images/vozdushnaia-trevoga-1.jpg	Russian	Polina Barskova						Literature without Borders	
d009e822-83d5-41ce-b190-cc3d15fb87ef		https://tamizdatproject.org/publications/what-we-saw-from-this-mountain/	what-we-saw-from-this-mountain	What We Saw from This Mountain		What We Saw from This Mountain		2017	New York	New York University | New York Public Library | Hunter College | Columbia University in the City of New York | Princeton University Library | Vassar College | Yale University Library | University of Delaware Library | State University of New York, Binghamton University Libraries | Brown University | Bennington College | Johns Hopkins University | Boston College | Boston University Libraries | Harvard University | MIT Libraries | Syracuse University | Georgetown University | Dartmouth Library | University of Rochester | University of Richmond | SUNY at Buffalo | University of Pittsburgh | Université d'Ottawa | John Carroll University, Grasselli Library | Duke University Libraries | University of North Carolina at Chapel Hill. University Libraries | Wake Forest University - ZSR Library | University of Kentucky Libraries | University of Tennessee at Knoxville | Indiana University | Milwaukee Public Library | Emory University Library | Emory University | University of Iowa Libraries | Macalester College | University of Minnesota, Twin Cities | Iowa State University | University of Kansas | Tulane University | University of Texas Libraries | University of Denver, University Libraries | Colorado College | University of Alberta | University of Arizona Libraries | Arizona State University Library | University of Washington Libraries | University of California, San Diego | University of British Columbia Library | University of Victoria Libraries | University of California, Los Angeles | Watsonville Public Library | UC Berkeley Libraries | Stanford University | Manchester Metropolitan University Library | Manchester Metropolitan University - TEST INSTITUTION | University of Cambridge | Bibliotheek Universiteit van Amsterdam | LIBRIS	Vladimir Aristov. <i>What We Saw from This Mountain</i>. Edited by Julia Tribukhina-Kunina. Translated by Betsy Hulick, Yulia Kunina. New York: Ugly Duckling Presse, 2017.	https://tamizdatproject.org/media/publication_images/what-we-saw-from-this-mountain.jpg	Russian | English	Vladimir Aristov		Julia Tribukhina-Kunina		Betsy Hulick | Yulia Kunina		Ugly Duckling Presse	
0aa4554e-5d63-446b-9d12-be5a74da3073		https://tamizdatproject.org/publications/dym-vnutr-pogody/	dym-vnutr-pogody	Дым внутрь погоды		Dym vnutr' pogody		2016	Riga	Columbia University in the City of New York | Princeton University Library | University of Pennsylvania Libraries | Library of Congress | University of Pittsburgh | University of North Carolina at Chapel Hill. University Libraries | UC Berkeley Libraries | University of Cambridge | Bayerische Staatsbibliothek | The British Library, St. Pancras	Andrei Levkin. <i>Dym vnutr' pogody</i>. Riga: Orbita, 2016.	https://tamizdatproject.org/media/publication_images/dym_vnutr.png	Russian	Andrei Levkin						Orbita	
a52266a1-9c1a-4171-bf2e-6613150a828e	2	https://tamizdatproject.org/publications/its-no-good/	its-no-good	It’s No Good		It’s No Good		2016	New York	New York University | New York Public Library | Museum of Modern Art (MOMA) | Columbia University in the City of New York | Princeton University Library | Vassar College | University of Delaware Library | Brown University | Johns Hopkins University | Boston College | Harvard University | Syracuse University | Dartmouth Library | Virginia Commonwealth University | University of Pittsburgh | Université d'Ottawa | National Gallery of Canada, Library and Archives | University of Toronto Group | University of Toronto | Duke University Libraries | University of North Carolina at Chapel Hill. University Libraries | Wake Forest University - ZSR Library | University of Notre Dame | Indiana University | University of Chicago Library | Macalester College | University of Minnesota, Twin Cities | Iowa State University | University of Texas Libraries | University of Denver, University Libraries | University of Utah | University of Arizona Libraries | Arizona State University Library | Lewis & Clark College | University of California, Santa Barbara | Mills College at Northeastern University | UC Berkeley Libraries | Stanford University | University of California, Santa Cruz | Manchester Metropolitan University Library | Manchester Metropolitan University - TEST INSTITUTION | UCL	Kirill Medvedev. <i>It’s No Good</i>. Edited by Keith Gessen, Isabel Lane. Translated by Keith Gessen, Mark Krotov, Cory Merrill, Bela Shayevich. New York: Ugly Duckling Presse, 2016.	https://tamizdatproject.org/media/publication_images/its-no-good.jpg	English	Kirill Medvedev		Keith Gessen | Isabel Lane		Keith Gessen | Mark Krotov | Cory Merrill | Bela Shayevich		Ugly Duckling Presse	
c6ce061c-d4d0-4e90-84ac-46203a973c6f		https://tamizdatproject.org/publications/letter-to-the-amazon/	letter-to-the-amazon	Letter to the Amazon		Letter to the Amazon		2016	New York	New York University | New York Public Library | Columbia University in the City of New York | Princeton University Library | Vassar College | Yale University Library | Swarthmore College | Mount Holyoke College | Schenectady County Community College | Brown University | Bennington College | Towson University | Mid York Library System | Harvard University | Georgetown University | Dartmouth Library | University of Rochester | SUNY at Buffalo | Toronto Metropolitan University | Toronto Public Library | York University, Law Library | York University Libraries | John Carroll University, Grasselli Library | Duke University Libraries | University of North Carolina at Chapel Hill. University Libraries | University of Notre Dame | University of Georgia | University of Chicago Library | University of Wisconsin - Milwaukee | Emory University Library | University of Illinois at Urbana Champaign | University of Wisconsin - Madison General Library System | University of Iowa Libraries | University of Missouri -- Columbia | Macalester College | University of Minnesota, Twin Cities | Iowa State University | Tulane University | University of Texas Libraries | University of Denver, University Libraries | Colorado College | University of Arizona Libraries | Arizona State University Library | University of Washington Libraries | Vancouver Public Library | University of California, San Diego | University of British Columbia Library | Chapman University, Leatherby Libraries | Reed College Library | Los Angeles Public Library | UC Berkeley Libraries | Stanford University | University of Sheffield | University of Cambridge | UCL | LIBRIS | Tel Aviv University | Monash University Library	Marina Tsvetaeva. <i>Letter to the Amazon</i>. New York: Ugly Duckling Presse, 2016.	https://tamizdatproject.org/media/publication_images/letter-to-the-amazon.jpg	English	Marina Tsvetaeva						Ugly Duckling Presse	
26a92a89-ca16-4ca3-baab-31e4787d9ce5	1	https://tamizdatproject.org/publications/not-a-word-about-politics/	not-a-word-about-politics	Not a Word About Politics!		Not a Word About Politics!		2016	New York	Freie Universität Berlin, Universitätsbibliothek, Zentralbibliothek | New York University | Brown University | University of Chicago Library | UC Berkeley Libraries | Stanford University	Roman Osminkin. <i>Not a Word About Politics!</i> New York: Cicada Press, 2016.	https://tamizdatproject.org/media/publication_images/not-a-word-about-politics_oeDNu1N.jpg	English	Roman Osminkin						Cicada Press	
4c500c48-a1c1-402f-a3a4-5c1e365bb99e		https://tamizdatproject.org/publications/smert-smotret/	smert-smotret	Смерть смотреть		Smert’ smotret’		2016	Ozolnieki	Columbia University in the City of New York | Princeton University Library | Harvard University | University of Pittsburgh | University of North Carolina at Chapel Hill. University Libraries | University of Washington Libraries | UC Berkeley Libraries | University of Cambridge | Bayerische Staatsbibliothek	Igor Bulatovsky. <i>Smert’ smotret’</i>. Ozolnieki: Literature without Borders, 2016.	https://tamizdatproject.org/media/publication_images/smert-smotret.jpg	Russian	Igor Bulatovsky						Literature without Borders	
7f08c724-ca6c-4f1b-a92d-64856c70388b		https://tamizdatproject.org/publications/vse-zavisit-tolko-ot-nas/	vse-zavisit-tolko-ot-nas	Всё зависит только от нас		Vse zavisit tol’ko ot nas		2016	Ozolnieki	Columbia University in the City of New York | Princeton University Library | Boston College | Duke University Libraries | University of Iowa Libraries | University of Manitoba Libraries | University of California, San Diego | University of Cambridge | Zentralbibliothek Zürich	Serhiy Zhadan. <i>Vse zavisit tol’ko ot nas</i>. Translated by Polina Barskova. Ozolnieki: Literature without Borders, 2016.	https://tamizdatproject.org/media/publication_images/vse-zavisit-tolko-ot-nas.jpg	Russian	Serhiy Zhadan				Polina Barskova		Literature without Borders	
01320170-d947-4772-879e-da4938491392		https://tamizdatproject.org/publications/vzmakh-i-vzmakh/	vzmakh-i-vzmakh	Взмах и взмах		Vzmakh i vzmakh		2016	Ozolnieki	Columbia University in the City of New York | Princeton University Library | Cornell University Library | University of Pittsburgh | Duke University Libraries | University of North Carolina at Chapel Hill. University Libraries | UC Berkeley Libraries | University of Cambridge | Harvard University	Gali-Dana Zinger. <i>Vzmakh i vzmakh</i>. Ozolnieki: Literature without Borders, 2016.	https://tamizdatproject.org/media/publication_images/vzmakh-i-vzmakh.jpg	Russian	Gali-Dana Zinger						Literature without Borders	
98f1bb47-ed50-465b-9197-090681e9ca28	1	https://tamizdatproject.org/publications/written-in-the-dark-five-poets-in-the-siege-of-leningrad/	written-in-the-dark-five-poets-in-the-siege-of-leningrad	Written in the Dark	Five Poets in the Siege of Leningrad	Written in the Dark	Five Poets in the Siege of Leningrad	2016	New York	New York University | New York Public Library | LaGuardia Community College Library Media Resources Center | Hunter College | Columbia University in the City of New York | Queens College | Rutgers, The State University of New Jersey | United States Military Academy | Ramapo Catskill Library System | Vassar College | Yale University Library | SUNY at New Paltz | Temple University Libraries | University of Pennsylvania Libraries | Swarthmore College | Wesleyan University | Connecticut College | University of Delaware Library | Amherst College Library | State University of New York, Binghamton University Libraries | University of Massachusetts Amherst | University of Rhode Island Library, Kingston | Williams College | Greenfield Community College | Brown University | Bennington College | Towson University | Johns Hopkins University | Minuteman Library Network | Wellesley College | Boston College | Harvard University | Syracuse University | University of Maryland Libraries | Pennsylvania State University Libraries | American University | Georgetown University | Dartmouth Library | University of Rochester | Indiana University of Pennsylvania | William And Mary | University of Richmond | SUNY at Buffalo | Carnegie Library of Pittsburgh | Université d'Ottawa | University of Toronto St Michael's College Library | Toronto Public Library | University of Toronto Group | York University, Law Library | York University Libraries | Marietta College | Duke University Libraries | University of North Carolina at Chapel Hill. University Libraries | Oberlin College Libraries | Wake Forest University - ZSR Library | Eastern Michigan University Library | Michigan State University Libraries | University of Cincinnati - Main Campus | University of Kentucky Libraries | University of Tennessee at Knoxville | University of Notre Dame | The Indianapolis Public Library | Indiana University | University of Georgia | University of Illinois at Chicago Library | Loyola University Chicago | Northwestern University | College of DuPage | Emory University Library | Emory University | University of Illinois at Urbana Champaign | Sewanee: The University of the South | Northern Illinois University | Olson Library, Northern Michigan University | University of Wisconsin - Madison General Library System | Northeast Iowa Community College | University of Iowa Libraries | Florida State University | University of Central Florida | Rochester Public Library | University of Missouri -- Columbia | University of Minnesota, Twin Cities | Iowa State University | University of Kansas | Tulane University | University of South Dakota | East Baton Rouge Parish Library System | Wayne State College | Collin College | Southern Methodist University Libraries | University of St. Thomas | Rice University | University of Texas Libraries | Harry Ransom Humanities Research Center (HRC); University of Texas at Austin | University of Denver, University Libraries | Colorado College | University of Wyoming | University of Saskatchewan Library | University of Arizona Libraries | Washington State University | The Alma Jordan Library - The University of the West Indies | University of Washington Libraries | Vancouver Public Library | University of California, San Diego | University of British Columbia Library | Los Angeles Public Library | University of Southern California | University of California, Merced | University of California, Santa Barbara | UC Berkeley Libraries | University of California, Systemwide Library Facility-North | Stanford University | San Francisco State University Library | Manchester Metropolitan University Library | Manchester Metropolitan University - TEST INSTITUTION | Durham University Library and Collections | University of Nottingham | University of Cambridge | ZB Bibliotheek van Zeeland | Leiden University Libraries | Bibliotheek Universiteit van Amsterdam | Staats- und Universitätsbibliothek Bremen | Universitätsbibliothek Gießen | Universitätsbibliothek Basel | Universitätsbibliothek der Eberhard Karls Universität | Zentralbibliothek Zürich | Deutsches Historisches Institut (DHI) Warschau | Thammasat University Library | Newcastle University | LibrariesWest | UCL | University of Exeter Library	<i>Written in the Dark</i>. Edited by Polina Barskova. Translated by Anand Dibble, Ben Felker-Quinn, Ainsley Morse, Eugene Ostashevsky, Rebekah Smith, Charles Swank, Jason Wagner, Matvei Yankelevich. New York: Ugly Duckling Presse, 2016.	https://tamizdatproject.org/media/publication_images/written-in-the-dark-five-poets-in-the-siege-of-len.jpg	Russian | English			Polina Barskova		Anand Dibble | Ben Felker-Quinn | Ainsley Morse | Eugene Ostashevsky | Rebekah Smith | Charles Swank | Jason Wagner | Matvei Yankelevich		Ugly Duckling Presse	
042b5ae7-c946-4b32-bd3a-a8c0242c8652		https://tamizdatproject.org/publications/zhizn-i-mneniia-didzheia-spinozy/	zhizn-i-mneniia-didzheia-spinozy	Жизнь и мнения диджея Спинозы		Zhizn’ i mneniia didzheia Spinozy		2016	Ozolnieki	Bayerische Staatsbibliothek	Eugene Ostashevsky. <i>Zhizn’ i mneniia didzheia Spinozy</i>. Translated by Alexander Zapol. Ozolnieki: Literature without Borders, 2016.	https://tamizdatproject.org/media/publication_images/zhizn-i-mneniia-didzheia-spinozy.jpg	Russian | English	Eugene Ostashevsky				Alexander Zapol		Literature without Borders	
125fb978-91bd-4c71-bd7f-4f4d49632e1c		https://tamizdatproject.org/publications/a-science-not-for-the-earth-selected-poems-letters/	a-science-not-for-the-earth-selected-poems-letters	A Science Not for the Earth: Selected Poems & Letters		A Science Not for the Earth: Selected Poems & Letters		2015	New York	New York University | New York Public Library | Columbia University in the City of New York | Queens College | Princeton University Library | Vassar College | Yale University Library | Temple University Libraries | University of Pennsylvania Libraries | Wesleyan University | University of Delaware Library | Franklin & Marshall College | Amherst College Library | State University of New York, Binghamton University Libraries | Williams College | Brown University | Towson University | Johns Hopkins University | Wellesley College | Boston College | Harvard University | Syracuse University | Georgetown University | Dartmouth Library | William And Mary | Virginia Commonwealth University | University of Richmond | SUNY at Buffalo | University of Pittsburgh | Université d'Ottawa | Toronto Public Library | University of Toronto Group | University of Toronto | York University, Law Library | York University Libraries | Kent State University | John Carroll University, Grasselli Library | Western University | Duke University Libraries | University of North Carolina at Chapel Hill. University Libraries | Oberlin College Libraries | Wake Forest University - ZSR Library | University of Notre Dame | Indiana University | University of Chicago Library | Northwestern University | Emory University Library | Emory University | University of Illinois at Urbana Champaign | University of Wisconsin - Madison General Library System | University of Iowa Libraries | University of Missouri -- Columbia | Macalester College | University of Minnesota, Twin Cities | Iowa State University | University of Kansas | Tulane University | University of South Dakota | Rice University | University of Texas Libraries | University of Denver, University Libraries | Colorado College | University of Saskatchewan Library | Brigham Young University | University of Alberta | University of Arizona Libraries | Boise State University | University of Washington Libraries | Vancouver Public Library | University of California, San Diego | Los Angeles Public Library | University of California, Santa Barbara | UC Berkeley Libraries | Stanford University | National Library of Scotland | University of St Andrews | Manchester Metropolitan University Library | Manchester Metropolitan University - TEST INSTITUTION | Durham University Library and Collections | University of Sheffield | University of Cambridge | UCL | ZB Bibliotheek van Zeeland | Leiden University Libraries | Bibliotheek Universiteit van Amsterdam | Universitäts- und Stadtbibliothek Köln, Hauptabteilung | National Library Information System of Slovenia, COBIB/COBISS | University of Hawaii at Manoa | Thammasat University Library | LIBRIS	Yevgeny Baratynsky. <i>A Science Not for the Earth: Selected Poems & Letters</i>. Edited by Ilya Bernstein. Translated by Rawley Grau. New York: Ugly Duckling Presse, 2015.	https://tamizdatproject.org/media/publication_images/a-science-not-for-the-earth-selected-poems-letters.png	English	Yevgeny Baratynsky		Ilya Bernstein		Rawley Grau		Ugly Duckling Presse	
6a90d776-3c99-4e8a-bb5a-de8893e63c31		https://tamizdatproject.org/publications/hit-parade-the-orbita-group/	hit-parade-the-orbita-group	Hit Parade: The ORBITA Group		Hit Parade: The ORBITA Group		2015	New York	New York University | New York Public Library | Columbia University in the City of New York | Princeton University Library | Vassar College | Yale University Library | University of Pennsylvania Libraries | Wesleyan University | University of Delaware Library | Amherst College Library | State University of New York, Binghamton University Libraries | Brown University | Towson University | Harvard University | Syracuse University | Georgetown University | Dartmouth Library | University of Richmond | SUNY at Buffalo | Université d'Ottawa | University of Toronto St Michael's College Library | Toronto Public Library | University of Toronto Group | University of Toronto | York University, Law Library | York University Libraries | John Carroll University, Grasselli Library | Duke University Libraries | University of North Carolina at Chapel Hill. University Libraries | University of Notre Dame | University of Georgia | University of Chicago Library | University of Wisconsin - Milwaukee | Emory University Library | University of Illinois at Urbana Champaign | Sewanee: The University of the South | University of Iowa Libraries | University of Missouri -- Columbia | Macalester College | University of Minnesota, Twin Cities | Iowa State University | University of Kansas | Tulane University | University of Texas Libraries | University of Denver, University Libraries | Colorado College | Brigham Young University | University of Arizona Libraries | Boise State University | University of Washington Libraries | Reed College Library | Los Angeles Public Library | University of California, Santa Barbara | UC Berkeley Libraries | Stanford University | Internet Archive | University of St Andrews | Manchester Metropolitan University Library | Manchester Metropolitan University - TEST INSTITUTION | UCL | Universidad del País Vasco/Euskal Herriko Unibertsitatea | Bibliotheek Universiteit van Amsterdam | Universität Zürich / Nebis | University of Hawaii at Manoa | De La Salle-College of Saint Benilde	<i>Hit Parade: The ORBITA Group</i>. Edited by Kevin Platt. Translated by Polina Barskova, Charles Bernstein, Bob Perelman, Julia Bloch, Daniil Cherkassky, Sarah Dowling, Natalia Fedorova, Eugene Ostashevsky, Karina Sotnik, Sasha Spektor, Anton Tenser, Maya Vinokour, Michael Wachtel, Matvei Yankelevich, Kevin Platt. New York: Ugly Duckling Presse, 2015.	https://tamizdatproject.org/media/publication_images/hit-parade-the-orbita-group.jpg	Russian | English			Kevin Platt		Polina Barskova | Charles Bernstein | Bob Perelman | Julia Bloch | Daniil Cherkassky | Sarah Dowling | Natalia Fedorova | Eugene Ostashevsky | Karina Sotnik | Sasha Spektor | Anton Tenser | Maya Vinokour | Michael Wachtel | Matvei Yankelevich | Kevin Platt		Ugly Duckling Presse	
c2c5553c-62e9-40c4-b7c1-0c42253ee4f3		https://tamizdatproject.org/publications/kholodno-goriacho/	kholodno-goriacho	Холодно-горячо		Kholodno-goriacho		2015	Ozolnieki	University of Pennsylvania Libraries | Boston College | University of Toronto Group | University of Toronto | The British Library, St. Pancras	Grigory Kruzhkov. <i>Kholodno-goriacho</i>. Ozolnieki: Literature without Borders, 2015.	https://tamizdatproject.org/media/publication_images/kholodno-goriacho.jpg	Russian	Grigory Kruzhkov						Literature without Borders	
7bc725af-667f-4e99-a12c-2c1a06b7576f		https://tamizdatproject.org/publications/smert-v-luchshem-smysle-etogo-slova/	smert-v-luchshem-smysle-etogo-slova	Смерть в лучшем смысле этого слова		Smert’ v luchshem smysle etogo slova		2015	Ozolnieki	Columbia University in the City of New York | Princeton University Library | University of Pennsylvania Libraries | Boston College | Duke University Libraries | University of Kansas | UC Berkeley Libraries | University of Cambridge	Igor Pomerantsev. <i>Smert’ v luchshem smysle etogo slova</i>. Ozolnieki: Literature without Borders, 2015.	https://tamizdatproject.org/media/publication_images/smert-v-luchshem-smysle-etogo-slova.jpg	Russian	Igor Pomerantsev						Literature without Borders	
39e1e8d7-a8e0-43a5-b2d8-b6ae1c3f5177		https://tamizdatproject.org/publications/tak-eto-byl-gudochok/	tak-eto-byl-gudochok	Так это был гудочек		Tak eto byl gudochok		2015	Ozolnieki	National Library of Israel | Columbia University in the City of New York | Princeton University Library | Boston College | Harvard University | University of Toronto Group | University of Toronto | University of North Carolina at Chapel Hill. University Libraries | University of Wisconsin - Madison General Library System | UC Berkeley Libraries | University of Cambridge	Linor Goralik. <i>Tak eto byl gudochok</i>. Ozolnieki: Literature without Borders, 2015.	https://tamizdatproject.org/media/publication_images/tak-eto-byl-gudochok.jpg	Russian	Linor Goralik						Literature without Borders	
5345c579-0fee-431a-a83c-e824f1885fc2		https://tamizdatproject.org/publications/blood-makes-me-faint-but-i-go-for-it/	blood-makes-me-faint-but-i-go-for-it	Blood Makes Me Faint but I Go for It		Blood Makes Me Faint but I Go for It		2014	New York	New York University | New York Public Library | Columbia University in the City of New York | Princeton University Library | Vassar College | Yale University Library | Temple University Libraries | Swarthmore College | Amherst College Library | Brown University | Towson University | Harvard University | University of Maryland Libraries | George Mason University | Virginia Commonwealth University | SUNY at Buffalo | Université d'Ottawa | York University, Law Library | York University Libraries | Kent State University | Virginia Tech | University of North Carolina at Chapel Hill. University Libraries | Ohio State University Libraries | University of Michigan | Wright State University Libraries | University of Notre Dame | University of Chicago Library | Emory University | Vanderbilt University Library | University of Wisconsin - Madison General Library System | Washington University in St. Louis | University of Iowa Libraries | University of Minnesota, Twin Cities | Iowa State University | University of Texas Libraries | University of Denver, University Libraries | University of Colorado Boulder | University of Alberta | University of Arizona Libraries | Boise State University | The Claremont Colleges | University of California, San Diego | UC Southern Systemwide Facility | UC Berkeley Libraries | University of California, Systemwide Library Facility-North | Stanford University | Internet Archive | Manchester Metropolitan University Library | Manchester Metropolitan University - TEST INSTITUTION | Zentralbibliothek Zürich | De La Salle-College of Saint Benilde	Natalie Lyalin. <i>Blood Makes Me Faint but I Go for It</i>. New York: Ugly Duckling Presse, 2014.	https://tamizdatproject.org/media/publication_images/blood-makes-me-faint-but-i-go-for-it.jpg	English	Natalie Lyalin						Ugly Duckling Presse	
22be9671-da7d-47fb-8267-47c13c84c778		https://tamizdatproject.org/publications/compleat-catalogue-of-comedic-novelties/	compleat-catalogue-of-comedic-novelties	Compleat Catalogue of Comedic Novelties		Compleat Catalogue of Comedic Novelties		2014	New York	New York University | New York Public Library | Museum of Modern Art (MOMA) | LaGuardia Community College Library Media Resources Center | Hunter College | Columbia University in the City of New York | Princeton University Library | Vassar College | Yale University Library | Temple University Libraries | Wesleyan University | University of Delaware Library | Amherst College Library | State University of New York, Binghamton University Libraries | Williams College | Clark University | Brown University | Towson University | Johns Hopkins University | Boston College | Harvard University | Syracuse University | Dartmouth Library | William And Mary | University of Richmond | SUNY at Buffalo | University of Virginia | Université d'Ottawa | Toronto Public Library | University of Toronto Group | University of Toronto | York University, Law Library | York University Libraries | Kent State University | John Carroll University, Grasselli Library | Cleveland Public Library | Western University | University of North Carolina at Chapel Hill. University Libraries | University of Kentucky Libraries | University of Tennessee at Knoxville | University of Notre Dame | Indiana University | University of Georgia | University of Chicago Library | Sewanee: The University of the South | University of Iowa Libraries | University of Missouri -- Columbia | Macalester College | University of Minnesota, Twin Cities | Iowa State University | Central Arkansas Library System | University of Kansas | University of Kansas Archives / MSS / Rare Books | Tulane University | University of Houston | University of Texas Libraries | University of Denver, University Libraries | Colorado College | University of Alberta | University of Arizona Libraries | Boise State University | University of California, Riverside | University of Washington Libraries | Seattle Public Library | University of California, San Diego | Chapman University, Leatherby Libraries | Los Angeles Public Library | University of California, Davis | University of California, Santa Barbara | UC Berkeley Libraries | Stanford University | Internet Archive | Manchester Metropolitan University Library | Manchester Metropolitan University - TEST INSTITUTION | University of Cambridge | UCL | The British Library, St. Pancras | Universidad del País Vasco/Euskal Herriko Unibertsitatea | LIBRIS | Università di Bologna, Sistema bibliotecario di ateneo | De La Salle-College of Saint Benilde | University of Otago Library	Lev Rubinstein. <i>Compleat Catalogue of Comedic Novelties</i>. Translated by Philip Metres, Tatiana Tulchinsky. New York: Ugly Duckling Presse, 2014.	https://tamizdatproject.org/media/publication_images/compleat-catalogue-of-comedic-novelties.jpg	English	Lev Rubinstein				Philip Metres | Tatiana Tulchinsky		Ugly Duckling Presse	
5e889d8e-919a-4b2f-a7b7-a1d0777f8f33		https://tamizdatproject.org/publications/morse-my-deaf-friend/	morse-my-deaf-friend	Morse, My Deaf Friend		Morse, My Deaf Friend		2014	New York	New York University | New York Public Library | Vassar College | Yale University Library | Harvard University | SUNY at Buffalo | York University, Law Library | York University Libraries | Ohio State University Libraries | University of Wisconsin - Milwaukee | University of Illinois at Urbana Champaign | University of Iowa Libraries | University of Minnesota, Twin Cities | Iowa State University | University of Kansas Archives / MSS / Rare Books | Colorado College | Universidad Iberoamericana | University of Arizona Libraries | Boise State University | Chapman University, Leatherby Libraries | UC Berkeley Libraries	Milos Djurdjevich. <i>Morse, My Deaf Friend</i>. New York: Ugly Duckling Presse, 2014.	https://tamizdatproject.org/media/publication_images/morse-my-deaf-friend.jpg	English	Milos Djurdjevich						Ugly Duckling Presse	
e6109795-aee6-4e5a-91a5-dfd928536856	1	https://tamizdatproject.org/publications/anatomiia-raspada/	anatomiia-raspada	Анатомия распада	Как и почему права человека перестали быть ценностью в современной России	Anatomiia raspada	Kak i pochemu prava cheloveka perestali byt’ tsennost’iu v sovremennoi Rossii	2024	Nizhny Novgorod	New York University | Princeton University Library | Yale University Library | University of Pennsylvania Libraries | Harvard University | Library of Congress | University of Wisconsin-Madison Law Library	<i>Anatomiia raspada</i>. Nizhny Novgorod: Komanda Protiv Pytok, 2024.	https://tamizdatproject.org/media/publication_images/anatomiia-raspada-kak-i-pochemu-prava-cheloveka-pe_poyamqq.jpg	Russian							Komanda Protiv Pytok	
a8f785b9-aa13-46d4-b706-f12b73f8d517	2	https://tamizdatproject.org/publications/voina-i-nakazanie/	voina-i-nakazanie	Война и наказание	Как Россия уничтожала Украину	Voina i nakazanie	Kak Rossiia unichtozhala Ukrainu	2024	Riga	New York Public Library | Brooklyn Public Library | Yale University Library | Minuteman Library Network | Montgomery County Public Libraries, MD | University of Toronto Group | Cleveland Public Library | University of Michigan | Michigan State University Libraries | Indiana University | University of Wisconsin - Madison General Library System | Tulane University | University of Alberta | Las Vegas-Clark County Library District | King County Library System | Mount Vernon City Library | San Diego State University Library | Reed College Library | Auckland Libraries | Royal Danish Library - (DKB)	Mikhail Zygar. <i>Voina i nakazanie</i>. 2 edition. Riga: Meduza, 2024.	https://tamizdatproject.org/media/publication_images/voina-i-nakazanie-kak-rossiia-unichtozhala-ukrainu_kgMg0M1.png	Russian	Mikhail Zygar						Meduza	
d27b8e2a-69b7-486c-835d-6af570e5cf20		https://tamizdatproject.org/publications/the-disappearing-act-1/	the-disappearing-act-1	The Disappearing Act		The Disappearing Act		2026	New York	Borough of Manhattan Community College | New York University | New York Public Library | Brooklyn Public Library | Queens Public Library | Great Neck Library | BCCLS | Summit Free Public Library | M.A.I.N. Network Service | Greenwich Library | Somerset County Library | Monmouth County Library | The Ferguson Library | Mercer County Library System | Lafayette College | Vassar College | Bibliomation, Inc | Allentown Public Library | Free Library of Philadelphia | Swarthmore College | Ocean City Public Library | Cape May County Library | Upper Hudson Library System | Four County Library System | State University of New York, Binghamton University Libraries | Harford County Public Library | Dauphin County Library System | C/W MARS | Baltimore County Public Library | Enoch Pratt Free Library (Baltimore City) | Finger Lakes Library System | Minuteman Library Network | Cornell University Library | Anne Arundel County Public Library | Boston University Libraries | Harvard University | MIT Libraries | Boston Public Library | Syracuse University | Onondaga County Public Library | Merrimack Valley Library Consortium | Library of Congress | Clams, Inc | Arlington Public Library | Loudoun County Public Library | Dartmouth Library | Rochester Public Library | Williamsburg Regional Library | St. Lawrence University | William And Mary | Portland Public Library | Henrico County Public Library | Nioga Library System | University of Virginia | Carnegie Library of Pittsburgh | McGill Libraries | Akron-Summit County Public Library | SEO Library Consortium | Cleveland Public Library | Wake Forest University - ZSR Library | Columbus Metropolitan Library | Western County Regional Library | Charlotte Mecklenburg Library | Klamath County Library Service District | Cincinnati & Hamilton County Public Library | Allen County Public Library | Henderson County Public Library | Greenville County Library System | Elkhart Public Library, Main Library | Hamilton East Public Library | Charleston County Library | University of Notre Dame | The Indianapolis Public Library | Louisville Free Public Library | Indiana University | Lansing Public Library | University of Chicago Library | Loyola University Chicago | Wilmette Public Library District | Skokie Public Library | Tinley Park Public Library | Oak Park Public Library | Niles Maine District Library | Bridgeview Public Library | Zion Benton Public Library District | Oak Brook Public Library | Prospect Heights Public Library District | New Lenox Public Library District | Cook Memorial Public Library District | Downers Grove Public Library | Monarch Library System | Milwaukee Public Library | Lisle Library District | Naperville Public Library | Warrenville Public Library District | Emory University | Cobb County Public Library System | Georgia State University | St Charles Public Library | Urbana Free Library | Evansville Vanderburgh Public Library | University of Illinois at Urbana Champaign | Champaign Public Library | Nashville Public Library | Seneca Public Library District | InfoSoup | (LINKcat) South Central Library System | Peoria Public Library | Jacksonville Public Library | Quincy Public Library | L.E. Phillips Memorial Public Library | Orange County Library System | First Regional Library | Daniel Boone Regional Library | Pella Public Library | Saint Paul Public Library | University of Minnesota, Twin Cities | Anoka County Library | Ames Public Library | Des Moines Public Library | Hennepin County Library | Palm Beach County Library System | Gustavus Adolphus College | Springfield-Greene County Library District | Kansas City, Kansas Public Library | Johnson County Library | Lawrence Public Library | Omaha Public Library | Topeka & Shawnee County Public Library | New Orleans Public Library | Tulane University | South Dakota State University | Eastern Oklahoma Library System | Southeast Oklahoma Library System | Hutchinson Public Library | Metropolitan Library System | Collin College | Southern Methodist University Libraries | Dallas Public Library | Irving Public Library | Sam Houston State University | Fort Worth Public Library | Montgomery County Memorial Library System | Harris County Public Library | Rice University | University of Texas Libraries | San Antonio Public Library | University of Northern Colorado | Arapahoe Libraries | Anythink | Douglas County Libraries | Denver Public Library | Pueblo City County Library District | University of Colorado Boulder | Farmington Public Library | El Paso Public Library | Davis County Library | Weber County Library System | Pima Community College Library | Pinal County Library District | PHOENIX PUBLIC LIBRARY | Coeur d'Alene Public Library | Yuma County Library District | King County Library System | Sno-Isle Libraries | Deschutes Public Library | Everett Public Library | Mount Vernon City Library | University of Washington Libraries | Seattle Public Library | San Diego State University Library | Arcadia Public Library | OC Public Libraries | Reed College Library | Burbank Public Library | Los Angeles Public Library | North Olympic Library System | Long Beach Public Library (CLB-default) | Washington County Cooperative Library Services | Santa Monica Public Library | Eugene Public Library | Yolo County Library | University of California, Davis | Newport Public Library, Oregon | Santa Clara City Library | Berkeley Public Library | Sonoma County Library | Marin County Free Library | Burlingame Public Library | Mill Valley Public Library | ZB Bibliotheek van Zeeland | Wellington City Libraries	<p>Maria Stepanova. <i>The Disappearing Act</i>. Translated by Sasha Dugdale. <span style="background-color:rgb(250,250,250);color:rgb(43,53,69);">New Directions: New York, 2026</span></p>	https://tamizdatproject.org/media/publication_images/b4f8a728724c9c9871ede0e49657cef28368f920-6225x9600.jpg	Russian	Maria Stepanova				Sasha Dugdale		New Directions	
d6486c2f-17ff-4876-9da5-723fdbeb3d80	1	https://tamizdatproject.org/publications/lavvocato-del-diavolo/	lavvocato-del-diavolo	L'avvocato del diavolo	Racconto dell'orrore	L'avvocato del diavolo	Racconto dell'orrore	2025	Milan	Sistema Bibliotecario Ticinese | Malè Biblioteca comunale | Biblioteca pubblica comunale di Tione | Biblioteca comunale di Cles | Biblioteca pubblica comunale di Predaia - Coredo | Biblioteca pubblica comunale di Mezzolombardo | Biblioteca civica di Riva del Garda | Biblioteca civica di Arco | Biblioteca comunale di Trento | SISTEMA BIBLIOTECARIO TRENTINO | Trento BCT Via Roma | Biblioteca Civica di Rovereto | Biblioteca civica di Ala | Lavarone Biblioteca comunale | Biblioteca pubblica comunale di Telve | Università di Bologna, Sistema bibliotecario di ateneo	<p>Boris Akunin. <i>L'avvocato del diavolo. </i>Translated by Erin Beretta, Mariangela Ferosi, Francesco De Nigris. Milan: Mondadori Editore, 2025.</p>	https://tamizdatproject.org/media/publication_images/lavvocatodeldiavolo.webp	Italian	Boris Akunin				Erin Beretta | Mariangela Ferosi | Francesco De Nigris		Mondadori Editore	
d7ab2233-05df-439d-bff7-ade766a7757a	1	https://tamizdatproject.org/publications/la-mia-russia/	la-mia-russia	La mia Russia	Storie di un Paese perduto	La mia Russia	Storie di un Paese perduto	2023	Turin	Università di Torino - Sistema Bibliotecario d'Ateneo | Sistema Bibliotecario Ticinese | Borgo Chiese Biblioteca comunale | Biblioteca comunale di Pinzolo | Malè Biblioteca comunale | Biblioteca pubblica comunale di Tione | Biblioteca comunale di Cles | Cavalese Biblioteca comunale | Borgo d'Anaunia Biblioteca comunale Fondo | Biblioteca civica di Riva del Garda | Dro Biblioteca comunale | Biblioteca pubblica intercomunale di Mezzocorona | Biblioteca civica di Arco | Biblioteca comunale di Trento | SISTEMA BIBLIOTECARIO TRENTINO | Trento BCT Via Roma | Cembra Lisignago Biblioteca comunale | Biblioteca pubblica comunale di Villa Lagarina | Biblioteca comunale di Mori | Biblioteca Civica di Rovereto | Baselga di Piné Biblioteca comunale | Altopiano della Vigolana Biblioteca comunale | Biblioteca civica di Ala | Folgaria Biblioteca comunale | Levico Biblioteca comunale | Biblioteca pubblica comunale di Predazzo | Canal San Bovo Biblioteca comunale | Primiero Biblioteca comunale | Università di Padova - Biblioteca di Scienze Politiche Ettore Anchieri | Università di Bologna, Sistema bibliotecario di ateneo | Biblioteca Nazionale Centrale di Roma	<p>Elena Kostyuchenko. <i>La mia Russia.</i> Translated by Maria Castorani, Martina Mecco, Riccardo Mini, Giulia Sorrentino, Francesca Stefanelli. Turin: Giulio Einaudi Editore, 2023.</p>	https://tamizdatproject.org/media/publication_images/lamiarussia.jpeg	Italian	Elena Kostyuchenko				Maria Castorani | Martina Mecco | Riccardo Mini | Giulia Sorrentino | Francesca Stefanelli		Giulio Einaudi Editore	
910e1769-d559-45c9-add5-cf81da30f09c		https://tamizdatproject.org/publications/war-diary/	war-diary	War Diary		War Diary		2023	New York	Borough of Manhattan Community College | New York University | New York Public Library | Brooklyn Public Library | Queens Public Library | Fordham University | Great Neck Library | BCCLS | Woodbridge Public Library | Morris County Library | M.A.I.N. Network Service | Westchester Library System | Greenwich Library | Somerset County Library | Princeton University Library | St. Joseph's University, New York - Callahan Library | CT State Community College Housatonic | Ocean County Library | Burlington County Library System | Lafayette College | Vassar College | Southern Connecticut State University | SUNY at New Paltz | Bibliomation, Inc | Free Library of Philadelphia | University of Pennsylvania Libraries | Wesleyan University | Kutztown University | Lucy Robbins Welles Library | Prosser Public Library | Eastern Connecticut State University | SUNY Delhi | Avalon Free Public Library | Springfield City Library | Library System of Lancaster County | Franklin & Marshall College | Upper Hudson Library System | State University of New York, Binghamton University Libraries | Hershey Public Library | Harford County Public Library | Worcester Public Library | C/W MARS | Baltimore County Public Library | Enoch Pratt Free Library (Baltimore City) | Dickinson College Library | Minuteman Library Network | Cornell University Library | Harvard University | Boston Public Library | Onondaga County Public Library | Prince George's County Memorial Library System - PGCMLS | Frederick County Public Libraries | Merrimack Valley Library Consortium | Library of Congress | District of Columbia Public Library | Clams, Inc | American University | Arlington Public Library | Alexandria Library | NHAIS | George Mason University | Fairfax County Public Library | Dartmouth Library | Fauquier County Public Library | Rochester Public Library | Virginia Commonwealth University | Henrico County Public Library | Bates College | Bridgewater College | Carnegie Library of Pittsburgh | Point Park University Library | Bibliothèque Publique de Pointe-Claire | Ottawa Public Library, Ottawa | Université d'Ottawa | Toronto Public Library | Mississauga Library | York University, Law Library | SEO Library Consortium | Roanoke County Public Library | Durham County Library | Duke University Libraries | University of North Carolina at Chapel Hill. University Libraries | Greensboro Public Library | Granville Public Library | Grandview Heights Public Library | University of Michigan | Dayton Metro Library | Jackson District Library | Coker University | USC Lancaster | Michigan State University Libraries | Miami University Libraries | Henderson County Public Library | Greenville County Library System | Hancock County Public Library | Mishawaka Penn Harris Public Library | Charleston County Library | The Indianapolis Public Library | Louisville Free Public Library | Traverse Area District Library | Indiana University | University of Chicago Library | Chicago Public Library | Evanston Public Library | Live Oak Public Libraries | Wilmette Public Library District | Winnetka-Northfield Public Library District | Highland Park Public Library | Northbrook Public Library | Kapuskasing Public Library | Indian Prairie Public Library | Indian Trails Public Library District | Cook Memorial Public Library District | Addison Public Library | Lisle Library District | Lake Villa District Library | Barrington Area Library | Batavia Public Library District | Urbana Free Library | Champaign Public Library | Vanderbilt University Library | Illinois Valley Community College | Jacksonville State University | (LINKcat) South Central Library System | University of Wisconsin - Madison General Library System | Nassau County Public Library System | McCracken County Public Library | Havana Public Library District | Knox College Library | East Moline Public Library | Jacksonville Public Library | Moline Public Library | University of Wisconsin - Platteville | Birmingham Public Library | Washington University in St. Louis | University of Wisconsin - La Crosse | University of Central Florida | Grinnell College | Saint Paul Public Library | Inver Hills Community College | Carleton College Library | Dakota County Library | Ramsey County Public Library | University of Minnesota, Twin Cities | Des Moines Public Library | Johnston Public Library | Eckerd College | Hennepin County Library | Great River Regional Library | Broward County Libraries | College of Saint Benedict/Saint John's University and Clemens Library/Alcuin Library | Mid-Continent Public Library | Miami Dade Public Library System | Kansas City, Kansas Public Library | Johnson County Library | Olathe Public Library | Joplin Public Library | University of Kansas | Omaha Public Library | Sioux City Public Library | South Dakota State University | Fargo Public Library | University of Manitoba Libraries | Winnipeg Public Library | Hutchinson Public Library | Rita and Truett Smith Public Library | Plano Public Library | Frisco Public Library | Dallas Public Library | Lewisville Public Library | University of Dallas | Navarro College | Benbrook Public Library | Waco-McLennan County Library | Georgetown Public Library | Austin Public Library | Denver Public Library | Pikes Peak Library District | Jefferson County Public Library | University of Colorado Boulder | Pitkin County Library | Santa Fe Public Library | Los Alamos County Library System | San Juan College Library | Farmington Public Library | Idaho Falls Public Library | Chinook Arch Regional Library System | Davis County Library | Provo City Library | Utah Valley University Library | Salt Lake County Library | Weber County Library System | University of Calgary Library | Boise Public Library | Las Vegas-Clark County Library District | Richland Public Library | Yuma County Library District | King County Library System | Sno-Isle Libraries | University of Washington Libraries | Western Washington University | Seattle Public Library | Tacoma Public Library | Carlsbad City Library | Vancouver Public Library | San Diego Public Library | Santiago Canyon College | University of British Columbia Library | OC Public Libraries | Fort Vancouver Regional Library District | Pasadena Public Library | Greater Victoria Public Library | LA COUNTY LIBRARY | Los Angeles Public Library | University of Southern California | Springfield Public Library | Eugene Public Library | Butte College Library | Ventura County Library | Yolo County Library | Oregon Coast Community College Library | Santa Clara County Library District | UC Berkeley Libraries | Berkeley Public Library | Mountain View Public Library | Stanford University | Sonoma County Library | San Francisco Public Library | Marin County Free Library | Burlingame Public Library | Fairbanks North Star Borough Library | Wasilla Public Library | Anchorage Public Library | American University of Sharjah | Auckland Libraries | Kapiti Coast District Libraries | University of Sydney Library | Monash University Library	<p>Yevgenia Belorusets. <i>War Diary.</i> &nbsp;Translated by Greg Nissan. New York: New Directions, 2026</p>	https://tamizdatproject.org/media/publication_images/a912701a97d108a2032574d4d98a8f76c55cf127-1557x2400.jpg	English	Yevgenia Belorusets				Greg Nissan		New Directions	
60184529-878b-47f5-a61a-87af6f6a3fec		https://tamizdatproject.org/publications/alindarkas-children/	alindarkas-children	Alindarka’s Children		Alindarka’s Children		2022	New York	New York University | New York Public Library | Brooklyn Public Library | Bayonne Free Public Library | Columbia University in the City of New York | Queens Public Library | York College of CUNY | Sarah Lawrence College | Hofstra University Library | Morris County Library | Westchester Library System | Westchester Community College | Greenwich Library | Vassar College | Yale University Library | University of Pennsylvania Libraries | Franklin & Marshall College | Amherst College Library | Williams College | C/W MARS | Bennington College | Minuteman Library Network | Mid York Library System | Boston College | Harvard University | Boston Public Library | Pennsylvania State University Libraries | Library of Congress | District of Columbia Public Library | Georgetown University | Arlington Public Library | NHAIS | Dartmouth Library | University of Rochester | Frostburg State University | Williamsburg Regional Library | Virginia Commonwealth University | Nioga Library System | University of Virginia | McGill Libraries | Bibliothèque et Archives nationales du Québec | Toronto Public Library | Colby College | Greensboro Public Library | Michigan State University Libraries | Cincinnati & Hamilton County Public Library | Miami University Libraries | University of Notre Dame | Louisville Free Public Library | Indiana University | Purdue University Library | University of Georgia | University of Chicago Library | Chicago Public Library | Northwestern University | Skokie Public Library | Milwaukee Public Library | Emory University | Urbana Free Library | Champaign Public Library | Nashville Public Library | Saint Louis Public Library | Washington University in St. Louis | Volusia County Public Library | Duluth Public Library | Rolvaag Memorial Library | Hennepin County Library | Sarasota County Library System | Broward County Libraries | University of Kansas | Omaha Public Library | University of Louisiana at Lafayette | Tyler Public Library | Beaumont Public Library System | Texas Christian University | Rice University | Georgetown Public Library | Austin Public Library | San Antonio Public Library | Jefferson County Public Library | University of Colorado Boulder | Brigham Young University | Pima County Public Library | Boise Public Library | Yuma County Library District | Sno-Isle Libraries | University of Washington Libraries | Seattle Public Library | Puyallup Public Library | University of Puget Sound | Douglas College Library | Vancouver Public Library | University of British Columbia Library | Irvine Libraries | OC Public Libraries | University of California, Irvine | Los Angeles Public Library | California State University, Sacramento | University of California, Davis | Newport Public Library | University of California, Santa Barbara | UC Berkeley Libraries | Stanford University | San Francisco Public Library | Mill Valley Public Library | San Francisco State University Library | UAA/APU Consortium Library | LIBRIS | Shanghai Library | Auckland Libraries | National Library Board, Singapore | State Library of Western Australia	<p style="margin-left:0px;">Alhierd Bacharevič. <i>Alindarka’s Children</i>. Translated by Petra Reid, Jim Dingley. New York: New Directions, 2026</p>	https://tamizdatproject.org/media/publication_images/62eee0b22b900d430dd19e242c8d7ddc8072ca95-1556x2400.jpg	English	Alhierd Bacharevič				Petra Reid | Jim Dingley		New Directions	
dc6d524e-9a57-4d1c-bdf1-8d9de387eee8		https://tamizdatproject.org/publications/https://tamizdatproject.org/publications/lucky-breaks-1/	lucky-breaks-1	Lucky Breaks		Lucky Breaks		2022	New York	New York University | New York Public Library | Brooklyn Public Library | Bayonne Free Public Library | Queens Public Library | Fordham University | BCCLS | Sarah Lawrence College | Hofstra University Library | Middlesex College | Morris County Library | M.A.I.N. Network Service | Westchester Library System | Westchester Community College | Greenwich Library | Somerset County Library | Monmouth County Library | Princeton University Library | Wilton Library Association | Mercer County Library System | The College of New Jersey | The Library of Rowan College at Burlington County | Lafayette College | Yale University Library | Bibliomation, Inc | Temple University Libraries | Free Library of Philadelphia | Montgomery County Norristown Public Library | University of Pennsylvania Libraries | Bryn Mawr College | Ursinus College | Swarthmore College | Bard College | Wesleyan University | Russell Library | Kutztown University | West Hartford Public Library | Warrenton Community Library | Granby Public Library | South Windsor Public Library | Bard College at Simon's Rock Alumni Library | Enfield Public Library | Eastern Connecticut State University | Library System of Lancaster County | Franklin & Marshall College | Smith College | Upper Hudson Library System | Amherst College Library | University of Massachusetts Amherst | Williams College | Union College | Salve Regina University Library | Bucknell University | Dauphin County Library System | C/W MARS | Roger Williams University | Bennington College | Goucher College | Colgate University | Johns Hopkins University | Baltimore Museum of Art Library & Archives | Maryland Institute College of Art | Dickinson College Library | Finger Lakes Library System | Mohawk Valley Community College | Minuteman Library Network | Anne Arundel Community College Library | Cornell University Library | Gettysburg College | SUNY Adirondack | Boston College | Bentley University | Old Colony Library Network | Boston University Libraries | Harvard University | MIT Libraries | Boston Public Library | Syracuse University | Onondaga County Public Library | Prince George's County Memorial Library System - PGCMLS | Montgomery County Public Libraries, MD | Frederick County Public Libraries | Merrimack Valley Library Consortium | Pennsylvania State University Libraries | Wilkens Library; Cape Cod Community College | Library of Congress | District of Columbia Public Library | Clams, Inc | American University | Georgetown University | Arlington Public Library | Alexandria Library | NHAIS | Fairfax County Public Library | UNH Durham | Middlebury College Library | Houghton University Library | Rochester Public Library | SUNY Brockport | Williamsburg Regional Library | St. Lawrence University | William And Mary | Portland Public Library | Vermont State College System Libraries | University of Richmond | Virginia Beach Public Library System | SUNY at Buffalo | SUNY Buffalo State University | Nioga Library System | Bowdoin College | Massanutten Regional Library | University of Virginia | Bates College | Carnegie Library of Pittsburgh | Point Park University Library | Bibliothèque Publique de Pointe-Claire | Ottawa Public Library, Ottawa | Bibliothèque et Archives nationales du Québec | Toronto Public Library | Bibliothèque Paul-Mercier (Blainville) | Colby College | The Public Library of Youngstown & Mahoning County | Virginia Military Institute | Central Virginia Community College | Pettigrew Regional Library | Hiram College Library | Bangor Public Library | Akron-Summit County Public Library | SEO Library Consortium | Cleveland Public Library | Westlake Porter Public Library | Durham County Library | Duke University Libraries | Wake County Public Libraries | University of North Carolina at Chapel Hill. University Libraries | Oberlin College Libraries | Greensboro Public Library | Wake Forest University - ZSR Library | Westerville Public Library | Columbus Metropolitan Library | Delaware County District Library | Muncy Library Test Instance | Ashland Community & Technical College Library | New Hanover County Public Library | Farmington Community Library | Ohio Northern University | University of North Carolina, Charlotte | Klamath County Library Service District | Jackson District Library | University of Cincinnati - Main Campus | Cincinnati & Hamilton County Public Library | Miami University Libraries | Allen County Public Library | Transylvania University | Lexington Public Library | Richland County Public Library | Greenville County Library System | Jefferson County Public Library | Clemson University Libraries | Carmel Clay Public Library | The Indianapolis Public Library | Indiana University | Crawfordsville District Public Library | Athens Regional Library System | University of Georgia | University of Chicago Library | School of The Art Institute of Chicago | Chicago Public Library | Loyola University Chicago | Northwestern University | Evanston Public Library | Governors State University | Wilmette Public Library District | Lincolnwood Public Library District | Skokie Public Library | Gwinnett County Public Library | Park Ridge Public Library | Lake Forest Library | Lemont Public Library District | Monarch Library System | Milwaukee Public Library | Marquette University Raynor Library | William Rainey Harper College | Wheaton Public Library | Emory University | Urbana Free Library | Fulton County Library System | Champaign Public Library | Sewanee: The University of the South | Brown County Library | Vanderbilt University Library | Northern Illinois University | InfoSoup | (LINKcat) South Central Library System | Auburn Public Library | Birmingham Public Library | Saint Louis Public Library | Fontbonne University Library | St Charles City-County Library | Volusia County Public Library | Alachua County Library District | University of Florida | University of Alabama | Iowa City Public Library | University of Wisconsin-Eau Claire | Rollins College | Orange County Library System | Cedar Falls Public Library | University of Northern Iowa | Daniel Boone Regional Library | Saint Paul Public Library | Carleton College Library | University of Minnesota, Twin Cities | Palm Beach State College | Iowa State University | Hennepin County Library | Carver County Library System | Gustavus Adolphus College | Minnesota State University, Mankato, Library Services | Sarasota County Library System | Missouri State University | Mississippi Library Commission | Broward County Libraries | Lee County Library System | College of Saint Benedict/Saint John's University and Clemens Library/Alcuin Library | Hialeah Public Libraries | Sanibel Public Library | Kansas City, Kansas Public Library | University of Miami | Olathe Public Library | Lawrence Public Library | University of Arkansas | Omaha Public Library | Topeka & Shawnee County Public Library | Gretna Public Library | Viking Library System | New Orleans Public Library | Tulane University | Augustana University | South Dakota State University | Louisiana State University, LSU Libraries | Lake Agassiz Regional Library | Fargo Public Library | East Grand Forks-Campbell Library | University of Manitoba Libraries | Tyler Public Library | Metropolitan Library System | University of Oklahoma | Pioneer Library System | Collin College | Plano Public Library | Southern Methodist University Libraries | Dallas Public Library | North Richland Hills Public Library | Montgomery County Memorial Library System | Houston Public Library | Rice University | Baylor University Libraries | Waco-McLennan County Library | Minot Public Library | Fort Bend County Libraries | Temple Public Library | Georgetown Public Library | University of Texas Libraries | Austin Public Library | Westbank Community Library | Robert Lee Brothers, Jr. Memorial Library | Victoria Public Library | Trinity University, Coates Library | San Antonio College Library | San Antonio Public Library | St. Mary's University | University of Northern Colorado | High Plains Library District | Colorado State University | University of Denver, University Libraries | Denver Public Library | Westminster Public Library | Pikes Peak Library District | Pueblo City County Library District | University of Colorado Boulder | Los Alamos County Library System | Colorado Mesa University | Farmington Public Library | Great Falls Public Library | Provo City Library | Salt Lake City Public Library | Weber County Library System | Edmonton Public Library | University of Alberta | The Community Library | Flagstaff Public Library | Community Library Sedona | University of Arizona Libraries | Pima County Public Library | PHOENIX PUBLIC LIBRARY | Community Library Network@Hayden | Boise Public Library | Latah County Library District | College of Western Idaho Library | Washington State University | College of Idaho, The | University of Nevada, Las Vegas Libraries | Yuma County Library District | Wenatchee Valley College | Ellensburg Public Library | University of Redlands | King County Library System | Sno-Isle Libraries | Deschutes Public Library | Everett Public Library | University of Washington Libraries | Bellingham Public Library | Western Washington University | Seattle Public Library | Kitsap Regional Library | New Westminster Public Library | Carlsbad City Library | San Diego County Library | Vancouver Public Library | San Juan Island Library District | University of California, San Diego | San Diego Public Library | University of British Columbia Library | Multnomah County Library | OC Public Libraries | Timberland Regional Library | University of California, Irvine | Fort Vancouver Regional Library District | Libraries in Clackamas County | Greater Victoria Public Library | Los Angeles Public Library | Woodbury University Library | University of Southern California | Washington County Cooperative Library Services | Santa Monica Public Library | El Dorado County Library | Albany Public Library | University of California, Merced | Lane Community College | Eugene Public Library | Clatsop Community College Library | Astoria Public Library | Seaside Public Library | Jackson County Library Services | Sacramento Public Library | Driftwood Public Library | Yolo County Library | Ohlone College Library | Alameda County Library | UC Berkeley Libraries | Berkeley Public Library | Mountain View Public Library | Palo Alto City Library | Stanford University | San Francisco Public Library | San Mateo Public Library | Marin County Free Library | San Mateo County Library | San Rafael Public Library | University of San Francisco | Mill Valley Public Library | San Francisco State University Library | Sitka Public Library | Fairbanks North Star Borough Library | UCL | Sorbonne Université | LIBRIS | Johns Hopkins University, SAIS Europe | Shanghai Library | National Tsing-Hua University | Guangzhou Library | Rotorua Library Te Aka Mauri | Hastings District Libraries | Auckland Libraries | Palmerston North City Library | Massey University Library | South Wairarapa District Libraries | Kapiti Coast District Libraries | Marlborough Libraries | Nelson Public Libraries | Christchurch City Libraries | Ashburton Library | ACT Library and Information Service	<p>Yevgenia Belorusets. <i>Lucky Breaks</i>. Translated by Eugene Ostashevsky. New York: New Directions, 2022</p>	https://tamizdatproject.org/media/publication_images/a7a26bae591616f6893cdc874d99edbf25ef6aa1-1557x2400.jpg	English	Yevgenia Belorusets				Eugene Ostashevsky		New Directions	
7cc73fb0-b8de-42af-8844-1a8cbbfef7e2		https://tamizdatproject.org/publications/f-letter-new-russian-feminist-poetry/	f-letter-new-russian-feminist-poetry	F Letter – New Russian Feminist Poetry		F Letter – New Russian Feminist Poetry		2020	New York	The New School | Yale University Library | Haverford College Libraries | Wesleyan University | Colgate University | Harvard University | Dartmouth Library | University of Cincinnati - Main Campus | University of Chicago Library | Sewanee: The University of the South | University of Wisconsin - Madison General Library System | Stanford University | University College Dublin, James Joyce Library | University of York | University of Cambridge | UCL | Biblioteca de la Universidad Complutense de Madrid | HOGENT | Universitätsbibliothek Bern | Freie Universität Berlin, Universitätsbibliothek, Zentralbibliothek | Università della Svizzera italiana | Università di Bologna, Sistema bibliotecario di ateneo | Biblioteka Uniwersytetu Śląskiego | Rhodes University Libraries	<p><i>F Letter.</i> Edited by Galina Rymbu, Eugene Ostashevsky, Ainsley Morse. Translated by Ainsley Morse, Eugene Ostashevsky, Valzhyna Mort, Kevin Platt, Helena Kernan, Alex Karsavin, Kit Eginton. New York: Common Era, 2020.</p>	https://tamizdatproject.org/media/publication_images/f_letter.png	English | Russian			Galina Rymbu | Ainsley Morse | Eugene Ostashevsky		Ainsley Morse | Eugene Ostashevsky | Valzhyna Mort | Kevin Platt | Helena Kernan | Alex Karsavin | Kit Eginton		Common Era	
04c8d2cd-6f8c-47a9-bedc-ac4286971e27		https://tamizdatproject.org/publications/lart-de-disparaitre/	lart-de-disparaitre	L'art de disparaître		L'art de disparaître		2026	Paris	Bibliothèques de Laval | Bibliothèques de Repentigny | Université Bordeaux Montaigne | Université de Lille | Sorbonne Université | Bibliothèque Diderot | BM Lyon | BNUS - Bibliotheque Nationale Universitaire de Strasbourg | Bibliothèque cantonale et universitaire - Lausanne, site Riponne | Université d'Aix-Marseille	<p>Maria Stepanova. <i>L'Art de disparaître. </i>Translated by Anne Coldefy-Faucard. Paris: Éditions Stock, 2026.</p>	https://tamizdatproject.org/media/publication_images/lartdedisparaite.jpg	French	Maria Stepanova				Anne Coldefy-Faucard		Éditions Stock	
b34fc1f0-bb32-4fd5-88f3-d9872d680cd3		https://tamizdatproject.org/publications/retour-a-ostrog/	retour-a-ostrog	Retour à Ostrog		Retour à Ostrog		2026	Lausanne	Université du Québec à Montréal | Bibliothèque et Archives nationales du Québec | Bibliothèques de Laval | Toronto Public Library | Université d'Angers | Université Bordeaux Montaigne | Université Paris Nanterre | Université de Lorraine | Bibliothèque Diderot | BM Lyon | Institut national des sciences appliquées | BNUS - Bibliotheque Nationale Universitaire de Strasbourg | Bibliothèque cantonale et universitaire - Lausanne, site Riponne | Université d'Aix-Marseille	<p>Sacha Filipenko. <i>Retour à Ostrog</i>. Translated by Marina Skalova. Lausanne: Éditions Noir sur Blanc, 2026.</p>	https://tamizdatproject.org/media/publication_images/retouraostrog.jpg	French	Sasha Filipenko				Marina Skalova		Éditions Noir sur Blanc	
1c1012e5-d40f-486a-8716-8f01e8a274a2		https://tamizdatproject.org/publications/cremulator/	cremulator	Cremulator		Cremulator		2025	Amsterdam	ZB Bibliotheek van Zeeland | Openbare Bibliotheek Den Haag | Koninklijke Bibliotheek | Bibliotheek aan de Vliet | Bibliotheek Kennemerwaard | BplusC | Bibliotheek Zuidkennemerland | Bibliotheek Bollenstreek | Bibliotheek Rotterdam | Erasmus University Rotterdam | Openbare Bibliotheek Amsterdam | Bibliotheek West-Brabant | Nieuwe Nobelaer, Etten-Leur | De Nieuwe Bibliotheek | de Bibliotheek Gooi+ | Bibliotheek en Volksuniversiteit Hilversum | Bibliotheek Breda | dbieb | Bibliotheek Utrecht | Bibliotheken Mar en Fean | Bibliotheek Midden-Brabant | Bibliotheek Drachten; Smallingerland | Bibliotheek Noordwest Veluwe | Huis73 | Bibliotheek Cultura Ede | Noord Oost Brabantse Bibliotheken | De bblthk, Wageningen | CODA Bibliotheek Apeldoorn | FNB Federatie Nederlandse Blinden Biblio | Biblionet Drenthe (Provincial System Drenthe) | Rozet Bibliotheek | De Bibliotheek Dommeldal | Bibliotheek Gelderland Zuid | Bibliotheek Helmond-Peel | Bibliotheek Deventer | Bibliotheek Berkel & IJssel | Biblioplus | Bibliotheek Maastricht | Bibliotheek Bibliorura | Bibliotheek De Domijnen | Bibliotheek SCHUNCK Heerlen | Bibliotheek Enschede	<p>Sasja Filipenko. <i>Cremulator</i>. Translated by Jan Lodewijk Eshuis. Amsterdam: Meridiaan Uitgevers, 2025.</p>	https://tamizdatproject.org/media/publication_images/cremulator_dutch.jpg	Dutch	Sasha Filipenko				Jan Lodewijk Eshuis		Meridiaan Uitgevers	
ccea162a-93ae-415f-85f7-971b68c726af		https://tamizdatproject.org/publications/deseo-cenizas-para-mi-casa/	deseo-cenizas-para-mi-casa	Deseo cenizas para mi casa		Deseo cenizas para mi casa		2025	Madrid	Biblioteca Nacional de España | Universidad de Navarra | Universidad de Granada. Biblioteca | Universitat de Barcelona. CRAI	<p>Daria Serenko. <i>Deseo cenizas para mi casa</i>. Translated by Alexandra Rybalko Tokarenko. Madrid: Errata Naturae Editores, 2025.</p>	https://tamizdatproject.org/media/publication_images/9788419158895-996x1536.jpg	Spanish	Daria Serenko				Aleksandra Rybalko Tokarenko		Errata Naturae Editores	
6a4fc9b6-8ca5-4a70-8ee2-8be6a7b0f7b0		https://tamizdatproject.org/publications/la-dame-blanche/	la-dame-blanche	La Dame blanche	Cinq jours en juillet 2014	La Dame blanche	Cinq jours en juillet 2014	2025	Lausanne	Bibliothèque et Archives nationales du Québec | Bibliothèque de Mont-Saint-Hilaire | Université Rennes 2 | Université du Havre | Nantes Université | Université de Rouen Normandie | Université Paris Nanterre | Sorbonne Université | Bibliothèque nationale de France | Université d'Orléans | Université de Lorraine | Bibliothèque Diderot | BM Lyon | BNUS - Bibliotheque Nationale Universitaire de Strasbourg | Bibliothèque cantonale et universitaire - Lausanne, site Riponne	<p style="margin-left:0px;">Sergueï Lebedev. <i>La Dame Blanche</i>. Translated by Anne-Marie Tatsis-Botton. <span style="background-color:rgb(250,250,250);color:rgb(43,53,69);">Lausanne</span>: Éditions Noir sur Blanc, 2025.</p>	https://tamizdatproject.org/media/publication_images/9782889831234.jpg	French	Sergei Lebedev				Anne-Marie Tatsis-Botton		Éditions Noir sur Blanc	
9b628713-9da3-462b-945e-4565a0e9cbb3		https://tamizdatproject.org/publications/meninas-e-instituicoes-desejo-cinzas-a-minha-casa/	meninas-e-instituicoes-desejo-cinzas-a-minha-casa	Meninas e instituições | Desejo cinzas à minha casa		Meninas e instituições | Desejo cinzas à minha casa		2025	Lisbon	Biblioteca Nacional de Portugal	<p>Daria Serenko. <i>Meninas e instituições / Desejo cinzas à minha casa.&nbsp;</i> Translated by Larissa Shotropa, João Maria Lourenço. Lisbon: Antígona, 2025.</p>	https://tamizdatproject.org/media/publication_images/2025_MeninaseInstituicoes_Desejocinzasaminhacasa-min_1024x1024.jpg.webp	Portuguese	Daria Serenko				Larissa Shotropa | João Maria Lourenço		Antígona	
c02d45e3-d912-454b-8ef1-8aa26437a417		https://tamizdatproject.org/publications/springfield/	springfield	Springfield		Springfield		2025	Bilbao	Universitat de Barcelona. CRAI | Universidad del País Vasco/Euskal Herriko Unibertsitatea | Biblioteca Nacional de España	<p>Serguéi Davydov. <i>Springfield</i>. Translated by Alexandra Rybalko Tokarenko. Bilbao: Consonni, 2025.</p>	https://tamizdatproject.org/media/publication_images/9788419490469.png	Spanish	Sergei Davydov				Aleksandra Rybalko Tokarenko		Consonni	
7440ea3a-a29c-4e54-ad20-1c9e29462be0		https://tamizdatproject.org/publications/tableaux-vivants/	tableaux-vivants	Tableaux vivants		Tableaux vivants		2025	Lausanne	Bibliothèque et Archives nationales du Québec | Université Paris Nanterre | Bibliothèque nationale de France | Université Toulouse Jean Jaurès | Université de Lorraine | Bibliothèque Diderot | BM Lyon | BNUS - Bibliotheque Nationale Universitaire de Strasbourg | Bibliothèque cantonale et universitaire - Lausanne, site Riponne | Université Grenoble Alpes | Universitätsbibliothek Bern	<p>Polina Barskova. <i>Tableaux vivants</i>. Translated by Marianne Gourg-Antuszewicz. Lausanne: Éditions Noir sur Blanc, 2025</p>	https://tamizdatproject.org/media/publication_images/9782889830695.jpg	French	Polina Barskova				Marianne Gourg-Antuszewicz		Éditions Noir sur Blanc	
bec9e9ac-6b54-49c4-9c72-9c8aade5bb97		https://tamizdatproject.org/publications/watashi-no-aisuru-roshia/	watashi-no-aisuru-roshia	私の愛するロシア	プーチン政権から忘れ去られた人びと	Watashi no Aisuru Roshia	Pūchin Seiken kara Wasuresarareta Hitobito	2025	Tokyo	Waseda University Library | National Diet Library | Toshokan Ryutsu Center Company Limited	<p>Elena Kostuchenko. 私の愛するロシア. Translated by Satoko Takayanagi. Tokyo: Etosetorabukkusu, 2025.</p>	https://tamizdatproject.org/media/publication_images/kostuchenko_japanese.jpg	Japanese	Elena Kostyuchenko				Satoko Takayanagi		etc. books	
a61698b7-0471-4418-aa53-b064f901fcf1		https://tamizdatproject.org/publications/banot-u-mosdot/	banot-u-mosdot	בנות ומוסדות		Banot u-mosdot		2024	Tel Aviv	Harvard University	<p>Daria Serenko. <i>בנות ומוסדות. </i>Translated by Irit Weinberg. Tel Aviv: Lokus, 2024.</p>	https://tamizdatproject.org/media/publication_images/serenko_hebrew.png	Hebrew	Daria Serenko				Irit Weinberg		Lokus	
bf271b95-67a0-4009-b8e3-8f6b638d51f7		https://tamizdatproject.org/publications/ik-wens-mijn-huis-as/	ik-wens-mijn-huis-as	Ik wens mijn huis as		Ik wens mijn huis as		2024	Amsterdam	ZB Bibliotheek van Zeeland | Kopgroep Bibliotheken | Bibliotheek Westland | Openbare Bibliotheek Den Haag | Koninklijke Bibliotheek | Bibliotheek Kennemerwaard | Leiden University Libraries | Bibliotheek Zuidkennemerland | Bibliotheek Rotterdam | Erasmus University Rotterdam | Openbare Bibliotheek Amsterdam | Bibliotheek West-Brabant | De Bibliotheek AanZet | Bibliotheek Utrecht | KunstenHuis Idea | Bibliotheek Eemland | Bibliotheek Midden-Brabant | FNB Federatie Nederlandse Blinden Biblio | Biblionet Drenthe (Provincial System Drenthe) | DNK | Bibliotheek Gelderland Zuid | Rijnbrink Extern IBL | Bibliotheek Maastricht | Bibliotheek SCHUNCK Heerlen	<p>Daria Serenko. <i>Ik wens mijn huis as</i>. Translated by Els de Roon Hertoge, Annelies de Hertogh. Amsterdam: Koppernik, 2024.&nbsp;</p>	https://tamizdatproject.org/media/publication_images/omslag-Daria-Serenko-Ik-wens-mijn-huis-as-1280x2048.jpg	Dutch	Daria Serenko				Els de Roon Hertoge | Annelies de Hertogh		Koppernik	
2587b841-98b8-468d-8608-b1da39abcfab		https://tamizdatproject.org/publications/kremulator/	kremulator	Kremulator		Kremulator		2024	Lausanne	Université Rennes 2 | Université de Caen Normandie | Université Bordeaux Montaigne | Bibliothèque Universitaire Vauban (Lille) | Sorbonne Université | Bibliothèque nationale de France | Université de la Sorbonne nouvelle | Université de Lorraine | BM Lyon | BNUS - Bibliotheque Nationale Universitaire de Strasbourg | Bibliothèque scolaire et intercommunale de Terre Sainte | Bibliothèque cantonale et universitaire - Lausanne, site Riponne | Université d'Aix-Marseille | Université Côte d'Azur. BU Lettres Arts Sciences Humaines | Bibliothèque et Archives nationales du Québec	<p>Sacha Filipenko. <i>Kremulator.</i> Translated by Marina Skalova. Lausanne: Éditions Noir sur Blanc, 2024.</p>	https://tamizdatproject.org/media/publication_images/9782882508966.jpg	French	Sasha Filipenko				Marina Skalova		Éditions Noir sur Blanc	
e7a973b3-9f95-4422-80f6-3c9d39e8098d		https://tamizdatproject.org/publications/madchen-und-institutionen/	madchen-und-institutionen	Mädchen und Institutionen	Geschichten aus dem Totalitarismus	Mädchen und Institutionen	Geschichten aus dem Totalitarismus	2024	Berlin	Cornell University Library | Muthesius-Kunsthochschule, Zentrale Hochschulbibliothek | Helmut-Schmidt-Universität, Universität der Bundeswehr Hamburg, Universitätsbibliothek | Technische Informationsbibliothek (TIB) / Leibniz-Informationszentrum Technik und Naturwissenschaften und Universitätsbibliothek | Universitätsbibliothek Gießen | Universitätsbibliothek Hildesheim | Universitätsbibliothek Kassel, Landesbibliothek und Murhardsche Bibliothek der Stadt Kassel | Universitätsbibliothek J. C. Senckenberg, Zentralbibliothek (ZB) | Deutsche Nationalbibliothek Frankfurt am Main | Verbundzentrale des Gemeinsamen Bibliotheksverbundes | Stadtbibliothek Braunschweig | Badische Landesbibliothek | Universitätsbibliothek Heidelberg | Hofbibliothek Aschaffenburg | Universitätsbibliothek Basel | Universitätsbibliothek Bern | Württembergische Landesbibliothek | Universitätsbibliothek Würzburg | Universitätsbibliothek der Eberhard Karls Universität | Zentralbibliothek Zürich | UB Weimar | Klassik Stiftung Weimar / Herzogin Anna Amalia Bibliothek | Kantonsbibliothek Vadiana St. Gallen | Freie Universität Berlin, Universitätsbibliothek, Zentralbibliothek | TU Berlin, Universitätsbibliothek | Deutsche Nationalbibliothek Leipzig | Humboldt-Universität zu Berlin, Universitätsbibliothek, Jacob-und-Wilhelm-Grimm-Zentrum | Universitätsbibliothek Regensburg	<p>Darja Serenko. <i>Mädchen und Institutionen.</i> Translated by Christiane Körner. Berlin: Suhrkamp, 2023.</p>	https://tamizdatproject.org/media/publication_images/maedchen-und-institutionen_9783518431375_cover.webp	German	Daria Serenko				Christiane Körner		Suhrkamp	
73813b45-f087-4d3e-88e2-e78b28420b75		https://tamizdatproject.org/publications/chicas-e-instituciones/	chicas-e-instituciones	Chicas e instituciones		Chicas e instituciones		2023	Madrid	Biblioteca de la Universidad Complutense de Madrid | Biblioteca Nacional de España | Centro de Documentación del Instituto de las Mujeres | Universidad de Navarra | Universidad de Granada. Biblioteca | Universitat de València | Universitat de Barcelona. CRAI	<p>Daria Serenko. <i>Chicas e instituciones</i>. Translated by Alexandra Rybalko Tokarenko. Madrid: Errata Naturae Editores, 2023.</p>	https://tamizdatproject.org/media/publication_images/Cubierta_Chicas-e-instituciones_web_DEF.png	Spanish	Daria Serenko				Aleksandra Rybalko Tokarenko		Errata Naturae Editores	
844b206a-9d72-4aa7-8601-c130be9b7dda		https://tamizdatproject.org/publications/jag-onskar-mitt-hem-aska/	jag-onskar-mitt-hem-aska	Jag önskar mitt hem aska		Jag önskar mitt hem aska		2023	Stockholm	LIBRIS	<p>Daria Serenko. <i>Jag önskar mitt hem aska</i>. Translated by Lida Starodubtseva. Stockholm: Ersatz, 2023.</p>	https://tamizdatproject.org/media/publication_images/9789188913869_766.jpeg	Swedish	Daria Serenko				Lida Starodubtseva		Ersatz	
d5800a65-c600-4fb6-b770-4e971f4c7bd8		https://tamizdatproject.org/publications/les-filles-et-les-institutions/	les-filles-et-les-institutions	Les filles et les institutions		Les filles et les institutions		2023	Caen	Université Bordeaux Montaigne | Sorbonne Université | Bibliothèque nationale de France | Université Toulouse Jean Jaurès | Bibliothèque Diderot | Université de Strasbourg	<p>Daria Serenko. <i>Les filles et les institutions</i>. Caen: Sampizdat, 2023.&nbsp;</p>	https://tamizdatproject.org/media/publication_images/lesfillesetlesinstitutions.png	French	Daria Serenko						Samizdat	
0a5774e7-0061-4f80-8e77-e397007c5e0c		https://tamizdatproject.org/publications/onnanoko-tachi-to-koteki-kikan/	onnanoko-tachi-to-koteki-kikan	女の子たちと公的機関	ロシアのフェミニストが目覚めるとき	Onnanoko tachi to kōteki kikan	Roshia no feminisuto ga mezameru toki	2023	Tokyo	Waseda University Library | National Diet Library | Toshokan Ryutsu Center Company Limited	<p>Daria Serenko. <i>女の子たちと公的機関 : ロシアのフェミニストが目覚めるとき</i>. &nbsp;Tokyo: Etosetorabukkusu, 2023.</p>	https://tamizdatproject.org/media/publication_images/serenko_japanese.jpeg	Japanese	Daria Serenko				Satoko Takayanagi		etc. books	
b714cb33-59a6-4d35-9e6f-2656910362b1		https://tamizdatproject.org/publications/flickor-och-institutioner/	flickor-och-institutioner	Flickor och institutioner		Flickor och institutioner		2022	Stockholm	LIBRIS	<p>Daria Serenko. <i>Flickor och institutioner.</i> &nbsp;Stockholm: <span style="background-color:rgb(255,255,255);color:rgb(58,42,47);">Ersatz, 2022.</span></p>	https://tamizdatproject.org/media/publication_images/bok-daria-serenko-flickor-och-institutioner-9789188913630.jpg	Swedish	Daria Serenko				Lida Starodubtseva		Ersatz	
f5590962-193a-4def-8bb9-334845728f60		https://tamizdatproject.org/publications/le-debutant/	le-debutant	Le Débutant		Le Débutant		2022	Paris	Bibliothèques de Shawinigan | Nantes Université | Université du Havre | Université de Tours | Université Bordeaux Montaigne | Sciences Po Paris | Université de la Sorbonne nouvelle | Université d'Orléans | Université de Pau et des Pays de l'Adour | Université de Bordeaux | Institut universitaire de technologie | Université de Lorraine | Bibliothèque Diderot - Fonds Russie - Europe médiane (Lyon) | Bibliothèque Diderot | Bibliothèque universitaire Lettres | BNUS - Bibliotheque Nationale Universitaire de Strasbourg | Bibliothèque de Nyon Adultes | Bibliothèque publique et scolaire du Léman - Renens | Université Savoie Mont Blanc | Bibliothèque cantonale et universitaire - Lausanne, site Riponne | Bibliothèque de Blonay-St-Légier | Université d'Aix-Marseille | Biblio de Brossard Georgette-Lepage | Bibliothèque et Archives nationales du Québec | Bibliothèques de Laval | Bibliothèque Montarville-Boucher-De La Bruère | Bibliothèque Paul-Mercier (Blainville) | Bibliothèque de Beloeil | Bibliothèque nationale de France | Toronto Public Library | BM Lyon | LIBRIS	<p>Sergueï Lebedev. <i>Le débutant</i>. Translated by Anne-Marie Tatsis-Botton. Paris: Éditions Noir sur Blanc, 2022.&nbsp;</p>	https://tamizdatproject.org/media/publication_images/9782882507761.jpg	French	Sergei Lebedev				Anne-Marie Tatsis-Botton		Éditions Noir sur Blanc	
f7e7495a-0bb1-4115-9ba6-957e9dc337ed		https://tamizdatproject.org/publications/un-fils-perdu/	un-fils-perdu	Un fils perdu		Un fils perdu		2022	Lausanne	Bibliothèque et Archives nationales du Québec | Bibliothèques de Laval | Bibliothèque Montarville-Boucher-De La Bruère | Toronto Public Library | Bibliothèque Paul-Mercier (Blainville) | Bibliothèque de Beloeil | Université Rennes 2 | Université de Tours | Université Bordeaux Montaigne | Université Paris Nanterre | Sorbonne Université | Bibliothèque nationale de France | Université de la Sorbonne nouvelle | Université Toulouse Jean Jaurès | Université Bourgogne Europe | Université de Lorraine | Bibliothèque Diderot - Fonds Russie - Europe médiane (Lyon) | Bibliothèque Diderot | BM Lyon | Bibliothèque scolaire et intercommunale de Terre Sainte | Bibliothèque cantonale et universitaire - Lausanne, site Riponne | Université d'Aix-Marseille | Kantonsbibliothek Vadiana St. Gallen	<p>Sacha Filipenko. <i>Un fils perdu</i>. Translated by Paul Lequesne, Philie Arnoux. Lausanne: Éditions Noir sur Blanc, 2022.</p>	https://tamizdatproject.org/media/publication_images/9782882507389.jpg	French	Sasha Filipenko				Paul Lequesne | Philie Arnoux		Éditions Noir sur Blanc	
c7c3f05b-a927-4014-8357-076e613bd67a		https://tamizdatproject.org/publications/vita-damen/	vita-damen	Vita damen		Vita damen		2022	Stockholm	None	<p>Sergej Lebedev. <i>Vita damen</i>. Translated by Ola Wallin. Stockholm: Ersatz, 2022.</p>	https://tamizdatproject.org/media/publication_images/vitadamen.jpeg	Swedish	Sergei Lebedev				Ola Wallin		Ersatz	
1296a3e3-3688-4f35-bf8f-b11bf75f0271		https://tamizdatproject.org/publications/roda-korset/	roda-korset	Röda korset		Röda korset		2021	Stockholm	LIBRIS	<p>Sasja Filipenko. <i>Röda korset</i>. Translated by Mikael Nydahl. Stockholm: Ersatz, 2021.</p>	https://tamizdatproject.org/media/publication_images/rodakorset.webp	Swedish	Sasha Filipenko				Mikael Nydahl		Ersatz	
